"Name","Rarity","Tribe","SightRange","DeployTime","ChargeRange","Speed","Hitpoints","HitSpeed","LoadTime","Damage","DamageSpecial","CrownTowerDamagePercent","LoadFirstHit","LoadAfterRetarget","StopTimeAfterAttack","StopTimeAfterSpecialAttack","Projectile","CustomFirstProjectile","MultipleProjectiles","MultipleTargets","AllTargetsHit","Range","MinimumRange","SpecialMinRange","SpecialRange","SpecialLoadTime","SpecialReadyEffect","SpecialIgnoreBuildings","SpecialAttacksToIgnoreList","AttacksGround","AttacksAir","DeathDamageRadius","DeathDamage","DeathPushBack","AttackPushBack","MeleePushback","LifeTime","ProjectileSpecial","ProjectileEffect","ProjectileEffectSpecial","AreaDamageRadius","TargetOnlyBuildings","TargetOnlyTroops","SpecialAttackInterval","BuffOnDamage","BuffOnDamageTime","StartingBuff","StartingBuffTime","Mesh","FileName","BlueExportName","BlueTopExportName","RedExportName","RedTopExportName","PrestigeSWF","PrestigeExportName","PrestigeExportName2","PrestigeExportName3","PrestigeRedExportName","PrestigeRedExportName2","PrestigeRedExportName3","UseAnimator","AttachedCharacter","AttachedCharacterHeight","DamageEffect","DamageEffectSpecial","DeathEffect","MoveEffect","LoopMoveEffect","SpawnEffect","SpawnEffectOnce","CrowdEffects","ShadowScaleX","ShadowScaleY","ShadowX","ShadowY","ShadowSkew","ShadowCustom","ShadowCustomLow","Pushback","IgnorePushback","Scale","CollisionRadius","Mass","TileSizeOverride","AreaBuff","AreaBuffTime","AreaBuffRadius","HealthBar","HealthBarOffsetY","ShowHealthNumber","FlyingHeight","FlyDirectPaths","FlyFromGround","DamageExportName","GrowTime","GrowSize","MorphCharacter","MorphEffect","HealOnMorph","AreaEffectOnMorph","MorphTime","MorphKeepTarget","AttackStartEffect","AttackStartEffectSpecial","DashImmuneToDamageTime","DashStartEffect","DashEffect","DashCooldown","JumpHeight","DashPushBack","DashRadius","DashDamage","DashFilter","DashConstantTime","DashLandingTime","LandingEffect","DashMinRange","DashMaxRange","DashDistance","DashOnlyOnce","DashingDamage","DashingPushback","JumpSpeed","ContinuousEffect","SpawnStartTime","SpawnInterval","SpawnNumber","SpawnLimit","DestroyAtLimit","SpawnPauseTime","SpawnCharacterLevelIndex","SpawnCharacter","SpawnCharacterLevelIndex2","SpawnCharacter2","SpawnCharacterLevelIndex3","SpawnCharacter3","SpawnProjectile","SpawnCharacterEffect","SpawnDeployBaseAnim","SpawnRadius","SpawnAttach","SpawnAttachMaxRotation","DeathSpawnDeployBaseAnim","DeathSpawnCount","DeathSpawnCharacter","DeathSpawnCount2","DeathSpawnCharacter2","DeathSpawnCharacter3","RandomizeDeathSpawn","DeathSpawnProjectile","DeathSpawnRadius","DeathSpawnMinRadius","SpawnAngleShift","SpawnMaxAngle","DeathSpawnDeployTime","DeathSpawnPushback","DeathAreaEffect","DeathInheritIgnoreList","Kamikaze","KamikazeTime","KamikazeEffect","SpawnPathfindSpeed","SpawnPathfindEffect","SpawnPathfindMorph","SpawnPushback","SpawnPushbackRadius","SpawnAreaObject","SpawnAreaObjectLevelIndex","ChargeEffect","TakeDamageEffect","ProjectileStartRadius","ProjectileStartZ","StopMovementAfterMS","WaitMS","DontStopMoveAnim","IsSummonerTower","NoDeploySizeW","NoDeploySizeH","TID","VariableDamage2","VariableDamageTime1","VariableDamage3","VariableDamageTime2","TargettedDamageEffect1","TargettedDamageEffect2","TargettedDamageEffect3","DamageLevelTransitionEffect12","DamageLevelTransitionEffect23","FlameEffect1","FlameEffect2","FlameEffect3","TargetEffectY","SelfAsAoeCenter","HidesWhenNotAttacking","HideTimeMs","HideBeforeFirstHit","SpecialAttackWhenHidden","TargetedHitEffect","TargetedHitEffectSpecial","TargetedEffectVisualPushback","UpTimeMs","HideEffect","AppearEffect","AppearPushbackRadius","AppearPushback","AppearAreaObject","ManaCollectAmount","ManaGenerateTimeMs","ManaGenerateLimit","ManaOnDeath","HasRotationOnTimeline","TurretMovement","ProjectileYOffset","ChargeSpeedMultiplier","DeployDelay","DeployBaseAnimExportName","JumpEnabled","SightClip","AreaEffectOnDash","SightClipSide","WalkingSpeedTweakPercentage","ShieldHitpoints","ShieldDiePushback","ShieldLostEffect","BlueShieldExportName","RedShieldExportName","LoadAttackEffect1","LoadAttackEffect2","LoadAttackEffect3","LoadAttackEffectReady","RotateAngleSpeed","DeployTimerDelay","RetargetAfterAttack","AttackShakeTime","VisualHitSpeed","Burst","BurstDelay","BurstKeepTarget","BurstAffectAnimation","ActivationTime","AttackDashTime","LoopingFilter","BuildingTarget","SpawnConstPriority","BuffWhenNotAttacking","BuffWhenNotAttackingTime","BuffWhenNotAttackingEffect","BuffWhenNotAttackingRemoveEffect","AreaEffectOnHit","AttackStateDamage","AttackStateEffect","SpeedBeforeAttack","MoveEffect2","DamageBuffOpponent","DamageBuffOpponentTime","DamageBuffOpponentRadius","DamageOpponentDamage","DamageBuffEffect","IgnoreTargetsWithBuff","DeprioritizeTargetsWithBuff","OverrideAttackFinishTime","AttackFinishTime","BuffOnKill","BuffOnKillTime","BuffOn50HP","BuffOn50HPTime","SuckElixirSpeed","DarkElixirRegenRate","CapturableBuilding","SightRangeForCharacters","AttackStateCount","NeutralObject"
"string","string","string","int","int","int","int","int","int","int","int","int","int","boolean","boolean","int","int","string","string","int","int","boolean","int","int","int","int","int","string","boolean","boolean","boolean","boolean","int","int","int","int","int","int","string","string","string","int","boolean","boolean","int","string","int","string","int","string","string","string","string","string","string","string","String","string","string","String","String","String","boolean","string","int","string","string","string","string","boolean","string","boolean","boolean","int","int","int","int","int","string","string","int","boolean","int","int","int","int","string","int","int","string","int","boolean","int","boolean","boolean","string","int","int","string","string","boolean","string","int","boolean","string","string","int","string","string","int","int","int","int","int","string","int","int","string","int","int","int","boolean","int","int","int","string","int","int","int","int","boolean","int","int","string","int","string","int","string","string","string","string","int","boolean","int","String","int","string","int","string","string","boolean","string","int","int","int","int","int","boolean","string","boolean","boolean","int","string","int","string","string","int","int","string","int","string","string","int","int","int","int","boolean","boolean","int","int","string","int","int","int","int","string","string","string","string","string","string","string","string","int","boolean","boolean","int","boolean","boolean","string","string","int","int","string","string","int","int","string","int","int","int","int","boolean","int","int","int","int","string","boolean","int","string","int","int","int","int","string","string","string","string","string","string","string","int","int","boolean","int","int","int","int","boolean","boolean","int","int","string","boolean","boolean","string","int","string","string","string","int","string","int","string","string","int","int","int","string","string","boolean","boolean","int","string","int","string","int","int","int","boolean","int","int","boolean"
"Knight","Common",,5500,1000,,60,652,1200,700,79,,,,,,,,,,,,1200,,,,,,,,"true",,,,,,,,,,,,,,,,,,,,"sc/chr_knight.sc","Knight",,"Knight_enemy",,"sc/chr_prestige4_dl.sc",,"Knight_prestige","Knight_prestige2",,,,"true",,,"knight_hit",,"knight_die","knight_steps",,"knight_deploy",,,85,85,,-10,35,,,,,98,500,6,,,,,"Medium",35,,,,,"filter_damage",,,,,,,,,"knight_attack_start",,,,,,,,,,,,,,,,,,,,,,,,,,,,,,,,,,,,,,,,,,,,,,,,,,,,,,,,,,,,,,,,,,,,450,450,,,,,,,"TID_SPELL_KNIGHT",,,,,,,,,,,,,,,,,,,,,,,,,,,,,,,,,,,,,"filter_deploy_unit_default",,,,,,,,,,,,,,,,,,,,,,,,,,,,,,,,,,,,,,,,,,,,,,,,,,,,,,,,
"Archer","Common",,5500,1000,,60,119,1200,1100,,,,,,,,"ArcherArrow",,,,,5000,,,,,,,,"true","true",,,,,,,,"ArcherAttack",,,,,,,,,,,"sc/chr_archer.sc","archer1",,"archer1_enemy",,"sc/chr_prestige6_dl.sc",,"archer_prestige",,,,,"true",,,,,"ArcherDie","ArcherSteps",,"ArcherDeploy",,,75,75,,-15,25,,,,,87,500,3,,,,,"Small",-10,,,,,"filter_damage",,,,,,,,,"ArcherAttackStart",,,,,,,,,,,,,,,,,,,,,,,,,,,,,,,,,,,,,,,,,,,,,,,,,,,,,,,,,,,,,,,,,,,,450,450,,,,,,,"TID_CHARACTER_ARCHER",,,,,,,,,,,,,,,,,,,,,,,,,,,,,,,,,,,,400,"filter_deploy_unit_default",,,,,,,,,,,,,,,,,,,,,,,,,,,,,,,,,,,,,,,,,,,,,,,,,,,,,,,,
"Goblin","Common",,5500,1000,,120,79,1100,900,47,,,,,,,,,,,,500,,,,,,,,"true",,,,,,,,,,,,,,,,,,,,"sc/chr_goblin.sc","goblin1",,"goblin1_enemy",,"sc/chr_prestige4_dl.sc",,"goblin_prestige","goblin_prestige2",,,,"true",,,"goblins_hit",,"goblins_die","goblins_steps",,"goblins_deploy",,,50,50,-5,5,35,,,,,100,500,2,,,,,"Small",,,,,,"filter_damage",,,,,,,,,"goblins_attack_start",,,,,,,,,,,,,,,,,,,,,,,,,,,,,,,,,,,,,,,,,,,,,,,,,,,,,,,,,,,,,,,,,,,,350,350,,,,,,,"TID_CHARACTER_GOBLIN",,,,,,,,,,,,,,,,,,,,,,,,,,,,,,,,,,,,400,"filter_deploy_unit_default",,,,,,,,,,,,,,,,,,,,,,,,,,,,,,,,,,,,,,,,,,,,,,,,,,,,,,,,
"Giant","Rare",,7500,1000,,45,1861,1500,1000,120,,,,,,,,,,,,1250,,,,,,,,"true",,,,,,,,,,,,"true",,,,,,,,"sc/chr_giant.sc","giant1",,"giant1_enemy",,"sc/chr_prestige3_dl.sc",,"giant_prestige",,,,,"true",,,"giant_hit",,"giant_die","giant_steps",,"giant_deploy",,"true",85,80,,,25,,,,"true",100,750,18,,,,,"High",,,,,,"filter_damage_wobble",,,,,,,,,"giant_attack_start",,,,,,,,,,,,,,,,,,,,,,,,,,,,,,,,,,,,,,,,,,,,,,,,,,,,,,,,,,,,,,,,,,,,450,450,640,100,,,,,"TID_SPELL_GIANT",,,,,,,,,,,,,,,,,,,,,,,,,,,,,,,,,,,,,"filter_deploy_unit_default",,2000,,2000,,,,,,,,,,,,,,,,,,,,,,,,,,,,,,,,,,,,,,,,,,,,,,,,,,,,
"Pekka","Epic",,5000,1000,,45,2600,1800,1300,510,,,,,,,,,,,,750,,,,,,,,"true",,,,,,,,,,,,,,,,,,,,"sc/chr_pekka.sc","pekka",,"pekka_enemy",,"sc/chr_prestige2_dl.sc",,"pekka_prestige",,,,,"true",,,"pekka_hit",,"pekka_die","pekka_steps",,"pekka_deploy",,"true",80,80,,,35,,,,"true",106,750,18,,,,,"Medium",,,,,,"filter_damage_wobble",,,,,,,,,"pekka_attack_start",,,,,,,,,,,,,,,,,,,,,,,,,,,,,,,,,,,,,,,,,,,,,,,,,,,,,,,,,,,,,,,,,,,,450,450,,,,,,,"TID_SPELL_PEKKA",,,,,,,,,,,,,,,,,,,,,,,,,,,,,,,,,,,,,"filter_deploy_unit_default",,,,,20,,,,,,,,,,,,,,,,,,,,,,,,,,,,,,,,,,,,,,,,,,,,,,,,,,,
"Minion","Common",,5500,1000,,90,90,1000,500,,,,,,,,"MinionSpit",,,,,1600,,,,,,,,"true","true",,,,,,,,"minion_attack",,,,,,,,,,,"sc/chr_minion.sc","minion1",,"minion1_enemy",,"sc/chr_prestige5_dl.sc",,"minion_prestige","minion_prestige2",,,,"true",,,,,"minion_die","minion_steps",,"minion_deploy","TRUE",,85,-60,,20,,,,,,85,500,2,,,,,"Small",,,1500,,,"filter_damage_wobble",,,,,,,,,"minion_attack_start",,,,,,,,,,,,,,,,,,,,,,,,,,,,,,,,,,,,,,,,,,,,,,,,,,,,,,,,,,,,,,,,,,,,450,450,,,,,,,"TID_CHARACTER_MINION",,,,,,,,,,,,,,,,,,,,,,,,,,,,,,,,,,,,400,"filter_deploy_unit_default",,,,,,,,,,,,,,,,,,,,,,,,,,,,,,,,,,,,,,,,,,,,,,,,,,,,,,,,
"Balloon","Epic",,7700,1000,,60,1050,3000,2800,600,,,,,,,,,,,,100,,,,,,,,"true",,,,,,,,,,,,"true",,,,,,,,"sc/chr_balloon.sc","balloon1",,"balloon1_enemy",,"sc/chr_prestige6_dl.sc",,"balloon_prestige","balloon_prestige2",,,,"true",,,"balloon_hit",,"balloon_die","balloon_steps",,"balloon_deploy",,,85,50,,-10,15,,,,,100,500,6,,,,,"Medium",,,3000,,,"filter_damage_wobble",,,,,,,,,"balloon_attack_start",,,,,,,,,,,,,,,,,,,,,,,,,,,,,,,,,,,,,,,,,,"BalloonBomb",,,,,,,,,,,,,,,,,,,,,,,,,,450,450,,,,,,,"TID_SPELL_BALLOON",,,,,,,,,,,,,,,,,,,,,,,,,,,,,,,,,,,,,"filter_deploy_unit_default",,,,2000,,,,,,,,,,,,,,,,,,,,,,,,,,,,,,,,,,,,,,,,,,,,,,,,,,,,
"Witch","Epic",,5500,1000,,60,592,1000,500,,,,,,,,"WitchProjectile",,,,,5000,,,,,,,,"true","true",,,,,,,,,,,,,,,,,,,"sc/chr_witch.sc","witch1",,"witch1_enemy",,"sc/chr_prestige2_dl.sc",,"witch1_prestige",,,,,"true",,,"witch_hit",,"witch_die","witch_steps",,"witch_deploy",,,80,80,,,35,,,,,100,500,4,,,,,"Medium",,,,,,"filter_damage",,,,,,,,,"witch_attack_start",,,,,,,,,,,,,,,,,,,,,,1000,300,3,,,4400,5,"Skeleton",,,,,,"witch_deploy_skeleton",,,,,,3,"Skeleton",,,,,,,,,,,,,,,,,,,,,,,,,,450,450,,,,,,,"TID_SPELL_WITCH",,,,,,,,,,,,,,,,,,,,,,,,,,,,,,,,,,,,,"filter_deploy_unit_default",,,,,,,,,,,,,,,,,,,,,,,,,,,,,,,,,,,,,,,,,,,,,,,,,,,,,,,,
"Skeleton","Common",,5500,1000,,90,32,1000,500,32,,,,,,,,,,,,500,,,,,,,,"true",,,,,,,,,,,,,,,,,,,,"sc/chr_skeleton.sc","skeleton1",,"skeleton1",,"sc/chr_prestige2_dl.sc",,"skeleton_prestige","skeleton_prestige2",,,,"true",,,"skeleton_hit",,"skeleton_die","skeleton_steps",,"skeleton_deploy",,,50,50,-5,5,35,,,,,130,500,1,,,,,"Small",,,,,,"filter_damage",,,,,,,,,"skeleton_attack_start",,,,,,,,,,,,,,,,,,,,,,,,,,,,,,,,,,,,,,,,,,,,,,,,,,,,,,,,,,,,,,,,,,,,350,350,,,,,,,"TID_CHARACTER_SKELETON",,,,,,,,,,,,,,,,,,,,,,,,,,,,,,,,,,,,400,"filter_deploy_unit_default",,,,,,,,,,,,,,,,,,,,,,,,,,,,,,,,,,,,,,,,,,,,,,,,,,,,,,,,
"Barbarian","Common",,5500,1000,,60,262,1400,1000,75,,,,,,,,,,,,700,,,,,,,,"true",,,,,,,,,,,,,,,,,,,,"sc/chr_barbarian.sc","barbarian1",,"barbarian1_enemy",,"sc/chr_prestige2_dl.sc",,"barbarian_prestige",,,,,"true",,,"barbarian_hit",,"barbarian_die","barbarian_steps",,"barbarian_deploy",,,85,85,,-10,35,,,,,95,500,4,,,,,"Medium",,,,,,"filter_damage",,,,,,,,,"barbarian_attack_start",,,,,,,,,,,,,,,,,,,,,,,,,,,,,,,,,,,,,,,,,,,,,,,,,,,,,,,,,,,,,,,,,,,,450,450,,,,,,,"TID_CHARACTER_BARBARIAN",,,,,,,,,,,,,,,,,,,,,,,,,,,,,,,,,,,,400,"filter_deploy_unit_default",,,,,-20,,,,,,,,,,,,,,,,,,,,,,,,,,,,,,,,,,,,,,,,,,,,,,,,,,,
"Golem","Epic",,7000,3000,,45,3200,2500,1500,195,,,,,,,,,,,,750,,,,,,,,"true","true",2000,195,1800,,,,,,,,"true",,,,,,,,"sc/chr_golem_dl.sc","golem1",,"golem1_red",,"sc/chr_golem_dl.sc",,"golem1_prestige",,,,,"true",,,"golem_hit",,"golem_die","golem_steps",,"golem_deploy",,"true",85,85,,-15,25,,,,"true",130,750,20,,,,,"High",,,,,,"filter_damage",,,,,,,,,"golem_attack_start",,,,,,,,,,,,,,,,,,,,,"golem_cont_effect",,,,,,,,,,,,,,,,,,,,2,"Golemite",,,,,,1500,,,,,"true",,,,,,,,,,,,,,,450,450,1000,200,"true",,,,"TID_SPELL_GOLEM",,,,,,,,,,,,,,,,,,,,,,,,,,,,,,,,,,,,,"filter_deploy_unit_default",,2000,,2000,15,,,,,,,,,,,,,,,,,,,,,,,,,,,,,,,,,,,,,,,,,,,,,,,,,,,
"Golemite","Epic",,7000,1000,,45,650,2500,1500,40,,,,,,,,,,,,250,,,,,,,,"true","true",2000,40,900,,,,,,,,"true",,,,,,,,"sc/chr_golemite.sc","golemite",,"golemite_red",,"sc/chr_prestige_dl.sc",,"golemite_prestige",,,,,"true",,,"small_golem_hit",,"small_golem_die","golem_steps",,"small_golem_deploy",,,50,50,-5,5,35,,,,,120,500,6,,,,,"Medium",,,,,,"filter_damage",,,,,,,,,"small_golem_attack_start",,,,,,,,,,,,,,,,,,,,,,,,,,,,,,,,,,,,,,,,,,,,,,,,,,,,,,,,,,,,,,,,,,,,350,350,,,,,,,"TID_CHARACTER_SMALL_GOLEM",,,,,,,,,,,,,,,,,,,,,,,,,,,,,,,,,,,,,"filter_deploy_unit_default",,2000,,2000,,,,,,,,,,,,,,,,,,,,,,,,,,,,,,,,,,,,,,,,,,,,,,,,,,,,
"Valkyrie","Rare",,5500,1000,,60,940,1500,1400,126,,,,,,,,,,,,1200,,,,,,,,"true",,,,,,,,,,,2400,,,,,,,,,"sc/chr_valkyrie.sc","valkyrie1",,"valkyrie1_enemy",,"sc/chr_prestige2_dl.sc",,"valkyrie1_prestige",,,,,"true",,,"valkyrie_hit",,"valkyrie_die","valkyrie_steps",,"valkyrie_deploy",,,85,80,,,25,,,,,140,500,5,,,,,"Medium",,,,,,"filter_damage",,,,,,,,,"valkyrie_attack_start",,,,,,,,,,,,,,,,,,,,,,,,,,,,,,,,,,,,,,,,,,,,,,,,,,,,,,,,,,,,,,,,,,,,450,450,,,,,,,"TID_CHARACTER_VALKYRIE",,,,,,,,,,,,,,"true",,,,,,,,,,,,,,,,,,,,,,,"filter_deploy_unit_default",,,,,,,,,,,,,,,,,,,,,,,,,,,,,,,,,,,,,,,,,,,,,"TRUE",100,,,,,,,,,,
"Bomber","Common",,5500,1000,,60,188,1900,1700,,,,,,,,"BombSkeletonProjectile",,,,,5000,,,,,,,,"true",,,,,,,,,"bomber_attack",,,,,,,,,,,"sc/chr_bomber.sc","chr_bomber",,"chr_bomber_RED",,"sc/chr_prestige_dl.sc",,,,,,,"true",,,,,"bomber_die","bomber_steps",,"bomber_deploy",,,50,50,-5,5,35,,,,,100,500,4,,,,,"Small",,,,,,"filter_damage",,,,,,,,,"bomber_attack_start",,,,,,,,,,,,,,,,,,,,,,,,,,,,,,,,,,,,,,,,,,,,,,,,,,,,,,,,,,,,,,,,,,,,350,350,,,,,,,"TID_SPELL_BOMBER",,,,,,,,,,,,,,,,,,,,,,,,,,,,,,,,,,,,,"filter_deploy_unit_default",,,,,-10,,,,,,,,,,,,,,,,,,,,,,,,,,,,,,,,,,,,,,,,,,,,,,,,,,,
"Musketeer","Rare",,6000,1000,,60,340,1100,600,,,,,,,,"MusketeerProjectile",,,,,6000,,,,,,,,"true","true",,,,,,,,"musketeer_attack",,,,,,,,,,,"sc/chr_musketeer.sc","chr_musketeer_blue",,"chr_musketeer",,"sc/chr_prestige2_dl.sc",,"musketeer_prestige2",,,,,"true",,,"musketeer_hit",,"musketeer_die","musketeer_steps",,"musketeer_deploy",,,80,80,,-10,35,,,,,100,500,5,,,,,"Medium",,,,,,"filter_damage",,,,,,,,,"musketeer_attack_start",,,,,,,,,,,,,,,,,,,,,,,,,,,,,,,,,,,,,800,,,,,,,,,,,,,,,,,,,,,,,,,,,,,,,450,450,,,,,,,"TID_CHARACTER_MUSKETEER",,,,,,,,,,,,,,,,,,,,,,,,,,,,,,,,,,,,300,"filter_deploy_unit_default",,,,,,,,,,,,,,,,,,,,,,,,,,,,,,,,,,,,,,,,,,,,,,,,,,,,,,,,
"BabyDragon","Epic",,5500,1000,,90,800,1500,1200,,,,,,,,"BabyDragonProjectile",,,,,3500,,,,,,,,"true","true",,,,,,,,"dragon_attack_start",,,,,,,,,,,"sc/chr_baby_dragon.sc","baby_dragon",,"baby_dragon_enemy",,"sc/chr_prestige6_dl.sc",,"baby_dragon_prestige",,,,,"true",,,,,"baby_dragon_die","baby_dragon_steps",,"baby_dragon_deploy",,,85,-60,,20,,,,,,100,500,5,,,,,"High",,,3500,,,"filter_damage_wobble",,,,,,,,,"baby_dragon_attack_start",,,,,,,,,,,,,,,,,,,,,,,,,,,,,,,,,,,,,,,,,,,,,,,,,,,,,,,,,,,,,,,,,,,,500,1900,,,,,,,"TID_SPELL_BABY_DRAGON",,,,,,,,,,,,,,,,,,,,,,,,,,,,,,,,,,,,,"filter_deploy_unit_default",,,,,,,,,,,,,,,,,,,,,,,,,,,,,,,,,,,,,,,,,,,,,,,,,,,,,,,,
"MiniPekka","Rare",,5500,1000,,90,642,1800,1300,340,,,,,,,,,,,,1200,,,,,,,,"true",,,,,,,,,,,,,,,,,,,,"sc/chr_mini_pekka.sc","minipekka",,"minipekka_red",,"sc/chr_prestige5_dl.sc",,"minipekka_prestige",,,,,"true",,,"mini_pekka_hit",,"mini_pekka_die","mini_pekka_steps",,"mini_pekka_deploy",,,80,80,,,35,,,,,100,450,4,,,,,"Medium",,,,,,"filter_damage",,,,,,,,,"mini_pekka_attack_start",,,,,,,,,,,,,,,,,,,,,,,,,,,,,,,,,,,,,,,,,,,,,,,,,,,,,,,,,,,,,,,,,,,,450,450,,,,,,,"TID_SPELL_MINIPEKKA",,,,,,,,,,,,,,,,,,,,,,,,,,,,,,,,,,,,,"filter_deploy_unit_default",,,,,,,,,,,,,,,,,,,,,,,,,,,,,,,,,,,,,,,,,,,,,,,,,,,,,,,,
"Wizard","Rare",,5500,1000,,60,340,1400,1000,,,,,,,,"chr_wizardProjectile",,,,,5500,,,,,,,,"true","true",,,,,,,,,,,,,,,,,,,"sc/chr_wizard.sc","wizard1",,"wizard1_red",,"sc/chr_prestige2_dl.sc",,"wizard_prestige",,,,,"true",,,"chr_wizard_hit",,"chr_wizard_die","chr_wizard_steps",,"chr_wizard_deploy",,,80,80,,,35,,,,,87,500,5,,,,,"Medium",-18,,,,,"filter_damage",,,,,,,,,"chr_wizard_attack_start",,,,,,,,,,,,,,,,,,,,,,,,,,,,,,,,,,,,,,,,,,,,,,,,,,,,,,,,,,,,,,,,,,,,550,1500,,,,,,,"TID_SPELL_WIZARD",,,,,,,,,,,,,,,,,,,,,,,,,,,,,,,,,,,,,"filter_deploy_unit_default",,,,,-10,,,,,,,,,,,,,,,,,,,,,,,,,,,,,,,,,,,,,,,,,,,,,,,,,,,
"Prince","Epic",,5500,1000,350,60,1215,1400,900,245,490,,,,,,,,,,,1600,,,,,,,,"true",,,,,,,,,,,,,,,,,,,,"sc/chr_prince.sc","Prince",,"Prince_red",,"sc/chr_prestige_dl.sc",,,,,,,"true",,,"prince_hit","prince_charge_hit","prince_die","prince_steps",,"prince_deploy",,,80,80,,,35,,,,"true",92,600,6,,,,,"Medium",,,,,,"filter_damage_wobble",,,,,,,,,"prince_attack_start",,,,,,,,,,,,,,,,,,,,,,,,,,,,,,,,,,,,,,,,,,,,,,,,,,,,,,,,,,,,,,,,,,"prince_charge",,,,,,,,,,"TID_SPELL_PRINCE",,,,,,,,,,,,,,,,,,,,,,,,,,,,,,,,,,,200,,"filter_deploy_unit_default",,,,,,,,,,,,,,,,,,,,,,,,,,,,,,,,,,,,,,,,,,,,,,,,,,,,,,,,
"SpearGoblin","Common",,5500,1000,,120,52,1700,1200,,,,,,,,"SpearGoblinProjectile",,,,,5000,,,,,,,,"true","true",,,,,,,,"spear_goblin_attack",,,,,,,,,,,"sc/chr_goblin_archer.sc","goblinArcher_blue",,"goblinArcher",,"sc/chr_prestige_dl.sc",,"spear_goblin_prestige","spear_goblin_prestige2",,,,"true",,,,,"spear_goblin_die","spear_goblin_steps",,"spear_goblin_deploy",,,75,75,,-15,25,,,,,133,500,1,,,,,"Small",-10,,,,,"filter_damage",,,,,,,,,"spear_goblin_attack_start",,,,,,,,,,,,,,,,,,,,,,,,,,,,,,,,,,,,,,,,,,,,,,,,,,,,,,,,,,,,,,,,,,,,,600,,,,,,,"TID_CHARACTER_SPEAR_GOBLIN",,,,,,,,,,,,,,,,,,,,,,,,,,,,,,,,,,,,400,"filter_deploy_unit_default",,,,,,,,,,,,,,,,,,,,,,,,,,,,,,,,,,,,,,,,,,,,,,,,,,,,,,,,
"GiantSkeleton","Epic",,5000,1000,,60,2100,1500,1200,130,,,,,,,,,,,,800,,,,,,,,"true",,,,,,,,,,,,,,,,,,,,"sc/chr_giant_skeleton.sc","giant_skeleton",,"giant_skeleton_enemy",,"sc/chr_prestige4_dl.sc",,"giant_skeleton_prestige","giant_skeleton_prestige2",,"giant_skeleton_prestige_red","giant_skeleton_prestige_red2","true",,,"giant_skeleton_hit",,"giant_skeleton_die","giant_skeleton_steps",,"giant_skeleton_deploy",,"true",50,50,-5,5,35,,,,"true",105,1000,18,,,,,"High",,,,,,"filter_damage_wobble",,,,,,,,,"giant_skeleton_attack_start",,,,,,,,,,,,,,,,,,,,,,,,,,,,,,,,,,,,,,,,,1,"GiantSkeletonBomb",,,,,,,,,,,,,,,,,,,,,,,,,,450,450,,,,,,,"TID_SPELL_GIANT_SKELETON",,,,,,,,,,,,,,,,,,,,,,,,,,,,,,,,,,,,,"filter_deploy_unit_default",,,,,-12,,,,,,,,,,,,,,,,,,,,,,,,,,,,,,,,,,,,,,,,,,,,,,,,,,,
"HogRider","Rare",,9500,1000,,120,800,1600,1000,150,,,,,,,,,,,,800,,,,,,,,"true",,,,,,,,,,,,"true",,,,,,,,"sc/chr_hog_rider.sc","hog_rider",,"hog_rider_red",,"sc/chr_prestige4_dl.sc",,"hog_rider_prestige","hog_rider_prestige2",,,,"true",,,"hog_rider_hit",,"hog_rider_die","hog_rider_steps",,"hog_rider_deploy",,,85,85,,-10,35,,,,,95,600,4,,,,,"Medium",-15,,,,,"filter_damage",,,,,,,,,"hog_rider_attack_start",,,,,,4000,,,,,,,"hog_rider_landing",,,,,,,160,,,,,,,,,,,,,,,,,,,,,,,,,,,,,,,,,,,,,,,,,,,,,,,,450,450,,,,,,,"TID_SPELL_HOG_RIDER",,,,,,,,,,,,,,,,,,,,,,,,,,,,,,,,,,,,400,"filter_deploy_unit_default","true",4000,,4000,,,,,,,,,,,,,,,,,,,,,,,,,,,,,,,,,,,,,,,,,,,,,,,,,,,,
"TowerPrincess","Common",,5500,1000,,60,5,1200,1000,,,,,,,,"TowerPrincessProjectile",,,,,5000,,,,,,,,"true","true",,,,,,,,"ArcherAttack",,,,,,,,,,,"sc/chr_princess.sc","princess_tower",,"princess_tower_red",,,,,,,,,"true",,,,,"ArcherDie","ArcherSteps",,"ArcherDeploy",,,75,75,,-15,25,,,,,100,500,3,,,,,"Small",-10,,,,,"filter_damage",,,,,,,,,"ArcherAttackStart",,,,,,,,,,,,,,,,,,,,,,,,,,,,,,,,,,,,,,,,,,,,,,,,,,,,,,,,,,,,,,,,,,,,450,450,,,,,,,"TID_CHARACTER_ARCHER",,,,,,,,,,,,,,,,,,,,,,,,,,,,,,,,,,,,400,"filter_deploy_unit_default",,,,,,,,,,,,,,,,,,,,,,,,,,,,,,,,,,,,,,,,,,,,,,,,,,,,,,,,
"IceWizard","Legendary",,5500,1000,,60,590,1700,1200,,,,,,,,"ice_wizardProjectile",,,,,5500,,,,,,,,"true","true",,,,,,,,,,,,,,,,,,,"sc/chr_ice_wizard.sc","ice_wizard",,"ice_wizard_red",,"sc/chr_prestige2_dl.sc",,,,,,,"true",,,,,"ice_wizard_die","ice_wizard_steps",,"ice_wizard_deploy",,,80,80,,,35,,,,,100,500,5,,,,,"Medium",-8,,,,,"filter_damage",,,,,,,,,"ice_wizard_attack_start",,,,,,,,,,,,,,,,,,,,,,,,,,,,,,,,,,,,,,,,,,,,,,,,,,,,,,,,,,,,,,,,,,,,550,1500,,,,,,,"TID_SPELL_ICE_WIZARD",,,,,,,,,,,,,,,,,,,,,,,,,,,,,,,,,,,,,"filter_deploy_unit_legendary",,,,,-26,,,,,,,,,,,,,,,,,,,,,,,,,,,,,,,,,,,,,,,,,,,,,,,,,,,
"RoyalGiant","Common",,7500,1000,,45,1200,1700,1000,,,,,,,,"RoyalGiantProjectile",,,,,5000,,,,,,,,"true",,,,,,,,,"royal_giant_projectile_fx",,,"true",,,,,,,,"sc/chr_royal_giant.sc","royalGiant",,"royalGiant_red",,"sc/chr_prestige_dl.sc",,"royal_giant_prestige",,,,,"true",,,,,"royal_giant_die","royal_giant_steps",,"royal_giant_deploy",,"true",85,80,,,25,,,,"true",100,750,18,,,,,"High",,,,,,"filter_damage_wobble",,,,,,,,,"royal_giant_attack_start",,,,,,,,,,,,,,,,,,,,,,,,,,,,,,,,,,,,,,,,,,,,,,,,,,,,,,,,,,,,,,,,,,,,1200,2900,640,100,,,,,"TID_SPELL_ROYAL_GIANT",,,,,,,,,,,,,,,,,,,,,,,,,,,,,,,,,,,,,"filter_deploy_unit_default",,2000,,2000,,,,,,,,,,,,,,,,,,,,,,,,,,,,,,,,,,,,,,,,,,,,,,,,,,,,
"Princess","Legendary",,9500,1000,,60,216,3000,2500,,,,,,,,"PrincessProjectileDeco","PrincessProjectile",5,,,9000,,,,,,,,"true","true",,,,,,,,"princess_attack",,2500,,,,,,,,,"sc/chr_princess.sc","princess",,"princess_red",,"sc/chr_prestige_dl.sc",,,,,,,"true",,,,,"princess_die","princess_steps",,"princess_deploy",,,75,75,,-15,25,,,,,100,500,3,,,,,"Small",-10,,,,,"filter_damage",,,,,,,,,"princess_attack_start",,,,,,,,,,,,,,,,,,,,,,,,,,,,,,,,,,,,,,,,,,,,,,,,,,,,,,,,,,,,,,,,,,,,450,450,,,,,,,"TID_CHARACTER_PRINCESS",,,,,,,,,,,,,,,,,,,,,,,,,,,,,,,,,,,,400,"filter_deploy_unit_legendary",,,,,,,,,,,,,,,,,,,,,,,,,,,,,,,,,,,,,,,,,,,,,"TRUE",200,,,,,,,,,,
"DarkPrince","Epic",,5500,1000,350,60,775,1300,900,155,310,,,,,,,,,,,1200,,,,,,,,"true",,,,,,,,,,,1200,,,,,,,,,"sc/chr_black_knight.sc","BlackKnight_blue",,"BlackKnight_red",,"sc/chr_prestige_dl.sc",,,,,,,"true",,,"dark_prince_hit","dark_prince_charge_hit","dark_prince_die","dark_prince_steps",,"dark_prince_deploy",,,85,85,,-10,35,,,,"true",92,600,6,,,,,"Shield",-8,,,,,"filter_damage",,,,,,,,,"dark_prince_attack_start",,,,,,,,,,,,,,,,,,,,,,,,,,,,,,,,,,,,,,,,,,,,,,,,,,,,,,,,,,,,,,,,,,"dark_prince_charge",,450,450,,,,,,,"TID_CHARACTER_DARK_PRINCE",,,,,,,,,,,,,,,,,,,,,,,,,,,,,,,,,,,200,,"filter_deploy_unit_default",,,,,,150,,"GuardShieldDown","BlackKnight_shield_blue","BlackKnight_shield_red",,,,,,,,,,,,,,,,,,,,,,,,,,,,,,,,,,,,,,,,,,,,,,
"SkeletonWarrior","Epic",,5500,1000,,90,68,1100,700,68,,,,,,,,,,,,1600,,,,,,,,"true",,,,,,,,,,,,,,,,,,,,"sc/chr_skeleton_warrior.sc","skeletonWarrior_blue",,"skeletonWarrior",,"sc/chr_prestige_dl.sc",,"skeletonwarrior_prestige",,,,,"true",,,"skeleton_warrior_hit",,"skeleton_warrior_die","skeleton_warrior_steps",,"skeleton_warrior_deploy",,,50,50,-5,5,35,,,,,95,500,1,,,,,"Shield_small",-10,,,,,"filter_damage",,,,,,,,,"skeleton_warrior_attack_start",,,,,,,,,,,,,,,,,,,,,,,,,,,,,,,,,,,,,800,,,,,,,,,,,,,,,,,,,,,,,,,,,,,,,350,350,,,,,,,"TID_CHARACTER_SKELETON_WARRIOR",,,,,,,,,,,,,,,,,,,,,,,,,,,,,,,,,,,,400,"filter_deploy_unit_default",,,,,,150,,"skeleton_warrior_lose_shield","skeletonWarrior_blue_shield","skeletonWarrior_shield",,,,,,,,,,,,,,,,,,,,,,,,,,,,,,,,,,,,,,,,,,,,,,
"LavaHound","Legendary",,5500,1000,,45,3150,1300,300,,,,,,,,"LavaHoundProjectile",,,,,2000,,,,,,,,"true","true",,,,,,,,"lava_hound_attack_start",,,"true",,,,,,,,"sc/chr_lava_hound.sc","lava_hound",,"lava_hound_red",,"sc/chr_prestige5_dl.sc",,"lava_hound_prestige",,,,,"true",,,,,"lava_hound_die","lava_hound_steps",,"lava_hound_deploy",,"true",85,-60,,20,,,,,"true",100,750,5,,,,,"High",,,4000,,,"filter_damage_wobble",,,,,,,,,,,,,,,,,,,,,,,,,,,,,,,,,,,,,,,,,,,,,,,,,,6,"LavaPups",,,,,,2500,,,,,"true",,,,,,,,,,,,,,,1000,1800,,,,,,,"TID_SPELL_LAVA_HOUND",,,,,,,,,,,,,,,,,,,,,,,,,,,,,,,,,,,,,"filter_deploy_unit_legendary",,,,,,,,,,,,,,,,,,,,,,,,,,,,,,,,,,,,,,,,,,,,,,,,,,,,,,,,
"LavaPups","Legendary",,5500,1000,,60,179,1000,200,,,,,,,,"LavaPupProjectile",,,,,2000,,,,,,,,"true","true",,,,,,,,"lava_pups_attack_start",,,,,,,,,,,"sc/chr_lava_pups.sc","lava_pups",,"lava_pups",,"sc/chr_prestige_dl.sc",,,,,,,"true",,,,,"lava_pups_die","lava_pups_steps",,"lava_pups_deploy",,,85,-60,,20,,,,,,80,450,5,,,,,"Small",,,3500,,,"filter_damage_wobble",,,,,,,,,,,,,,,,,,,,,,,,,,,,,,,,,,,,,,,,,,,,,,,,,,,,,,,,,,,,,,,,,,,,,,,,,,,,,500,100,,,,,,,"TID_CHARACTER_LAVA_PUPS",,,,,,,,,,,,,,,,,,,,,,,,,,,,,,,,,,,,,"filter_deploy_unit_default",,,,,,,,,,,,,,,,,,,,,,,,,,,,,,,,,,,,,,,,,,,,,,,,,,,,,,,,
"RageBarbarian","Legendary",,5500,1000,,120,1060,700,300,200,,,,,,,,,,,,700,,,,,,,,"true",,,,,,,,,,,,,,,,,,,,"sc/chr_rage_barbarian.sc","rage_barbarian",,"rage_barbarian_red",,"sc/chr_prestige_dl.sc",,,,,,,"true",,,"ragebarbarian_hit",,"barbarian_die","ragebarbarian_steps",,"ragebarbarian_deploy",,,85,85,,-10,35,,,,,100,500,4,,,,,"Medium",,,,,,"filter_damage",,,,,,,,,"ragebarbarian_attack_start",,,,,,,,,,,,,,,,,,,,,,,,,,,,,,,,,,,,,,,,,,"RageBarbarianBottle",,,,,,,,,,,,,,,,,,,,,,,,,,450,450,,,,,,,"TID_CHARACTER_RAGE_BARBARIAN",,,,,,,,,,,,,,,,,,,,,,,,,,,,,,,,,,,,400,,,,,,-20,,,,,,,,,,,,,,,,,,,,,,,,,,,,,,,,,,,,,,,,,,,,,,,,,,,
"IceSpirits","Common",,5500,1000,,120,90,300,100,,,,,,,,"IceSpiritsProjectile",,,,,2500,,,,,,,,"true","true",,,,,,,,"icespirit_attack",,,,,,,,,,,"sc/chr_ice_spirits.sc","icespirit",,"icespirit",,"sc/chr_prestige_dl.sc",,,,,,,"true",,,,,"icespirit_die","icespirit_steps",,"icespirit_deploy",,,75,75,,-15,25,,,,,100,400,1,,,,,"Small",-10,,,,,"filter_damage",,,,,,,,,,,,,,,,,,,,,,,,,,,,,,"icespirit_continuous_fx",,,,,,,,,,,,,,,,650,,,,,,,,,,,,,,,,,,,"true",,,,,,,,,,,,,,,,,,,,"TID_CHARACTER_ICE_SPIRITS",,,,,,,,,,,,,,,,,,,,,,,,,,,,,,,,,,,,400,"filter_deploy_unit_default",,,,,,,,,,,,,,,,,,,,,,,,,,,,,,,,,,,,,,,,,,,,,,,,,,,,,,,,
"FireSpirits","Common",,5500,1000,,120,43,300,100,,,,,,,,"FireSpiritsProjectile",,,,,2000,,,,,,,,"true","true",,,,,,,,"firespirit_attack",,,,,,,,,,,"sc/chr_fire_firespirit.sc","firespirit",,"firespirit",,"sc/chr_prestige_dl.sc",,,,,,,"true",,,,,"firespirit_die","firespirit_steps",,"firespirit_deploy",,,75,75,,-15,25,,,,,120,400,1,,,,,"Small",-10,,,,,"filter_damage",,,,,,,,,,,,,,,,,,,,,,,,,,,,,,"firespirit_continuous_fx",,,,,,,,,,,,,,,,650,,,,,,,,,,,,,,,,,,,"true",,,,,,,,,,,,,,,,,,,,"TID_CHARACTER_FIRE_SPIRITS",,,,,,,,,,,,,,,,,,,,,,,,,,,,,,,,,,,,400,"filter_deploy_unit_default",,,,,,,,,,,,,,,,,,,,,,,,,,,,,,,,,,,,,,,,,,,,,,,,,,,,,,,,
"Miner","Legendary",,5500,1000,,90,1000,1200,700,160,,-60,,,,,,,,,,1200,,,,,,,,"true",,,,,,,,,,,,,,,,,,,,"sc/chr_miner.sc","miner_blue",,"miner_red",,"sc/chr_prestige_dl.sc",,,,,,,"true",,,"miner_hit",,"miner_die","miner_steps",,"miner_deploy",,,85,85,,-10,35,,,,,100,500,6,,,,,"Medium",-10,,,,,"filter_damage",,,,,,,,,"miner_attack_start",,,,,,,,,,,,,,,,,,,,,,,,,,,,,,,,,,,,,,,,,,,,,,,,,,,,,,,,,,,650,"miner_travel_effect",,,,,,,,450,450,,,,,,,"TID_SPELL_MINER",,,,,,,,,,,,,,,,,,,,,,,,,,,,,,,,,,,,,"filter_deploy_unit_miner",,,,,20,,,,,,,,,,,,,,,,,,,,,,,,,,,,,,,,,,,,,,,,,,,,,,,,,,,
"ZapMachine","Legendary",,5000,1000,,45,1200,4000,3500,,,,"true",,,,"ZapMachineProjectile",,,,,5000,,,,,,,,"true",,,,,750,,,,"zapmachine_attack","zapmachine_attack",,,,,,,,,,"sc/chr_zap_machine.sc","ZapMachine_Blue",,"ZapMachine",,"sc/chr_prestige_dl.sc",,,,,,,"true",,,,,"zapmachine_die","zapmachine_steps",,"zapmachine_deploy",,"true",100,-90,-8,15,-15,,,,"true",85,1000,18,,,,,"Medium",-10,,,,,,,,,,,,,,,,,,,,,,,,,,,,,,,,,,,,,,,,,,,,,,,,,,,,,,,,,,,,,,,,,,,,,,,,,,,,,,,,,,1200,1800,,,,,,,"TID_SPELL_ZAPMACHINE",,,,,,,,,,,,,,,,,,,,,,,,,,,,,,,,,,,,,"filter_deploy_unit_legendary",,,,,,,,,,,"zapmachine_load_weapon_1","zapmachine_load_weapon_2","zapmachine_load_weapon_3","zapmachine_load_weapon",600,,,,,,,,,,,,,,,,,,,,,,,,,,,,,,,,,,,,,,,,,
"Bowler","Epic",,5500,1000,,45,1200,2500,2000,,,,,,,,"BowlerProjectile",,,,,5000,,,,,,,,"true",,,,,,,,,,,,,,,,,,,,"sc/chr_bowler.sc","bowler_blue",,"bowler_red",,"sc/chr_prestige3_dl.sc",,"bowler_blue_prestige",,,,,"true",,,,,"bowler_die","bowler_steps",,"bowler_deploy",,"true",85,80,,,25,,,,"true",118,750,18,,,,,"High",,,,,,"filter_damage_wobble",,,,,,,,,"bowler_attack_start",,,,,,,,,,,,,,,,,,,,,,,,,,,,,,,,,,,,,,,,,,,,,,,,,,,,,,,,,,,,,,,,,,,,1000,1000,,,,,,,"TID_SPELL_BOWLER",,,,,,,,,,,,,,,,,,,,,,,,,,,,,,,,,,,,,"filter_deploy_unit_default",,,,,,,,,,,,,,,,,,,,,,,,,,,,,,,,,,,,,,,,,,,,,"TRUE",150,,,,,,,,,,
"IceGolemite","Rare",,7000,1000,,45,565,2500,1500,40,,,,,,,,,,,,750,,,,,,,,"true","true",2000,40,,,,,,,,,"true",,,,,,,,"sc/chr_snowman.sc","snowman_blue",,"snowman_red",,"sc/chr_prestige_dl.sc",,,,,,,"true",,,"snowman_hit",,"snowman_die","snowman_steps",,"snowman_deploy",,,50,50,-5,5,35,,,,,100,700,6,,,,,"Medium",,,,,,"filter_damage",,,,,,,,,"snowman_attack_start",,,,,,,,,,,,,,,,,,,,,,,,,,,,,,,,,,,,,1000,,,,,,,,,,,,,,,,,"FreezeIceGolemite",,,,,,,,,,,,,,350,350,470,80,"true",,,,"TID_CHARACTER_SMALL_GOLEM",,,,,,,,,,,,,,,,,,,,,,,,,,,,,,,,,,,,,"filter_deploy_unit_default",,2000,,2000,,,,,,,,,,,,,,,,,,,,,,,,,,,,,,,,,,,,,,,,,,,,,,,,,,,,
"MegaMinion","Rare",,5500,1000,,60,395,1600,1200,,,,,,,,"MegaMinionSpit",,,,,1600,,,,,,,,"true","true",,,,,,,,"royal_minion_attack",,,,,,,,,,,"sc/chr_mega_minion.sc","mega_minion",,"mega_minion_red",,"sc/chr_prestige5_dl.sc",,"mega_minion_prestige",,,,,"true",,,,,"royal_minion_die","royal_minion_steps",,"royal_minion_deploy",,,80,80,,,35,,,,,110,600,6,,,,,"Medium",,,1500,,,"filter_damage",,,,,,,,,"royal_minion_attack_start",,,,,,,,,,,,,,,,,,,,,,,,,,,,,,,,,,,,,,,,,,,,,,,,,,,,,,,,,,,,,,,,,,,,450,450,,,,,,,"TID_CHARACTER_MEGAMINION",,,,,,,,,,,,,,,,,,,,,,,,,,,,,,,,,,,,,"filter_deploy_unit_default",,,,,,,,,,,,,,,,,,,,,,,,,,,,,,,,,,,,,,,,,,,,,,,,,,,,,,,,
"InfernoDragon","Legendary",,5500,1000,,60,1070,400,1200,30,,,,,,,,,,,,3500,,,,,,,,"true","true",,,,,,,,"inferno_dragon_attack",,,,,,,,,,,"sc/chr_baby_dragon.sc","inferno_dragon",,"inferno_dragon_red",,"sc/chr_prestige_dl.sc",,"inferno_dragon_prestige","inferno_dragon_prestige2",,,,"true",,,"inferno_hit_effect",,"inferno_dragon_die","inferno_dragon_steps",,"inferno_dragon_deploy",,"true",85,-60,,20,,,,,,115,500,5,,,,,"Medium",-12,,4000,,,,,,,,,,,,"inferno_dragon_attack_start",,,,,,,,,,,,,,,,,,,,,,,,,,,,,,,,,,,,,,,,,,,,,,,,,,,,,,,,,,,,,,,,,,,,450,450,,,,,,,"TID_CHARACTER_INFERNO_DRAGON",100,2000,350,2000,"inferno_dragon_beam_lvl1","inferno_dragon_beam_lvl2","inferno_dragon_beam_lvl3",,,"inferno_dragon_muzzle","inferno_dragon_muzzle_stage2","inferno_dragon_muzzle_stage3",-20,,,,,,,,,,,,,,,,,,,,,,,,"filter_deploy_unit_legendary",,,,,,,,,,,,,,,,,,,1200,,,,,,,,,,,,,,,,,,,,,,,,,,,,,,,,,,,,,
"BattleRam","Rare",,5500,1000,350,60,430,400,50,125,250,,,,,,,,,,,500,,,,,,,,"true",,,,,,,,,,,,"true",,,,,,,,"sc/chr_battle_ram.sc","battle_ram",,"battle_ram_red",,"sc/chr_prestige3_dl.sc",,"battle_ram_prestige",,,,,"true",,,"battle_ram_hit_sfx",,"battle_ram_die","barbarian_steps",,"battleram_deploy_nodelay",,,80,80,,,35,,,,,92,750,6,,,,,"Medium",,,,,,"filter_damage_wobble",,,,,,,,,"blowdart_goblin_atk_start",,,,,,,,,,,,,,,,,,,,,,,,,,,,2,,,,,,,,"filter_deploy_unit_miner",,,,,2,"Barbarian",,,,,,600,,180,,1000,,,,"true",,,,,,,,,,"battleram_charge",,,,,,,,,,"TID_SPELL_BATTLE_RAM",,,,,,,,,,,,,,,,,,,"battle_ram_hit",,,,,,,,,,,,,,,,200,,"filter_deploy_unit_default",,,,,,,,,,,,,,,,,,500,,,,,,,,,,,,,,,,,,,,,,,,,,,,,,,,,,,,,,
"BlowdartGoblin","Rare",,7500,1000,,120,123,700,350,,,,,,,,"BlowdartGoblinProjectile",,,,,6500,,,,,,,,"true","true",,,,,,,,"blowdart_goblin_attack",,,,,,,,,,,"sc/chr_goblin_blowdart.sc","goblin_blowdart",,"goblin_blowdart_red",,"sc/chr_prestige4_dl.sc",,"blowdart_prestige",,,"blowdart_prestige_red",,"true",,,,,"spear_goblin_die","blowdart_goblin_steps",,"blowdart_goblin_deploy",,,75,75,,-15,25,,,,,100,500,3,,,,,"Small",-10,,,,,"filter_damage",,,,,,,,,"blowdart_goblin_atk_start",,,,,,,,,,,,,,,,,,,,,,,,,,,,,,,,,,,,,,,,,,,,,,,,,,,,,,,,,,,,,,,,,,,,1200,1600,,,,,,,"TID_CHARACTER_BLOWDART_GOBLIN",,,,,,,,,,,,,,,,,,,,,,,,,,,,,,,,,,,,400,"filter_deploy_unit_default",,,,,,,,,,,,,,,,,,,,,,,,,,,,,,,,,,,,,,,,,,,,,,,,,,,,,,,,
"ElectroWizard","Legendary",,5500,1000,,90,590,1800,1200,96,,,,,,,,,,2,"true",5000,,,,,,,,"true","true",,,,,,,,,,,,,,"ZapFreeze",500,,,,"sc/chr_electro_wizard.sc","electro_wizard",,"electro_wizard_red",,"sc/chr_prestige_dl.sc",,,,,,,"true",,,"electro_wizard_hit",,"electro_wizard_die","electro_wizard_steps",,"electro_wizard_deploy",,"true",80,80,,,35,,,,,102,500,5,,,,,"Medium",-8,,,,,"filter_damage",,,,,,,,,"electro_wizard_attack_start",,,,,,,,,,,,,,,,,,,,,,,,,,,,,,,,,,,,,,,,,,,,,,,,,,,,,,,,,,,,,,,,"ElectroWizardZap",8,,,550,1500,,,,,,,"TID_CHARACTER_ELECTRO_WIZARD",,,,,,,,,,,,,,,,,,,"electro_wizard_beam",,,,,,,,,,,,,,,,,,"filter_deploy_unit_legendary",,,,,-26,,,,,,,,,,,,,,,,,,,,,,,,,,,,,,,,,,,,,,,,"TRUE",0,,,,,,,,,,
"AngryBarbarian","Common",,5500,1000,,120,458,1700,1000,142,,,,,,,,,,,,1200,,,,,,,,"true",,,,,,,,,,,,,,,,,,,,"sc/chr_barbarian.sc","angry_barbarian",,"angry_barbarian_red",,"sc/chr_prestige6_dl.sc",,"angry_barbarian_prestige",,,,,"true",,,"barbarian_hit",,"barbarian_die","angry_barbarian_steps",,"angry_barbarian_deploy",,,85,85,,-10,35,,,,,100,500,4,,,,,"Medium",,,,,,"filter_damage",,,,,,,,,"angry_barbarian_attack_start",,,,,,,,,,,,,,,,,,,,,,,,,,,,,,,,,,,,,,,,,,,,,,,,,,,,,,,,,,,,,,,,,,,,450,450,,,,,,,"TID_CHARACTER_ANGRY_BARBARIAN",,,,,,,,,,,,,,,,,,,,,,,,,,,,,,,,,,,,400,"filter_deploy_unit_default",,,,,-20,,,,,,,,,,,,,,,,,,,,,,,,,,,,,,,,,,,,,,,,,,,,,,,,,,,
"AxeMan","Epic",,5500,1000,,60,760,900,400,,,,,,,,"AxeManProjectile",,,,,4500,,,,,,,,"true","true",,,,,,,,,,,,,,,,,,,"sc/chr_axe_man.sc","axe_man",,"axe_man_red",,"sc/chr_prestige6_dl.sc",,"axe_man_prestige",,,,,"true",,,"ragebarbarian_hit",,"barbarian_die","executioner_steps",,"executioner_deploy",,,85,85,,-10,-4,,,,,110,600,4,,,,,"Medium",,,,,,"filter_damage",,,,,,,,,,,,,,,,,,,,,,,,,,,,,,,,,,,,,,,,,,,,,,,,,,,,,,,,,,,,,,,,,,,,,,,,,,,,,600,600,,,,,,,"TID_SPELL_AXEMAN",,,,,,,,,,,,,,,,,,,"executioner_attack_start",,,,,,,,,,,,,,,,,400,"filter_deploy_unit_default",,,,,,,,,,,,,,,,,,,,,,,,,,,,,,,,,,,,,,,,,,,,,,,,,,,,,,,,
"Assassin","Legendary",,6000,1000,,90,750,1000,600,160,,,,,,,,,,,,750,,,,,,,,"true",,,,,,,,,,,,,,,,,,,,"sc/chr_bandit.sc","bandit",,"bandit_red",,"sc/chr_prestige_dl.sc",,,,,,,"true",,,"assassin_hit","assassin_hit_special_red","assassin_die","assassin_steps",,"assassin_deploy",,,85,85,,-10,35,,,,,110,600,3,,,,,"Medium",-10,,,,,"filter_damage",,,,,,,,,"assassin_attack_start",,100,"assassin_dash_start","assassin_dashing",800,,,,320,"filter_bandit_charge",,,"assassin_dash_end",3500,6000,,,,,500,,,,,,,,,,,,,,,,,,,,,,,,,,,,,,,,,,,,,,,,,,,,,,,,,,,,,,,,"TID_SPELL_ASSASSIN",,,,,,,,,,,,,,,,,,,,,,,,,,,,,,,,,,,,,"filter_deploy_unit_legendary",,,,,,,,,,,,,,,,,,,,,,,,,,,,,,,,,,,,,,,,,,,,,,,,,,,,,,,,
"GhostOverlay","Legendary",,5500,1000,,90,1000,1800,1200,216,,,,,,,,,,,,1200,,,,,,,,"true",,,,,,,,,,,800,,,,,,,,,"sc/chr_ghost_dl.sc","ghost_blue_overlay",,"ghost_red_overlay",,"sc/chr_prestige_dl.sc",,,,,,,"true",,,"assassin_hit",,"assassin_die","assassin_steps",,"assassin_deploy",,,85,85,,-10,35,,,,,100,600,3,,,,,"Medium",-10,,,,,"filter_damage",,,,,,,,,"assassin_attack_start",,,,,,,,,,,,,,,,,,,,,,,,,,,,,,,,,,,,,,,,,,,,,,,,,,,,,,,,,,,,,,,,,,,,,,,,,,,,"TID_SPELL_GHOST",,,,,,,,,,,,,,,,400,,,,,,,,,,,,,,,,,,,,,"filter_deploy_unit_legendary",,,,,,,,,,,,,,,,,,,,,,,,,,,,,"Invisibility",1600,"BlowdartArrowHit","BlowdartArrowHit",,,,,,,,,,,,,,,,,,,,,,,,
"Ghost","Legendary",,5500,1000,,90,1000,1800,1200,216,,,,,,,,,,,,1200,,,,,,,,"true",,,,,,,,,,,800,,,,,,,,,"sc/chr_ghost_dl.sc","ghost_blue",,"ghost_red",,"sc/chr_prestige_dl.sc",,,,,,,"true","GhostOverlay",,"assassin_hit",,"assassin_die","assassin_steps",,"ghost_deploy",,,85,85,,-10,35,,,,,120,600,3,,,,,"Medium",-10,,,,,"filter_damage",,,,,,,,,"ghost_attack_start",,,,,,,,,,,,,,,,,,,,,,,,,,,,,,,,,,,,,,,,,,,,,,,,,,,,,,,,,,,,,,,,,,,,,,,,,,,,"TID_SPELL_GHOST",,,,,,,,,,,,,,,,400,,,,,,,,,,,,,,,,,,,,,"filter_deploy_unit_legendary",,,,,,,,,,,,,,,,,,,,,,,,,,,,,"Invisibility",1600,"BlowdartArrowHit","BlowdartArrowHit",,,,,,,,,,,,,,,,,,,,,,,,
"MiniZapMachine","Rare",,5000,1000,,60,250,1600,200,40,,,,,,,,,,,,4500,,,,,,,,"true","true",,,,,,,,,,,,,,"ZapFreeze",500,,,,"sc/chr_zappies_dl.sc","zappie_blue",,"zappie_red",,"sc/chr_zappies_dl.sc",,"zappie_prestige",,,"zappie_prestige_red",,"true",,,"zapper_projectile_hit",,"zapper_die","zapper_steps",,"zapper_deploy",,,80,-70,-8,15,-15,,,,,95,600,4,,,,,"Medium",-10,,,,,,,,,,,,,,,,,,,,,,,,,,,,,,,,,,,,,,,,,,,,,,,,,,,,,,,,,,,,,,,,,,,,,,,,,,,,,,,,,,1200,1800,,,,,,,"TID_SPELL_MINI_ZAPMACHINE",,,,,,,,,,,,,-20,,,,,,"zappie_beam",,750,,,,,,,,,,,,,,,,"filter_deploy_unit_legendary",,,,,,,,,,,"zapper_load_1","zapper_load_2","zapper_load_3",,600,,,,,,,,,,,,,,,,,,,,,,,,,,,,,,"TRUE",0,,,,,,,,,,
"Hunter","Epic",,5500,1000,,60,524,2200,1500,,,,,,,,"HunterProjectile","HunterProjectile",10,,,4000,,,,,,,,"true","true",,,,,,,,"hunter_attack",,70,,,,,,,,,"sc/chr_hunter_dl.sc","hunter",,"hunter_red",,"sc/chr_hunter_dl.sc",,"hunter_prestige","hunter_prestige2",,,,"true",,,"shotgun_hit",,"hunter_die","hunter_steps",,"hunter_deploy",,,80,80,,-10,50,,,,,100,600,5,,,,,"Medium",,,,,,"filter_damage",,,,,,,,,"hunter_attack_start",,,,,,,,,,,,,,,,,,,,,,,,,,,,,,,,,,,,,,,,,,,,,,,,,,,,,,,,,,,,,,,,,,,,1000,450,,,,,,,"TID_SPELL_HUNTER",,,,,,,,,,,,,,,,,,,,,,,,,,,,,,,,,,,,300,"filter_deploy_unit_default",,,,,,,,,,,,,,,,,,,,,,,,,,,,,,,,,,,,,,,,,,,,,,,,,,,,,,,,
"DarkWitch","Legendary",,5500,1000,,60,750,1500,900,260,,,,,,,,,,,,1600,,,,,,,,"true",,,,,,,,,,,,,,,,,,,,"sc/chr_dark_witch.sc","dark_witch",,"dark_witch_red",,"sc/chr_prestige3_dl.sc",,"dark_witch_prestige",,,,,"true",,,"dark_witch_hit",,"dark_witch_die","dark_witch_steps",,"dark_witch_deploy",,"true",80,80,,,35,,,,,100,500,4,,,,,"Medium",,,,,,"filter_damage_wobble",,,,,,,,,"dark_witch_attack_start",,,,,,,,,,,,,,,,,,,,,,1300,,2,,,7000,8,"Bat",,,,,,"bat_dark_witch_spawn",,1500,,,,2,"Bat",,,,,,2000,,90,,,"true",,,,,,,,,,,,,,,,,,,,,,,"TID_SPELL_DARK_WITCH",,,,,,,,,,,,,,,,,,,,,,,,,,,,,,,,,,,,,"filter_deploy_unit_legendary",,,,,,,,,,,,,,,,,,,,,,,,,,,,,,,,,,,,,,,,,,,,,,,,,,,,,,,,
"Bat","Common",,5500,1000,,120,32,1100,500,32,,,,,,,,,,,,1200,,,,,,,,"true","true",,,,,,,,,,,,,,,,,,,"sc/chr_bats.sc","bat",,"bat",,"sc/chr_prestige3_dl.sc",,"bat_prestige",,,,,"true",,,"bat_hit",,"bat_die","bat_steps",,"bat_deploy",,,65,-60,,20,,"bat_shadow","bat_shadow",,,105,500,1,,,,,"Small",,,2000,,,"filter_damage",,,,,,,,,"bat_attack_start",,,,,,,,,,,,,,,,,,,,,,,,,,,,,,,,,,,,,,,,,,,,,,,,,,45,,,,,,,,,,,,,,,,,,350,350,,,,,,,"TID_CHARACTER_BAT",,,,,,,,,,,,,,,,,,,,,,,,,,,,,,,,,,,,400,"filter_deploy_unit_default",,,,,,,,,,,,,,,,,,,,,,,,,150,"filter_wiggle",,,,,,,,,,,,,,,,,,,,,,,,,,,,,,
"Recruit","Common",,5500,1000,,60,208,1300,800,48,,,,,,,,,,,,1600,,,,,,,,"true",,,,,,,,,,,,,,,,,,,,"sc/chr_guard02_dl.sc","guard02_blue",,"guard02_red",,"sc/chr_guard02_dl.sc",,"guard02_prestige2",,,,,"true",,,"recruit_hit",,"recruit_die","recruit_steps",,"recruit_deploy",,,50,50,-5,5,35,,,,,100,500,5,,,,,"Shield",-10,,,,,"filter_damage",,,,,,,,,"recruit_attack_start",,,,,,,,,,,,,,,,,,,,,,,,,,,,,,,,,,,,,800,,,,,,,,,,,,,,,,,,,,,,,,,,,,,,,350,350,,,,,,,"TID_CHARACTER_SKELETON_WARRIOR",,,,,,,,,,,,,,,,,,,,,,,,,,,,,,,,,,,,400,"filter_deploy_unit_default",,,,,,94,,"recruit_lose_shield","guard02_blue_shiled","guard02_red_shield",,,,,,,,,,,,,,,,,,,,,,,,,,,,,,,,,,,,,,,,,,,,,,
"RascalBoy","Common",,5500,1000,,60,715,1500,1100,52,,,,,,,,,,,,800,,,,,,,,"true",,,,,,,,,,,,,,,,,,,,"sc/chr_rascals_dl.sc","rascal_boy",,"rascal_boy_red",,"sc/chr_prestige_dl.sc",,"rascal_boy_prestige",,,,,"true",,,"rascal_thug_hit",,"rascal_thug_die","rascal_thug_steps",,"rascal_thug_deploy",,,100,100,,-10,35,,,,,95,750,10,,,,,"Medium",-20,,,,,"filter_damage",,,,,,,,,"rascal_boy_attack_start",,,,,,,,,,,,,,,,,,,,,,,,,,,,,,,,,,,,,,,,,,,,,,,,,,,,,,,,,,,,,,,,,,,,450,450,,,,,,,"TID_CHARACTER_HOODED_THUG",,,,,,,,,,,,,,,,,,,,,,,,,,,,,,,,,,,,,"filter_deploy_unit_default",,,,,,,,,,,,,,,,,,,,,,,,,,,,,,,,,,,,,,,,,,,,,,,,,,,,,,,,
"MovingCannon","Epic",,6000,1000,,90,558,1000,400,,,,,,,,"MovingCannonProjectile",,,,,5500,,,,,,,,"true",,,,,,,,,"moving_cannon_fire_projectile",,,,,,,,,,,"sc/chr_movingcannon.sc","moving_cannon",,"moving_cannon_red",,"sc/chr_prestige_dl.sc",,"moving_cannon_prestige","moving_cannon_prestige2",,"moving_cannon_prestige","moving_cannon_prestige2","true",,,,,"moving_cannon_die","moving_cannon_steps",,"moving_cannon_deploy",,,80,80,-5,,25,,,,"true",110,600,3,,,,,"MediumShield",,,,,,"filter_damage",,,,,"true",,,"true",,,,,,,,,,,,,,,,,,,,,,,,,,,,,,,,,,,,,,,,,,1,"BrokenCannon",,,,,,,,,,,,,,,,,,,,,,,,,,1100,1800,,,,,,,"TID_SPELL_MOVING_CANNON",,,,,,,,,,,,,,,,,,,,,,,,,,,,,,,,,,,,400,"filter_deploy_unit_default",,,,,,,,,,,,,,,600,,,,,,,,,,,,,,,,,,,,,,,,,,,,,,,,,,,,,,,,,
"BrokenCannon","Epic",,5500,1000,,,558,1000,400,,,,,,,,"MovingCannonProjectile",,,,,5500,,,,,,,,"true",,,,,,,30000,,"broken_cannon_fire_projectile",,,,,,,,,,,"sc/chr_movingcannon.sc","broken_cannon",,"broken_cannon_red",,"sc/chr_prestige_dl.sc",,"broken_cannon_prestige","broken_cannon_prestige2",,"broken_cannon_red_prestige","broken_cannon_red_prestige2","true",,,,,"broken_cannon_die",,,"broken_cannon_deploy",,,80,80,-5,,25,,,,"true",100,600,3,,,,,"Medium",,,,,,"filter_damage",,,,,,,150,,,,,,,,,,,,,,,,,,,,,,,,,,,,,,,,,,,,,,,,,,,,,,,,,,,,,,,,,,,,,,,,,,,,,,450,450,,,,,,,"TID_SPELL_MOVING_CANNON",,,,,,,,,,,,,,,,,,,,,,,,,,,,,,,,"true",,,,400,"filter_deploy_unit_default",,,,,,,,,,,,,,,600,,,,,,,,,,,,,,,,,,,,,,,,,,,,,,,,,,,,,,,,,
"MegaKnight","Legendary",,5500,1000,,60,3300,1700,1200,222,,,,,,,,,,,,1200,,,,,,,,"true",,,,,,,,,,,1300,,,,,,,,,"sc/chr_mega_knight.sc","mega_knight",,"mega_knight_red",,"sc/chr_prestige5_dl.sc",,"mega_knight_prestige",,"mega_knight_red_prestige","mega_knight_red_prestige",,"true",,,"mega_knight_hit",,"mega_knight_die","mega_knight_steps",,"mega_knight_deploy",,,80,80,,,,,,,"true",100,750,18,,,,,"High",,,,,,"filter_damage_wobble",,,,,,,,,"mega_knight_attack_start",,,"mega_knight_dash_start","mega_knight_dashing",1100,3000,1000,2200,444,"filter_mega_knight_jump",800,300,"mega_knight_dash_end",3500,5000,,,,,250,,,1,1,1,,,,,,,,,,,,,,,,,,,,,,,,,,,,,,,,,,,,,1000,1000,,,,,,,,,,,,,"TID_SPELL_MEGAKNIGHT",,,,,,,,,,,,,,,,,,,,,,,,,,,,,,,,,,,,,"filter_deploy_unit_legendary",,,,,,,,,,,,,,,,,,,,,,,,,,,,,,,,,,,,,,,,,,,,,,,,,,,,,,,,
"RascalGirl","Common",,5500,1000,,60,102,1100,100,,,,,,,,"RascalGirlProjectile",,,,,5000,,,,,,,,"true","true",,,,,,,,"rascal_fem_attack",,,,,,,,,,,"sc/chr_rascals_dl.sc","rascal_girl",,"rascal_girl_red",,"sc/chr_prestige_dl.sc",,"rascal_girl_prestige",,,,,"true",,,,,"ArcherDie","FemRasSteps",,"Rascal_female_dep",,,75,75,,-15,25,,,,,95,500,2,,,,,"Small",-10,,,,,"filter_damage",,,,,,,,,"ArcherAttackStart",,,,,,,,,,,,,,,,,,,,,,,,,,,,,,,,,,,,,,,,,,,,,,,,,,,,,,,,,,,,,,,,,,,,450,450,,,,,,,"TID_CHARACTER_HOODED_ARCHER",,,,,,,,,,,,,,,,,,,,,,,,,,,,,,,,,,,,400,"filter_deploy_unit_default",,,,,,,,,,,,,,,,,,,,,,,,,,,,,,,,,,,,,,,,,,,,,,,,,,,,,,,,
"SkeletonBalloon","Common",,7700,1000,,60,300,300,200,,,,,,,,,,,,,350,,,,,,,,"true",,,,,,,,,,,,"true",,,,,,,,"sc/chr_skeleton_balloon.sc","skeleton_balloon",,"skeleton_balloon_red",,"sc/chr_prestige_dl.sc",,"skeleton_balloon_prestige","skeleton_balloon_prestige2",,"skeleton_balloon_prestige","skeleton_balloon_prestige2","true",,,"skeleton_balloon_hit",,"skeleton_balloon_die","skeleton_balloon_steps","true","skeleton_balloon_deploy",,,75,40,,5,15,,,,,98,500,7,,,,,"Medium",,,3100,"true",,"filter_damage_wobble",,,,,,,,,"skeleton_balloon_attack_start",,,,,,,,,,,,,,,,,,,,,,,,,,,,,,,,,,,,,,,,,1,"SkeletonContainer",,,,,,,,,,,,,,"true",500,"skeleton_balloon_die",,,,,,,,,,450,450,,,,,,,"TID_SPELL_BALLOON",,,,,,,,,,,,,,,,,,,,,,,,,,,,,,,,,,,,,"filter_deploy_unit_default",,,,2000,,,,,,,,,,,,,,,,,,,,,,,,,,,,,,,,,,,,,,,,,,,,,,,,,,,,
"DartBarrell","Rare",,6000,1000,,90,290,1100,600,,,,,,,,"DartBarrellProjectile",,,,,6000,,,,,,,,"true","true",,,,,,,,"flying_machine_attack",,,,,,,,,,,"sc/chr_flying_machine.sc","flying_machine",,"flying_machine_red",,"sc/chr_prestige_dl.sc",,,,,,,"true",,,,,"flying_machine_die","flying_machine_steps","true","flying_machine_deploy",,,75,75,,5,25,"flying_machine_shadow",,,,90,500,3,,,,,"Medium",-10,,4000,,,"filter_damage",,,,,,,,,"flying_machine_attack_start",,,,,,,,,,,,,,,,,,,,,,,,,,,,,,,,,,,,,,,,,,,,,,,,,,,,,,,,,,,,,,,,,,,,1500,1300,,,,,,,"TID_CHARACTER_BLOWDART_GOBLIN",,,,,,,,,,,,,,,,,,,,,,,,,,,,,,,,,,,,400,"filter_deploy_unit_default",,,,,,,,,,,,,,,224,,,,,,,,,,,,,,,,,,,,,,,,,,,,,,,,,,,,,,,,,
"Wallbreaker","Epic",,7000,1000,,120,207,1200,1000,,,,,,,,"WallbreakerProjectile",,,,,500,,,,,,,,"true",,,,,,,,,,,1500,"true",,,,,,,,"sc/chr_wall_breaker.sc","chr_wall_breaker",,"chr_wall_breaker_red",,"sc/chr_wall_breaker.sc",,"wall_breaker_prestige2","wall_breaker_prestige3",,,,"true",,,"wall_breaker_explode",,"wall_breaker_die","wall_breaker_steps",,"wall_breaker_deploy",,,35,35,,-10,35,,,,,98,500,2,,,,,"Small",,,,,,"filter_damage",,,,,,,,,"wall_breaker_attack_start",,,,,,,,,,,,,,,,,,,,,"wall_breaker_cont_effect",,,,,,,,,,,,,,,,,,,,,,,,,,,,,,,,,,,"true",,,,,,,,,,,,,,,,,,,,"TID_SPELL_BOMBER",,,,,,,,,,,,,,,,,,,,,,,,,,,,,,,,,,,,400,"filter_deploy_unit_default",,,,,,,,,,,,,,,,,,,,,,,,,,,,,,,,,,,,,,,,,,,,,,,,,,,,,,,,
"RoyalHog","Rare",,9500,1000,,120,395,1200,950,32,,,,,,,,,,,,750,,,,,,,,"true",,,,,,,,,,,,"true",,,,,,,,"sc/chr_royal_hog_dl.sc","royal_hog",,"royal_hog_red",,"sc/chr_royal_hog_dl.sc",,"royal_hog_prestige",,,,,"true",,,"royal_hog_hit",,"royal_hog_die","royal_hog_steps",,"royal_hog_deploy",,,85,85,,-10,35,,,,,85,600,2,,,,,"Medium",-15,,,,,"filter_damage",,,,,,,,,"royal_hog_attack_start",,,,,,4000,,,,,,,"royal_hog_landing",,,,,,,160,,,,,,,,,,,,,,,,,,,,,,,,,,,,,,,,,,,,,,,,,,,,,,,,450,450,,,,,,,"TID_SPELL_ROYAL_HOGS",,,,,,,,,,,,,,,,,,,,,,,,,,,,,,,,,,,,400,"filter_deploy_unit_default","true",4000,,4000,,,,,,,,,,,,,,,,,,,,,,,,,,,,,,,,,,,,,,,,,,,,,,,,,,,,
"GoblinBrawler","Rare",,5500,1000,,120,485,1100,900,150,,,,,,,,,,,,800,,,,,,,,"true",,,,,,,,,,,,,,,,,,,,"sc/chr_goblin_thug_dl.sc","goblin_thug",,"goblin_thug_red",,"sc/chr_goblin_thug_dl.sc",,"goblin_thug_prestige2","goblin_thug_prestige3",,,,"true",,,"goblin_brawler_hit",,"goblin_brawler_die","goblin_brawler_steps",,"goblin_brawler_deploy",,,50,50,-5,5,35,,,,,100,500,2,,,,,"Medium",,,,,,"filter_damage",,,,,,,,,"goblin_brawler_attack_start",,,,,,,,,,,,,,,,,,,,,,,,,,,,,,,,,,,,,,,,,,,,,,,,,,,,,,,,,,,,,,,,,,,,350,350,,,,,,,"TID_CHARACTER_GOBLINBRAWLER",,,,,,,,,,,,,,,,,,,,,,,,,,,,,,,,,,,,400,"filter_deploy_unit_default",,,,,,,,,,,,,,,,,,,,,,,,,,,,,,,,,,,,,,,,,,,,,,500,,,,,,,,,2,
"GoblinGiant","Epic",,7500,1000,,60,1967,1700,700,110,,,,,,,,,,,,1200,,,,,,,,"true",,,,,,,,,,,,"true",,,,,,,,"sc/chr_goblin_giant_dl.sc","goblin_giant",,"goblin_giant_red",,"sc/chr_goblin_giant_dl.sc",,"goblin_giant_prestige","goblin_giant_prestige2",,,,"true",,,"goblin_giant_hit",,"goblin_giant_die","goblin_giant_steps",,"goblin_giant_deploy",,"true",85,80,,,25,,,,"true",133,750,18,,,,,"High",,,,,,"filter_damage_wobble",,,,,,,,,"goblin_giant_attack_start",,,,,,,,,,,,,,,,,,,,,,,,2,,,,5,"SpearGoblinGiant",,,,,,,,900,"TRUE",,,,,,,,,,500,,,,700,,,,,,,,,,,,,,,,450,450,640,100,,,,,"TID_SPELL_GIANT",,,,,,,,,,,,,,,,,,,,,,,,,,,,,,,,,,,,,"filter_deploy_unit_default",,2000,,2000,,,,,,,,,,,,,,,,,,,,,,,,,,,,,,,,,,,,,,,,,,,,,,,,,,,,
"EliteArcher","Legendary",,7500,1000,,60,490,1000,400,,,,,,,,"EliteArcherArrow",,,,,7000,,,,,,,,"true","true",,,,,,,,"magic_archer_attack_start",,,,,,,,,,,"sc/chr_magic_archer_dl.sc","magic_archer",,"magic_archer_red",,"sc/chr_magic_archer_dl.sc",,"magic_archer_prestige","magic_archer_prestige2",,"magic_archer_red_prestige","magic_archer_red_prestige2","true",,,,,"ArcherDie","MagicArcherSteps",,"MagicArcherDeploy",,,75,75,,-15,-1,,,,,105,600,3,,,,,"Medium",-10,,,,,"filter_damage",,,,,,,,,"ArcherAttackStart",,,,,,,,,,,,,,,,,,,,,,,,,,,,,,,,,,,,,,,,,,,,,,,,,,,,,,,,,,,,,,,,,,,,800,500,,,,,,,"TID_CHARACTER_ARCHER",,,,,,,,,,,,,,,,,,,,,,,,,,,,,,,,,,,,400,"filter_deploy_unit_legendary",,,,,,,,,,,,,,,,,,,,,,,,,,,,,,,,,,,,,,,,,,,,,,,,,,,,,,,,
"SpearGoblinGiant","Common",,5500,1000,,120,52,1700,1200,,,,,,,,"SpearGoblinProjectile",,,,,5500,,,,,,,,"true","true",,,,,,,,"spear_goblin_attack",,,,,,,,,,,"sc/chr_goblin_giant_dl.sc","goblin_bag_blue",,"goblin_bag_red",,"sc/chr_goblin_giant_dl.sc",,"goblin_bag_prestige","goblin_bag_prestige2",,,,"true",,,,,"spear_goblin_die","spear_goblin_steps",,,,,75,75,,-15,25,,,,,125,500,1,,,,,"Small",-10,,4000,,,"filter_damage",,,,,,,,,"spear_goblin_attack_start",,,,,,,,,,,,,,,,,,,,,,,,,,,,,,,,,,,,"filter_deploy_unit_default",,,,"filter_deploy_unit_miner",1,"SpearGoblin",,,,,,,,-22,90,700,,,"TRUE",,,,,,,,,,,,,,600,,,,,,,"TID_CHARACTER_SPEAR_GOBLIN",,,,,,,,,,,,,,,,,,,,,,,,,,,,,,,,,,,,400,"filter_deploy_unit_default",,,,,,,,,,,,,,,,,,,,,,,,,,,,,,,,,,,,,,,,,,,,,,,,,,,,,,,,
"Ram","Legendary",,7500,1000,350,60,1461,1800,1200,220,440,,,,,,,,,,,800,,,,,,,,"true",,,,,,,,,,,,"true",,,,,,,,"sc/chr_ram_rider_dl.sc","ram",,"ram_red",,,,,,,,,"true",,,"ram_hit","ram_charge_hit","ram_die","ram_steps",,"ramrider_deploy",,,85,85,,-10,35,,,,,95,600,4,,,,,"Medium",-15,,,,,"filter_damage",,,,,,,,,"ram_attack_start",,,,,,4000,,,,,,,"ram_landing",,,,,,,160,,,,1,,,,,"RamRider",,,,,,,,,"TRUE",,,,,,,,,,,,,,,,,,,,,,,,,,,,"ram_charge",,450,450,,,,,,,"TID_SPELL_HOG_RIDER",,,,,,,,,,,,,,,,,,,,,,,,,,,,,,,,,,,200,,"filter_deploy_unit_default","true",,,,,,,,,,,,,,,,,,,,,,,,,,,,,,,,,,,,,,,,,,,,,,,,,,,,,,,
"RamRider","Legendary",,5500,1000,,60,490,1100,700,,,,,,,,"RamRiderBola",,,,,5500,,,,,,,,"true","true",,,,,,,,,,,,"TRUE",,,,,,,"sc/chr_ram_rider_dl.sc","rider",,"rider",,,,,,,,,"true",,,,,,,,,,,75,75,,-15,-1,,,,,95,600,3,,,,,"Medium",-10,,,,,"filter_damage",,,,,,,,,"ramriderAttackStart",,,,,,,,,,,,,,,,,,,,,,,,,,,,,,,,,,,,,,,90,,,,,,,,,,,,,,,,,,,,,,,,,,,,,800,500,,,,,,,"TID_CHARACTER_RAMRIDER",,,,,,,,,,,,,,,,,,,,,,,,,,,,,,,,,,,,,"filter_deploy_unit_default",,,,,,,,,,,,,,,,,,,,,,,,,,,,,,,,,,,,,,,,,,,"BolaSnare","TRUE",,,,,,,,,,,,
"ThreeMusketeer","Rare",,6000,3000,,60,340,1100,600,,,,,,,,"MusketeerProjectile",,,,,6000,,,,,,,,"true","true",,,,,,,,"musketeer_attack",,,,,,,,,,,"sc/chr_musketeer.sc","chr_musketeer_blue",,"chr_musketeer",,"sc/chr_prestige2_dl.sc",,"musketeer_prestige2",,,,,"true",,,"musketeer_hit",,"musketeer_die","musketeer_steps",,"musketeer_deploy",,,80,80,,-10,35,,,,,100,500,5,,,,,"Medium",,,,,,"filter_damage",,,,,,,,,"musketeer_attack_start",,,,,,,,,,,,,,,,,,,,,,,,,,,,,,,,,,,,,800,,,,,,,,,,,,,,,,,,,,,,,,,,,,,,,450,450,,,,,,,"TID_CHARACTER_MUSKETEER",,,,,,,,,,,,,,,,,,,,,,,,,,,,,,,,,,,,300,"filter_deploy_unit_default",,,,,,,,,,,,,,,,,,,,,,,,,,,,,,,,,,,,,,,,,,,,,,,,,,,,,,,,
"ElectroDragon","Epic",,5500,1000,,60,594,2100,1400,,,,,,,,"ElectroDragonProjectile",,,,,3500,,,,,,,,"true","true",,,,,,,,"electro_dragon_attack",,,,,,,,,,,"sc/chr_electro_dragon_dl.sc","electro_dragon",,"electro_dragon_red",,"sc/chr_prestige_dl.sc",,,,,,,"true",,,,,"baby_dragon_die","electro_dragon_steps",,"electro_dragon_deploy",,,85,-60,,20,,,,,,90,600,7,,,,,"Medium",,,3500,,,"filter_damage_wobble",,,,,,,,,,,,,,,,,,,,,,,,,,,,,,,,,,,,,,,,,,,,,,,,,,,,,,,,,,,,,,,,,,,,,,,,,,,,,1250,1900,,,,,,,"TID_SPELL_ELECTRO_DRAGON",,,,,,,,,,,,,,,,,,,,,,,,,,,,,,,,,,,,,"filter_deploy_unit_default",,,,,,,,,,,"electro_dragon_load_weapon_1","electro_dragon_load_weapon_2","electro_dragon_load_weapon_3","electro_dragon_load_weapon_4",,,,,,,,,,,,,,,,,,,,,,,,,,,,,,,"TRUE",0,,,,,,,,,,
"Fisherman","Legendary",,7500,1000,,60,800,1500,1200,190,,,,,,,,,,,,1200,,3500,6500,1000,,,,"true",,,,,,,,"FishermanProjectile","fisherman_projectile_hit",,,,,,,,,,,"sc/chr_fisherman_dl.sc","fisherman",,"fisherman_red",,,,,,,,,"true",,,"fisherman_hit",,"fisherman_die","fisherman_steps",,"fisherman_deploy",,,80,80,,-10,35,,,,,100,500,10,,,,,"Medium",,,,,,"filter_damage",,,,,,,,,"fisherman_attack_start",,,,,,,,,,,,,,,,,,,,,,,,,,,,,,,,,,,,,800,,,,,,,,,,,,,,,,,,,,,,,,,,,,,,,450,450,,,,,,,"TID_SPELL_KNIGHT",,,,,,,,,,,,,,,,,,,,,,,,,,,,,,,,,,,,300,"filter_deploy_unit_default",,,,,,,,,,,,,,,,,,,,,,,,,,,,,,,,,,,,,,,,,,,,,,,,,,,,,,,,
"Knight5","Common",,5500,1000,,60,637,1200,700,79,,,,,,,,,,,,1000,,,,,,,,"true",,,,,,,,,,,,,,,,,,,,"sc/chr_knight.sc","Knight",,"Knight_enemy",,"sc/chr_prestige_dl.sc",,"Knight_prestige",,,,,"true",,,"knight_hit",,"knight_die","knight_steps",,"knight_deploy",,,85,85,,-10,35,,,,,98,500,6,,,,,"Medium",35,,,,,"filter_damage",,,,,,,,,"knight_attack_start",,,,,,,,,,,,,,,,,,,,,,,,,,,,,,,,,,,,,,,,,,,,,,,,,,,,,,,,,,,,,,,,,,,,450,450,,,,,,,"TID_SPELL_KNIGHT",,,,,,,,,,,,,,,,,,,,,,,,,,,,,,,,,,,,,"filter_deploy_unit_default",,,,,,,,,,,,,,,,,,,,,,,,,,,,,,,,,,,,,,,,,,,,,,,,,,,,,,,,
"Knight6","Common",,5500,1000,,60,637,1200,700,79,,,,,,,,,,,,1000,,,,,,,,"true",,,,,,,,,,,,,,,,,,,,"sc/chr_knight.sc","Knight",,"Knight_enemy",,"sc/chr_prestige_dl.sc",,"Knight_prestige",,,,,"true",,,"knight_hit",,"knight_die","knight_steps",,"knight_deploy",,,85,85,,-10,35,,,,,98,500,6,,,,,"Medium",35,,,,,"filter_damage",,,,,,,,,"knight_attack_start",,,,,,,,,,,,,,,,,,,,,,,,,,,,,,,,,,,,,,,,,,,,,,,,,,,,,,,,,,,,,,,,,,,,450,450,,,,,,,"TID_SPELL_KNIGHT",,,,,,,,,,,,,,,,,,,,,,,,,,,,,,,,,,,,,"filter_deploy_unit_default",,,,,,,,,,,,,,,,,,,,,,,,,,,,,,,,,,,,,,,,,,,,,,,,,,,,,,,,
"Knight7","Common",,5500,1000,,60,637,1200,700,79,,,,,,,,,,,,1000,,,,,,,,"true",,,,,,,,,,,,,,,,,,,,"sc/chr_knight.sc","Knight",,"Knight_enemy",,"sc/chr_prestige_dl.sc",,"Knight_prestige",,,,,"true",,,"knight_hit",,"knight_die","knight_steps",,"knight_deploy",,,85,85,,-10,35,,,,,98,500,6,,,,,"Medium",35,,,,,"filter_damage",,,,,,,,,"knight_attack_start",,,,,,,,,,,,,,,,,,,,,,,,,,,,,,,,,,,,,,,,,,,,,,,,,,,,,,,,,,,,,,,,,,,,450,450,,,,,,,"TID_SPELL_KNIGHT",,,,,,,,,,,,,,,,,,,,,,,,,,,,,,,,,,,,,"filter_deploy_unit_default",,,,,,,,,,,,,,,,,,,,,,,,,,,,,,,,,,,,,,,,,,,,,,,,,,,,,,,,
"Knight8","Common",,5500,1000,,60,637,1200,700,79,,,,,,,,,,,,1000,,,,,,,,"true",,,,,,,,,,,,,,,,,,,,"sc/chr_knight.sc","Knight",,"Knight_enemy",,"sc/chr_prestige_dl.sc",,"Knight_prestige",,,,,"true",,,"knight_hit",,"knight_die","knight_steps",,"knight_deploy",,,85,85,,-10,35,,,,,98,500,6,,,,,"Medium",35,,,,,"filter_damage",,,,,,,,,"knight_attack_start",,,,,,,,,,,,,,,,,,,,,,,,,,,,,,,,,,,,,,,,,,,,,,,,,,,,,,,,,,,,,,,,,,,,450,450,,,,,,,"TID_SPELL_KNIGHT",,,,,,,,,,,,,,,,,,,,,,,,,,,,,,,,,,,,,"filter_deploy_unit_default",,,,,,,,,,,,,,,,,,,,,,,,,,,,,,,,,,,,,,,,,,,,,,,,,,,,,,,,
"Knight9","Common",,5500,1000,,60,637,1200,700,79,,,,,,,,,,,,1000,,,,,,,,"true",,,,,,,,,,,,,,,,,,,,"sc/chr_knight.sc","Knight",,"Knight_enemy",,"sc/chr_prestige_dl.sc",,"Knight_prestige",,,,,"true",,,"knight_hit",,"knight_die","knight_steps",,"knight_deploy",,,85,85,,-10,35,,,,,98,500,6,,,,,"Medium",35,,,,,"filter_damage",,,,,,,,,"knight_attack_start",,,,,,,,,,,,,,,,,,,,,,,,,,,,,,,,,,,,,,,,,,,,,,,,,,,,,,,,,,,,,,,,,,,,450,450,,,,,,,"TID_SPELL_KNIGHT",,,,,,,,,,,,,,,,,,,,,,,,,,,,,,,,,,,,,"filter_deploy_unit_default",,,,,,,,,,,,,,,,,,,,,,,,,,,,,,,,,,,,,,,,,,,,,,,,,,,,,,,,
