"Name","TID","RequestTID","InProgressTID","CardLevelAdjustment","PlayerCount","DeckSelection","OvertimeSeconds","PredefinedDecks","SameDeckOnBoth","SeparateTeamDecks","SwappingTowers","ElixirCostModifier","ElixirProductionMultiplier","ElixirProductionOvertimeMultiplier","UseStartingElixir","StartingElixir","ElixirModifier","RandomBoosts","Heroes","ForcedDeckCards","Players","EventDeckSetLimit","EventDeckClanWar","ForcedDeckCardsUsingCardTheme","GivesClanScore","GoldPerTower1","GoldPerTower2","GoldPerTower3","GemsPerTower1","GemsPerTower2","GemsPerTower3","EndConfetti1","EndConfetti2","TargetTouchdowns","FixedDeckOrder","Icon","FixedArena","ClanWarDescription","BattleStartCooldown","GlobalBuff","LoopingEffect","Heist","SkinSet","SpawnCharacter","SpawnCharacterInterval","SpawnCharacterCount","SpawnCharacterStartDelay","SpawnProjectile","DeckSpellSets","AntiSpellSets","SpellSupport","FatigueAmount","FatigueInterval","BuffCharacter","BuffName","DarkElixirSpawnInterval","AutoGenerateDarkElixir","HasDarkElixirCollector","CapturableBuilding","CapturableBuildingRespawnInterval","ElixirSpawnInterval","DeckSize","NeutralCharacter"
"string","string","String","String","String","int","String","int","string","boolean","boolean","boolean","int","int","int","boolean","int","int","boolean","boolean","String","String","String","boolean","boolean","boolean","int","int","int","int","int","int","String","String","int","Boolean","String","String","String","int","string","string","boolean","String","String","int","int","int","string","string","string","boolean","int","int","string","string","int","int","boolean","string","int","int","int","string"
"BlindDeck","TID_BLIND_DECK_CHALLENGE",,,"Friendly",,"Predefined",180,"CRLWorlds_Queso",,"TRUE",,,,,,,,,,,"PvP",,,,,,,,,,,,,,,"icon_mode_popdeck",,"TID_CLAN_WAR_GAME_MODE_INFO_1V1_CLASSIC_DECKS",6000,,,,,,,,,,,,,,,,,,,,,,,,
,,,,,,,,"CRLWorlds_Nova",,,,,,,,,,,,,,,,,,,,,,,,,,,,,,,,,,,,,,,,,,,,,,,,,,,,,,,
,,,,,,,,"CRLWorlds_Ponos",,,,,,,,,,,,,,,,,,,,,,,,,,,,,,,,,,,,,,,,,,,,,,,,,,,,,,,
,,,,,,,,"CRLWorlds_Vivo",,,,,,,,,,,,,,,,,,,,,,,,,,,,,,,,,,,,,,,,,,,,,,,,,,,,,,,
,,,,,,,,"CRLWorlds_Immortals",,,,,,,,,,,,,,,,,,,,,,,,,,,,,,,,,,,,,,,,,,,,,,,,,,,,,,,
,,,,,,,,"CRLWorlds_KZDX",,,,,,,,,,,,,,,,,,,,,,,,,,,,,,,,,,,,,,,,,,,,,,,,,,,,,,,
"DoubleElixir","TID_DOUBLE_ELIXIR_CHALLENGE",,,"Tournament",,"Collection",180,,,,,,200,,"true",0,,,,,"PvP",,,,,,,,,,,,,,,"icon_mode_2x_elixir",,"TID_CLAN_WAR_GAME_MODE_INFO_1V1_DOUBLE_ELIXIR",,,,,"ElixerPump",,,,,,,,,,,,,,,,,,,,
"ThreeBridges","TID_THREE_BRIDGES_CHALLENGE",,,"Tournament",,"Collection",180,,,,,,,,,,,,,,"PvP",,,,,,,,,,,,,,,,,,,,,,,,,,,,,,,,,,,,,,,,,,
"HeroChallenge_draft","TID_HERO_CHALLENGE",,,"Tournament",,"Draft",180,,,,,,,,,,,,"true",,"PvP",,,,,,,,,,,,,,,,,,,,,,,,,,,,,,,,,,,14000,,,,,,,
"ElectroWiz","TID_CHALLENGE_ELECTRO_WIZ",,,"Friendly",,"EventDeck",180,,,,,,,,,,,,,"ElectroWizard","PvP",,,,,,,,,,,,,,,,,,,,,,,,,,,,,,,,,,,,,,,,,,
"DraftMode","TID_DRAFT_CHALLENGE","TID_REQUEST_DRAFT_1V1","TID_DRAFT_1V1_IN_PROGRESS","Friendly",,"Draft",180,,,,,,,,,,,,,,"PvP",,,,,,,,,,,,,,,"icon_mode_draft",,"TID_CLAN_WAR_GAME_MODE_INFO_1V1_DRAFT",,,,,,,,,,,,,,,,,,,,,,,,,
"Ladder",,,,"Ladder",,"Collection",60,,,,,,,,,,,,,,"PvP",,,,,,,,,,,,,,,,,,,,,,,,,,,,,,,,,,,,,,,,,,
"Friendly","TID_FRIENDLY_BATTLE_1V1",,,"Friendly",,"Collection",180,,,,,,,,,,,,,,"PvP",,,,,,,,,,,,,,,"icon_mode_1v1",,,,,,,,,,,,,,,,,,,,,,,,,,,
"Training",,,,"Ladder",,"Collection",60,,,,,,,,,,,,,,"PvP",,,,,,,,,,,,,,,,,,,,,,,,,,,,,,,,,,,,,,,,,,
"Tournament","TID_TOURNAMENT_1V1",,,"Tournament",,"Collection",180,,,,,,,,,,,,,,"PvP",,,,,,,,,,,,,,,"icon_tournament_bronze",,,,,,,,,,,,,,,,,,,,,,,,,,,
"Challenge","TID_TOURNAMENT_1V1",,,"Tournament",,"Collection",180,,,,,,,,,,,,,,"PvP",,,,,,,,,,,,,,,"icon_tournament_bronze",,,,,,,,,,,,,,,,,,,,,,,,,,,
"DoubleElixir_Friendly","TID_DOUBLE_ELIXIR_CHALLENGE","TID_REQUEST_DOUBLE_ELIXIR_1V1","TID_DOUBLE_ELIXIR_1V1_IN_PROGRESS","Friendly",,"Collection",180,,,,,,200,,"true",0,,,,,"PvP",,,,,,,,,,,,,,,"icon_mode_2x_elixir",,"TID_CLAN_WAR_GAME_MODE_INFO_1V1_DOUBLE_ELIXIR",,,,,"ElixerPump",,,,,,,,,,,,,,,,,,,,
"BattleRam","TID_CHALLENGE_ELECTRO_WIZ",,,"Friendly",,"EventDeck",180,,,,,,,,,,,,,,"PvP",,,,,,,,,,,,,,,,,,,,,,,,,,,,,,,,,,,,,,,,,,
"DraftModeInsane","TID_GAMEMODE_DRAFT_INSANE","TID_REQUEST_DRAFTMODE_INSANE_1V1","TID_DRAFTMODE_INSANE_1V1_IN_PROGRESS","Friendly",,"Draft",180,,,,,,200,,"true",0,,,,,"PvP",,,,,,,,,,,,,,,"icon_mode_2x_elixir_draft",,,,,,,,,,,,,,,,,,,,,,,,,,,
"TeamVsTeam","TID_TEAM_CHALLENGE",,,"Friendly",,"Collection",180,,,,,,85,70,,,,,,,"TvT",,,,,,,,,,,,,,,"icon_mode_2v2",,,,,,,,,,,,,,,,,,,,,,,,,,,
"RetroRoyale","TID_RETRO_ROYALE_CHALLENGE",,,"Friendly",,"EventDeck",180,,,,,,,,,,,,,,"PvP","Event_Retro",,,,,,,,,,,,,,"icon_mode_retro",,,,,,,,,,,,,,,,,,,,,,,,,,,
"CardRelease",,,,"Friendly",,"EventDeck",180,,,,,,,,,,,,,,"PvP",,,"TRUE",,,,,,,,,,,,,,,,,,,,,,,,,,,,,,,,,,,,,,,
"CardReleaseDraft","TID_DRAFT_CHALLENGE","TID_REQUEST_DRAFT_1V1","TID_DRAFT_1V1_IN_PROGRESS","Friendly",,"Draft",180,,,,,,,,,,,,,,"PvP",,,"TRUE",,,,,,,,,,,,,,,,,,,,,,,,,,,,,,,,,,,,,,,
"PvE","TID_PUZZLE_MODE",,,"Friendly",,"Collection",60,,,,,,300,,"true",10,,,,,"PvE",,,,,,,,,,,,,,,,,,,,,,,,,,,,,,,,,,,,,,,,,,
"TvE","TID_TEAM_VS_ENEMY",,,"Friendly",,"Collection",60,,,,,,85,70,"true",0,,,,,"TvE",,,,,,,,,,,,,,,,,,,,,,,,,,,,,,,,,,,,,,,,,,
"PvE_Boss","TID_PUZZLE_MODE",,,"Friendly",,"Collection",60,,,,,,,,"true",10,,,,,"PvE",,,,,,,,,,,,,,,,,,,,,,,,,,,,,,,,,,,,,,,,,,
"PvE_Tutorial","TID_PUZZLE_MODE",,,"Ladder",,"Collection",60,,,,,,,,,,,,,,"PvE",,,,,,,,,,,,,,,,,,,,,,,,,,,,,,,,,,,,,,,,,,
"TeamVsTeamDraft","TID_TEAM_CHALLENGE_DRAFT","TID_REQUEST_DRAFT_2V2","TID_DRAFT_2V2_IN_PROGRESS","Friendly",,"Draft",180,,,,,,85,70,,,,,,,"TvT",,,,,,,,,,,,,,,"icon_mode_draft",,,,,,,,,,,,,,,,,,,,,,,,,,,
"TeamVsTeamLadder","TID_TEAM_CHALLENGE_LADDER",,,"Ladder",,"Collection",180,,,,,,85,70,,,,,,,"TvT",,,,,,,,,,,,,,,"icon_mode_2v2",,"TID_CLAN_WAR_GAME_MODE_INFO_2V2",,,,,,,,,,,,,,,,,,,,,,,,,
"Overtime_Tournament","TID_GAMEMODE_OVERTIME",,,"Tournament",,"Collection",180,,,,,,,,"true",0,,,,,"PvP",,,,,,,,,,,,,,,"icon_mode_suddendeath",,"TID_CLAN_WAR_GAME_MODE_INFO_1V1_OVERTIME",,,,,,,,,,,,,,,,,,,,,,,,,
"GoldRush_Tournament","TID_GOLDRUSH_CHALLENGE",,,"Tournament",,"Collection",180,,,,,,,,,,,,,,"PvP",,,,,100,200,500,,,,"win_battle_confetti_gold","win_battle_confetti_gold_top",,,,,,,,,,"GoldRush",,,,,,,,,,,,,,,,,,,,
"TeamVsTeamChallenge","TID_TEAM_CHALLENGE_SURVIVAL",,,"Tournament",,"Collection",180,,,,,,85,70,,,,,,,"TvT",,,,,,,,,,,,,,,,,,,,,,,,,,,,,,,,,,,,,,,,,,
"TripleElixir_Tournament","TID_TRIPLE_ELIXIR",,,"Tournament",,"Collection",180,,,,,,300,150,"true",0,,,,,"PvP",,,,,,,,,,,,,,,"icon_mode_3x_elixir",,"TID_CLAN_WAR_GAME_MODE_INFO_1V1_TRIPLE_ELIXIR",,,,,"ElixerPump",,,,,,,,,,,,,,,,,,,,
"RampUpElixir_Tournament","TID_RAMP_UP_ELIXIR",,,"Tournament",,"Collection",180,,,,,,,,,,,,,,"PvP",,,,,,,,,,,,,,,"icon_mode_ramp_up",,"TID_CLAN_WAR_GAME_MODE_INFO_1V1_RAMP_UP_ELIXIR",,,,,,,,,,,,,,,,,,,,,,,,,
"TeamVsTeamCrowns","TID_TEAM_CHALLENGE",,,"Friendly",,"Collection",180,,,,,,85,70,,,,,,,"TvT",,,,"TRUE",,,,,,,,,,,,,,,,,,,,,,,,,,,,,,,,,,,,,,
"TeamVsTeamDraftChallenge","TID_TEAM_CHALLENGE_DRAFT","TID_REQUEST_DRAFT_2V2","TID_DRAFT_2V2_IN_PROGRESS","Friendly",,"Draft",180,,,,,,85,70,,,,,,,"TvT",,,,,,,,,,,,,,,"icon_mode_draft",,"TID_CLAN_WAR_GAME_MODE_INFO_1V1_DRAFT",,,,,,,,,,,,,,,,,,,,,,,,,
"Overtime_Friendly","TID_GAMEMODE_OVERTIME","TID_REQUEST_OVERTIME_1V1","TID_OVERTIME_1V1_IN_PROGRESS","Friendly",,"Collection",180,,,,,,,,"true",0,,,,,"PvP",,,,,,,,,,,,,,,"icon_mode_suddendeath",,"TID_CLAN_WAR_GAME_MODE_INFO_1V1_OVERTIME",,,,,,,,,,,,,,,,,,,,,,,,,
"TripleElixir_Friendly","TID_TRIPLE_ELIXIR","TID_REQUEST_TRIPLE_ELIXIR_1V1","TID_TRIPLE_ELIXIR_1V1_IN_PROGRESS","Friendly",,"Collection",180,,,,,,300,150,"true",0,,,,,"PvP",,,,,,,,,,,,,,,"icon_mode_3x_elixir",,"TID_CLAN_WAR_GAME_MODE_INFO_1V1_TRIPLE_ELIXIR",,,,,"ElixerPump",,,,,,,,,,,,,,,,,,,,
"RampUpElixir_Friendly","TID_RAMP_UP_ELIXIR","TID_REQUEST_RAMPUP_1V1","TID_RAMPUP_1V1_IN_PROGRESS","Friendly",,"Collection",180,,,,,,,,,,,,,,"PvP",,,,,,,,,,,,,,,"icon_mode_ramp_up",,"TID_CLAN_WAR_GAME_MODE_INFO_1V1_RAMP_UP_ELIXIR",,,,,,,,,,,,,,,,,,,,,,,,,
"TeamVsTeam_DoubleElixir_Friendly","TID_GAMEMODE_DOUBLE_ELIXIR_2v2","TID_REQUEST_DOUBLE_ELIXIR_2V2","TID_DOUBLE_ELIXIR_2V2_IN_PROGRESS","Friendly",,"Collection",180,,,,,,170,85,"true",0,,,,,"TvT",,,,,,,,,,,,,,,,,"TID_CLAN_WAR_GAME_MODE_INFO_1V1_DOUBLE_ELIXIR",,,,,,,,,,,,,,,,,,,,,,,,,
"TeamVsTeam_DoubleElixir_Tournament","TID_GAMEMODE_DOUBLE_ELIXIR_2v2",,,"Tournament",,"Collection",180,,,,,,170,85,"true",0,,,,,"TvT",,,,,,,,,,,,,,,,,"TID_CLAN_WAR_GAME_MODE_INFO_1V1_DOUBLE_ELIXIR",,,,,,,,,,,,,,,,,,,,,,,,,
"TeamVsTeam_Overtime_Friendly","TID_GAMEMODE_OVERTIME_2v2","TID_REQUEST_OVERTIME_2V2","TID_OVERTIME_2V2_IN_PROGRESS","Friendly",,"Collection",180,,,,,,85,70,,,,,,,"TvT",,,,,,,,,,,,,,,"icon_mode_suddendeath",,"TID_CLAN_WAR_GAME_MODE_INFO_1V1_OVERTIME",,,,,,,,,,,,,,,,,,,,,,,,,
"TeamVsTeam_Overtime_Tournament","TID_GAMEMODE_OVERTIME_2v2",,,"Tournament",,"Collection",180,,,,,,85,70,,,,,,,"TvT",,,,,,,,,,,,,,,"icon_mode_suddendeath",,"TID_CLAN_WAR_GAME_MODE_INFO_1V1_OVERTIME",,,,,,,,,,,,,,,,,,,,,,,,,
"TeamVsTeam_RampUpElixir_Friendly","TID_GAMEMODE_RAMPUP_ELIXIR_2v2","TID_REQUEST_RAMPUP_2V2","TID_RAMPUP_2V2_IN_PROGRESS","Friendly",,"Collection",180,,,,,,85,85,,,,,,,"TvT",,,,,,,,,,,,,,,,,"TID_CLAN_WAR_GAME_MODE_INFO_1V1_RAMP_UP_ELIXIR",,,,,,,,,,,,,,,,,,,,,,,,,
"TeamVsTeam_RampUpElixir_Tournament","TID_GAMEMODE_RAMPUP_ELIXIR_2v2",,,"Tournament",,"Collection",180,,,,,,85,85,,,,,,,"TvT",,,,,,,,,,,,,,,,,"TID_CLAN_WAR_GAME_MODE_INFO_1V1_RAMP_UP_ELIXIR",,,,,,,,,,,,,,,,,,,,,,,,,
"TeamVsTeam_DraftModeInsane_Friendly","TID_GAMEMODE_DRAFT_INSANE_2v2","TID_REQUEST_DRAFTMODE_INSANE_2V2","TID_DRAFTMODE_INSANE_2V2_IN_PROGRESS","Friendly",,"Draft",180,,,,,,170,140,"true",0,,,,,"TvT",,,,,,,,,,,,,,,"icon_mode_2x_elixir_draft",,,,,,,,,,,,,,,,,,,,,,,,,,,
"Invalid",,,,"Friendly",,"Collection",180,,,,,,,,,,,,,,"PvP",,,,,,,,,,,,,,,,,,,,,,,,,,,,,,,,,,,,,,,,,,
"PickMode","TID_DRAFT_PICK_CHALLENGE",,,"Friendly",,"Pick",180,,,,,,,,,,,,,,"PvP",,,,,,,,,,,,,,,,,,,,,,,,,,,,,,,,,,,,,,,,,,
"TeamVsTeamLadder_GoldRush","TID_GOLDRUSH_CHALLENGE",,,"Ladder",,"Collection",180,,,,,,85,70,,,,,,,"TvT",,,,,100,200,500,,,,"win_battle_confetti_gold","win_battle_confetti_gold_top",,,,,,,,,,"GoldRush",,,,,,,,,,,,,,,,,,,,
"Ladder_GoldRush","TID_GOLDRUSH_CHALLENGE",,,"Ladder",,"Collection",60,,,,,,,,,,,,,,"PvP",,,,,100,200,500,,,,"win_battle_confetti_gold","win_battle_confetti_gold_top",,,,,,,,,,"GoldRush",,,,,,,,,,,,,,,,,,,,
"Touchdown","TID_GAMEMODE_TOUCHDOWN","TID_REQUEST_TOUCHDOWN_1V1","TID_TOUCHDOWN_1V1_IN_PROGRESS","Ladder",,"Collection",180,,,,,,,,,,,,,,"PvP",,,,,,,,,,,,,3,,"icon_mode_touchdown","Arena_TouchdownTest","TID_CLAN_WAR_GAME_MODE_INFO_2v2_TOUCHDOWN_DRAFT",,,,,"Touchdown",,,,,,,,,,,,,,,,,,,,
"TeamVsTeamLadder_GemRush","TID_GEMRUSH_CHALLENGE",,,"Ladder",,"Collection",180,,,,,,85,70,,,,,,,"TvT",,,,,,,,3,5,10,"win_battle_confetti_gem","win_battle_confetti_gem_top",,,,,,,,,,,,,,,,,,,,,,,,,,,,,,
"Ladder_GemRush","TID_GEMRUSH_CHALLENGE",,,"Ladder",,"Collection",60,,,,,,,,,,,,,,"PvP",,,,,,,,3,5,10,"win_battle_confetti_gem","win_battle_confetti_gem_top",,,,,,,,,,,,,,,,,,,,,,,,,,,,,,
"GemRush_Tournament","TID_GEMRUSH_CHALLENGE",,,"Tournament",,"Collection",180,,,,,,,,,,,,,,"PvP",,,,,,,,3,5,10,"win_battle_confetti_gem","win_battle_confetti_gem_top",,,,,,,,,,,,,,,,,,,,,,,,,,,,,,
"TeamVsTeam_Touchdown","TID_GAMEMODE_TOUCHDOWN_2V2","TID_REQUEST_TOUCHDOWN_2V2","TID_TOUCHDOWN_2V2_IN_PROGRESS","Friendly",,"Collection",180,,,,,,85,70,,,,,,,"TvT",,,,,,,,,,,,,3,,,"Arena_TouchdownTest","TID_CLAN_WAR_GAME_MODE_INFO_2v2_TOUCHDOWN_DRAFT",,,,,"Touchdown",,,,,,,,,,,,,,,,,,,,
"Touchdown_Draft","TID_GAMEMODE_TOUCHDOWN_DRAFT","TID_REQUEST_TOUCHDOWN_1V1","TID_TOUCHDOWN_1V1_IN_PROGRESS","Friendly",,"Draft",180,,,,,,,,,,,,,,"PvP",,,,,,,,,,,,,3,,"icon_mode_touchdown",,"TID_CLAN_WAR_GAME_MODE_INFO_2v2_TOUCHDOWN_DRAFT",,,,,"Touchdown",,,,,,,,,,,,,,,,,,,,
"TeamVsTeam_Touchdown_Draft","TID_GAMEMODE_TOUCHDOWN_DRAFT_2V2","TID_REQUEST_TOUCHDOWN_2V2","TID_TOUCHDOWN_2V2_IN_PROGRESS","Friendly",,"Draft",180,,,,,,85,70,,,,,,,"TvT",,,,,,,,,,,,,3,,"icon_mode_touchdown","Arena_TouchdownTest","TID_CLAN_WAR_GAME_MODE_INFO_2v2_TOUCHDOWN_DRAFT",,,,,"Touchdown",,,,,,,,,,,,,,,,,,,,
"MirrorDeck","TID_MIRROR_DECK_CHALLENGE","TID_REQUEST_MIRROR_1V1","TID_MIRROR_1V1_IN_PROGRESS","Friendly",,"Predefined",180,"MirrorDeck","TRUE",,,,,,,,,,,,"PvP",,,,,,,,,,,,,,,"icon_mode_mirror",,"TID_CLAN_WAR_GAME_MODE_INFO_1V1_MIRROR",6000,,,,,,,,,,,,,,,,,,,,,,,,
"TeamVsTeam_MirrorDeck","TID_MIRROR_DECK_CHALLENGE_2V2","TID_REQUEST_MIRROR_2V2","TID_MIRROR_2V2_IN_PROGRESS","Friendly",,"Predefined",180,"MirrorDeck2v2","TRUE","TRUE",,,,,,,,,,,"TvT",,,,,,,,,,,,,,,"icon_mode_mirror",,"TID_CLAN_WAR_GAME_MODE_INFO_1V1_MIRROR",,,,,,,,,,,,,,,,,,,,,,,,,
"Friendly_FixedDeckOrder","TID_FRIENDLY_BATTLE_1V1_FD","TID_REQUEST_FRIENDLY_BATTLE_1v1_FD","TID_INPROGRESS_FRIENDLY_BATTLE_1v1_FD","Friendly",,"Collection",180,,,,,,,,,,,,,,"PvP",,,,,,,,,,,,,,"TRUE","icon_mode_1v1",,,,,,,,,,,,,,,,,,,,,,,,,,,
"TeamVsTeam_FixedDeckOrder","TID_TEAM_CHALLENGE_FD","TID_REQUEST_FRIENDLY_BATTLE_2v2_FD","TID_INPROGRESS_FRIENDLY_BATTLE_2v2_FD","Friendly",,"Collection",180,,,,,,85,70,,,,,,,"TvT",,,,,,,,,,,,,,"TRUE","icon_mode_2v2",,,,,,,,,,,,,,,,,,,,,,,,,,,
"MirrorDeck_H","TID_MIRROR_DECK_CHALLENGE","TID_REQUEST_MIRROR_1V1","TID_MIRROR_1V1_IN_PROGRESS","Friendly",,"Predefined",180,"MirrorDeck_H","TRUE",,,,,,,,,,,,"PvP",,,,,,,,,,,,,,,"icon_mode_mirror",,"TID_CLAN_WAR_GAME_MODE_INFO_1V1_MIRROR",,,,,,,,,,,,,,,,,,,,,,,,,
"TeamVsTeam_MirrorDeck_H","TID_MIRROR_DECK_CHALLENGE_2V2","TID_REQUEST_MIRROR_2V2","TID_MIRROR_2V2_IN_PROGRESS","Friendly",,"Predefined",180,"MirrorDeck2v2_H","TRUE","TRUE",,,,,,,,,,,"TvT",,,,,,,,,,,,,,,"icon_mode_mirror",,"TID_CLAN_WAR_GAME_MODE_INFO_1V1_MIRROR",,,,,,,,,,,,,,,,,,,,,,,,,
"KingOfTheHill","TID_GAMEMODE_KING_OF_THE_HILL","TID_REQUEST_KING_OF_THE_HILL","TID_KING_OF_THE_HILL_IN_PROGRESS","Friendly",,"Collection",60,,,,,,85,70,,,,,,,"PvP",,,,,,,,,,,,,,,,,,,,,,,,,,,,,,,,,,,,,,,,,,
"ModernRoyale","TID_MODERN_ROYALE_CHALLENGE",,,"Friendly",,"EventDeck",180,,,,,,,,,,,,,,"PvP","Event_Modern",,,,,,,,,,,,,,"icon_mode_retro",,,,,,,,,,,,,,,,,,,,,,,,,,,
"Overtime_Ladder","TID_GAMEMODE_OVERTIME","TID_REQUEST_OVERTIME_1V1","TID_OVERTIME_1V1_IN_PROGRESS","Ladder",,"Collection",180,,,,,,,,"true",0,,,,,"PvP",,,,,,,,,,,,,,,"icon_mode_suddendeath",,"TID_CLAN_WAR_GAME_MODE_INFO_1V1_OVERTIME",,,,,,,,,,,,,,,,,,,,,,,,,
"DoubleElixir_Ladder","TID_DOUBLE_ELIXIR_CHALLENGE","TID_REQUEST_DOUBLE_ELIXIR_1V1","TID_DOUBLE_ELIXIR_1V1_IN_PROGRESS","Ladder",,"Collection",180,,,,,,200,,"true",0,,,,,"PvP",,,,,,,,,,,,,,,"icon_mode_2x_elixir",,"TID_CLAN_WAR_GAME_MODE_INFO_1V1_DOUBLE_ELIXIR",,,,,"ElixerPump",,,,,,,,,,,,,,,,,,,,
"TripleElixir_Ladder","TID_TRIPLE_ELIXIR","TID_REQUEST_TRIPLE_ELIXIR_1V1","TID_TRIPLE_ELIXIR_1V1_IN_PROGRESS","Ladder",,"Collection",180,,,,,,300,150,"true",0,,,,,"PvP",,,,,,,,,,,,,,,"icon_mode_3x_elixir",,"TID_CLAN_WAR_GAME_MODE_INFO_1V1_TRIPLE_ELIXIR",,,,,"ElixerPump",,,,,,,,,,,,,,,,,,,,
"NOTINUSE1","TID_GAMEMODE_DOUBLE_ELIXIR_2v2","TID_REQUEST_DOUBLE_ELIXIR_2V2","TID_DOUBLE_ELIXIR_2V2_IN_PROGRESS","Ladder",,"Collection",180,,,,,,170,85,"true",0,,,,,"TvT",,,,,,,,,,,,,,,"icon_mode_2x_elixir",,,,,,,,,,,,,,,,,,,,,,,,,,,
"NOTINUSE2","TID_GAMEMODE_DOUBLE_ELIXIR_2v2","TID_REQUEST_DOUBLE_ELIXIR_2V2","TID_DOUBLE_ELIXIR_2V2_IN_PROGRESS","Ladder",,"Collection",180,,,,,,170,85,"true",0,,,,,"TvT",,,,,,,,,,,,,,,"icon_mode_2x_elixir",,,,,,,,,,,,,,,,,,,,,,,,,,,
"Showdown_Friendly","TID_SHOWDOWN_BATTLE_NAME",,,"Friendly",,"Collection",180,,,,,,,,,,,,,,"PvP",,,,,,,,,,,,,,,"icon_clan_wars",,"TID_CLAN_WAR_GAME_MODE_INFO_SHOWDOWN",,,,,,,,,,,,,,,,,,,,,,,,,
"Showdown_Ladder","TID_SHOWDOWN_BATTLE_NAME",,,"Ladder",,"Collection",180,,,,,,,,,,,,,,"PvP",,,,,,,,,,,,,,,"icon_clan_wars",,"TID_CLAN_WAR_GAME_MODE_INFO_SHOWDOWN",,,,,,,,,,,,,,,,,,,,,,,,,
"TeamVsTeam_DoubleElixir_Ladder","TID_GAMEMODE_DOUBLE_ELIXIR_2v2","TID_REQUEST_DOUBLE_ELIXIR_2V2","TID_DOUBLE_ELIXIR_2V2_IN_PROGRESS","Ladder",,"Collection",180,,,,,,170,85,"true",0,,,,,"TvT",,,,,,,,,,,,,,,"icon_mode_2x_elixir",,"TID_CLAN_WAR_GAME_MODE_INFO_1V1_DOUBLE_ELIXIR",,,,,,,,,,,,,,,,,,,,,,,,,
"TeamVsTeam_Overtime_Ladder","TID_GAMEMODE_OVERTIME_2v2","TID_REQUEST_OVERTIME_2V2","TID_OVERTIME_2V2_IN_PROGRESS","Ladder",,"Collection",180,,,,,,,,"true",0,,,,,"TvT",,,,,,,,,,,,,,,"icon_mode_suddendeath",,"TID_CLAN_WAR_GAME_MODE_INFO_1V1_OVERTIME",,,,,,,,,,,,,,,,,,,,,,,,,
"CaptureTower_Friendly","TID_GAMEMODE_CAPTURE_TOWER","TID_REQUEST_CAPTURE_TOWER","TID_CAPTURE_TOWER_IN_PROGRESS","Friendly",,"Collection",180,,,,,,,,,,,,,,"PvP",,,,,,,,,,,,,,,"icon_mode_suddendeath",,,,,,,,,,,,,,,,,,,,,,,,,,,
"RampUpElixir_Ladder","TID_RAMP_UP_ELIXIR","TID_REQUEST_RAMPUP_1V1","TID_RAMPUP_1V1_IN_PROGRESS","Ladder",,"Collection",180,,,,,,,,,,,,,,"PvP",,,,,,,,,,,,,,,"icon_mode_ramp_up",,"TID_CLAN_WAR_GAME_MODE_INFO_1V1_RAMP_UP_ELIXIR",,,,,,,,,,,,,,,,,,,,,,,,,
"Rage_Friendly","TID_GAMEMODE_RAGE","TID_REQUEST_RAGE_1V1","TID_RAGE_1V1_IN_PROGRESS","Friendly",,"Collection",180,,,,,,135,,,,,,,,"PvP",,,,,,,,,,,,,,,"icon_mode_rage","Arena5",,,"RageModeRage","Rage_mode",,,,,,,,,,,,,,,,,,,,,,
"MirrorDeck_CW","TID_MIRROR_DECK_CHALLENGE","TID_REQUEST_MIRROR_1V1","TID_MIRROR_1V1_IN_PROGRESS","Friendly",,"Predefined",180,"MirrorDeck_CW","TRUE",,,,,,,,,,,,"PvP",,,,,,,,,,,,,,,"icon_mode_mirror",,"TID_CLAN_WAR_GAME_MODE_INFO_1V1_MIRROR",6000,,,,,,,,,,,,,,,,,,,,,,,,
"Rage_Ladder","TID_GAMEMODE_RAGE","TID_REQUEST_RAGE_1V1","TID_RAGE_1V1_IN_PROGRESS","Ladder",,"Collection",180,,,,,,135,,,,,,,,"PvP",,,,,,,,,,,,,,,"icon_mode_rage","Arena5","TID_CLAN_WAR_GAME_MODE_INFO_1V1_RAGE",,"RageModeRage","Rage_mode",,,,,,,,,,,,,,,,,,,,,,
"LavaFloor_Friendly","TID_GAMEMODE_LAVA_FLOOR","TID_REQUEST_LAVA_FLOOR_1V1","TID_LAVA_FLOOR_1V1_IN_PROGRESS","Friendly",,"Collection",180,,,,,,135,,,,,,,,"PvP",,,,,,,,,,,,,,,"icon_mode_rage","Arena4",,,"PoisonModePoison","LavaFloor_mode",,,,,,,,,,,,,,,,,,,,,,
"Event_NewArena1","TID_CHALLENGE_NEWARENA1",,,"Friendly",,"EventDeck",180,,,,,,,,,,,,,,"PvP","Event_NewUnlockA1",,,,,,,,,,,,,,"icon_mode_retro","Arena1",,,,,,,,,,,,,,,,,,,,,,,,,,
"Event_NewArena2","TID_CHALLENGE_NEWARENA2",,,"Friendly",,"EventDeck",180,,,,,,,,,,,,,,"PvP","Event_NewUnlockA2",,,,,,,,,,,,,,"icon_mode_retro","Arena2",,,,,,,,,,,,,,,,,,,,,,,,,,
"Event_NewArena3","TID_CHALLENGE_NEWARENA3",,,"Friendly",,"EventDeck",180,,,,,,,,,,,,,,"PvP","Event_NewUnlockA3",,,,,,,,,,,,,,"icon_mode_retro","Arena3",,,,,,,,,,,,,,,,,,,,,,,,,,
"Event_NewArena4","TID_CHALLENGE_NEWARENA4",,,"Friendly",,"EventDeck",180,,,,,,,,,,,,,,"PvP","Event_NewUnlockA4",,,,,,,,,,,,,,"icon_mode_retro","Arena4",,,,,,,,,,,,,,,,,,,,,,,,,,
"Event_NewArena5","TID_CHALLENGE_NEWARENA5",,,"Friendly",,"EventDeck",180,,,,,,,,,,,,,,"PvP","Event_NewUnlockA5",,,,,,,,,,,,,,"icon_mode_retro","Arena5",,,,,,,,,,,,,,,,,,,,,,,,,,
"Event_NewArena6","TID_CHALLENGE_NEWARENA6",,,"Friendly",,"EventDeck",180,,,,,,,,,,,,,,"PvP","Event_NewUnlockA6",,,,,,,,,,,,,,"icon_mode_retro","Arena6",,,,,,,,,,,,,,,,,,,,,,,,,,
"Event_NewArena7","TID_CHALLENGE_NEWARENA7",,,"Friendly",,"EventDeck",180,,,,,,,,,,,,,,"PvP","Event_NewUnlockA7",,,,,,,,,,,,,,"icon_mode_retro","Arena7",,,,,,,,,,,,,,,,,,,,,,,,,,
"Event_NewArena8","TID_CHALLENGE_NEWARENA8",,,"Friendly",,"EventDeck",180,,,,,,,,,,,,,,"PvP","Event_NewUnlockA8",,,,,,,,,,,,,,"icon_mode_retro","Arena8",,,,,,,,,,,,,,,,,,,,,,,,,,
"Event_NewArena9","TID_CHALLENGE_NEWARENA9",,,"Friendly",,"EventDeck",180,,,,,,,,,,,,,,"PvP","Event_NewUnlockA9",,,,,,,,,,,,,,"icon_mode_retro","Arena9",,,,,,,,,,,,,,,,,,,,,,,,,,
"Event_NewArena10","TID_CHALLENGE_NEWARENA10",,,"Friendly",,"EventDeck",180,,,,,,,,,,,,,,"PvP","Event_NewUnlockA10",,,,,,,,,,,,,,"icon_mode_retro","Arena_L",,,,,,,,,,,,,,,,,,,,,,,,,,
"Event_NewArena11","TID_CHALLENGE_NEWARENA11",,,"Friendly",,"EventDeck",180,,,,,,,,,,,,,,"PvP","Event_NewUnlockA11",,,,,,,,,,,,,,"icon_mode_retro","Arena_Electric",,,,,,,,,,,,,,,,,,,,,,,,,,
"Rage_Tournament","TID_GAMEMODE_RAGE","TID_REQUEST_RAGE_1V1","TID_RAGE_1V1_IN_PROGRESS","Tournament",,"Collection",180,,,,,,135,,,,,,,,"PvP",,,,,,,,,,,,,,,"icon_mode_rage","Arena5",,,"RageModeRage","Rage_mode",,,,,,,,,,,,,,,,,,,,,,
"ClassicDecks_Friendly","TID_POPULAR_DECK_BATTLE","TID_REQUEST_POPULAR_1V1","TID_POPULAR_1V1_IN_PROGRESS","Friendly",,"Predefined",180,"Blind_Classic_HogRider",,"TRUE",,,,,,,,,,,"PvP",,,,,,,,,,,,,,,"icon_mode_popdeck",,"TID_CLAN_WAR_GAME_MODE_INFO_1V1_CLASSIC_DECKS",6000,,,,,,,,,,,,,,,,,,,,,,,,
,,,,,,,,"Blind_Classic_RoyalGiant",,,,,,,,,,,,,,,,,,,,,,,,,,,,,,,,,,,,,,,,,,,,,,,,,,,,,,,
,,,,,,,,"Blind_Classic_Giant",,,,,,,,,,,,,,,,,,,,,,,,,,,,,,,,,,,,,,,,,,,,,,,,,,,,,,,
,,,,,,,,"Blind_Classic_Pekka",,,,,,,,,,,,,,,,,,,,,,,,,,,,,,,,,,,,,,,,,,,,,,,,,,,,,,,
,,,,,,,,"Blind_Classic_Golem",,,,,,,,,,,,,,,,,,,,,,,,,,,,,,,,,,,,,,,,,,,,,,,,,,,,,,,
,,,,,,,,"Blind_Classic_LogBait",,,,,,,,,,,,,,,,,,,,,,,,,,,,,,,,,,,,,,,,,,,,,,,,,,,,,,,
"TeamVsTeam_Rage_Ladder","TID_GAMEMODE_RAGE_2v2","TID_REQUEST_RAGE_2V2","TID_RAGE_2V2_IN_PROGRESS","Ladder",,"Collection",180,,,,,,115,85,,,,,,,"TvT",,,,,,,,,,,,,,,"icon_mode_rage","Arena5","TID_CLAN_WAR_GAME_MODE_INFO_1V1_RAGE",,"RageModeRage","Rage_mode",,,,,,,,,,,,,,,,,,,,,,
"ThreeVsThree","TID_GAMEMODE_3V3","TID_REQUEST_3V3","TID_3V3_IN_PROGRESS","Friendly",,"Collection",180,,,,,,85,70,,,,,,,"3v3",,,,,,,,,,,,,,,"icon_mode_2v2",,,,,,"TRUE",,,,,,,,,,,,,,,,,,,,,
"ThreeVsThreeHeist","TID_GAMEMODE_3V3_HEIST","TID_REQUEST_3V3_HEIST","TID_3V3_HEIST_IN_PROGRESS","Friendly",,"Collection",180,,,,,,85,70,,,,,,,"3v3",,,,,,,,,,,,,,,"icon_mode_2v2",,,,,,"TRUE",,,,,,,,,,,,,,,,,,,,,
"Heist_Friendly","TID_GAMEMODE_HEIST","TID_REQUEST_HEIST","TID_HEIST_1V1_IN_PROGRESS","Friendly",,"Collection",180,,,,,,150,80,,,,,,,"PvP",,,,,,,,,,,,,,,"icon_tournament_heist",,,,,,"TRUE",,,,,,,,,,,,,,,,,,,,,
"Heist_Draft","TID_GAMEMODE_HEIST_DRAFT","TID_REQUEST_HEIST_DRAFT","TID_HEIST_DRAFT_1V1_IN_PROGRESS","Friendly",,"Draft",180,,,,,,150,80,,,,,,,"PvP",,,,,,,,,,,,,,,"icon_tournament_heist",,,,,,"TRUE",,,,,,,,,,,,,,,,,,,,,
"Event_Shocktober","TID_CHALLENGE_SHOCKTOBER",,,"Friendly",,"EventDeck",180,,,,,,,,,,,,,,"PvP","Event_Shocktober",,,,,,,,,,,,,,"icon_mode_1v1","Arena_Electric",,,,,,,,,,,,,,,,,,,,,,,,,,
"HeroChallenge1v1","TID_HERO_CHALLENGE",,,"Tournament",,"Collection",180,,,,,,,,,,,,"true",,"PvP",,,,,,,,,,,,,,,,,,,,,,,,,,,,,,,,,,,,21000,"TRUE",,,,,
"TeamVsTeam_TripleElixir_Ladder","TID_TRIPLE_ELIXIR","TID_REQUEST_TRIPLE_ELIXIR_1V1","TID_TRIPLE_ELIXIR_1V1_IN_PROGRESS","Ladder",,"Collection",180,,,,,,255,150,"true",0,,,,,"TvT",,,,,,,,,,,,,,,"icon_mode_3x_elixir",,"TID_CLAN_WAR_GAME_MODE_INFO_1V1_TRIPLE_ELIXIR",,,,,"ElixerPump",,,,,,,,,,,,,,,,,,,,
"Heist_Tournament","TID_GAMEMODE_HEIST","TID_REQUEST_HEIST","TID_HEIST_1V1_IN_PROGRESS","Tournament",,"Collection",180,,,,,,150,80,,,,,,,"PvP",,,,,,,,,,,,,,,"icon_tournament_heist",,,,,,"TRUE",,,,,,,,,,,,,,,,,,,,,
"SpawnPigsMode_Friendly","TID_GAMEMODE_SPAWN_PIGS_EVENT",,,"Friendly",,"Collection",180,,,,,,,,,,,,,,"PvP",,,,,,,,,,,,,,,"icon_mode_1v1",,,,,,,,"RoyalHog",12000,2,10000,,,,,,,,,,,,,,,,
"ClanWarMiniCollection_Friendly","TID_CLAN_WAR_COLLECTION_MODE",,,"Friendly",,"EventDeck",180,,,,,,,,,,,,,,"PvP",,"TRUE",,,,,,,,,,,,,"icon_mode_retro",,,,,,,,,,,,,"MiniCollect_WinCon","MiniCollect_AntiSet_Expensive",,,,,,,,,,,,,
,,,,,,,,,,,,,,,,,,,,,,,,,,,,,,,,,,,,,,,,,,,,,,,,,"MiniCollect_WinCon","MiniCollect_AntiSet_Buildings",,,,,,,,,,,,,
,,,,,,,,,,,,,,,,,,,,,,,,,,,,,,,,,,,,,,,,,,,,,,,,,"MiniCollect_SmallSpell",,,,,,,,,,,,,,
,,,,,,,,,,,,,,,,,,,,,,,,,,,,,,,,,,,,,,,,,,,,,,,,,"MiniCollect_SmallSpell",,,,,,,,,,,,,,
,,,,,,,,,,,,,,,,,,,,,,,,,,,,,,,,,,,,,,,,,,,,,,,,,"MiniCollect_BigSpell",,,,,,,,,,,,,,
,,,,,,,,,,,,,,,,,,,,,,,,,,,,,,,,,,,,,,,,,,,,,,,,,"MiniCollect_BigSpell",,,,,,,,,,,,,,
,,,,,,,,,,,,,,,,,,,,,,,,,,,,,,,,,,,,,,,,,,,,,,,,,"MiniCollect_AntiTank",,,,,,,,,,,,,,
,,,,,,,,,,,,,,,,,,,,,,,,,,,,,,,,,,,,,,,,,,,,,,,,,"MiniCollect_AntiAir",,,,,,,,,,,,,,
,,,,,,,,,,,,,,,,,,,,,,,,,,,,,,,,,,,,,,,,,,,,,,,,,"MiniCollect_AntiAir",,,,,,,,,,,,,,
,,,,,,,,,,,,,,,,,,,,,,,,,,,,,,,,,,,,,,,,,,,,,,,,,"MiniCollect_DefensiveBuilding",,,,,,,,,,,,,,
"ClassicDecks_Helsinki2016","TID_ClassicDecks_Helsinki2016","TID_REQUEST_POPULAR_1V1","TID_POPULAR_1V1_IN_PROGRESS","Friendly",,"Predefined",180,"ClassicHKI_Jason",,,,,,,,,,,,,"PvP",,,,,,,,,,,,,,,"icon_mode_popdeck",,"TID_CLAN_WAR_GAME_MODE_INFO_CLASSIC_DECKS_HELSINKI",,,,,,,,,,,,,,,,,,,,,,,,,
,,,,,,,,"ClassicHKI_Elfe",,,,,,,,,,,,,,,,,,,,,,,,,,,,,,,,,,,,,,,,,,,,,,,,,,,,,,,
,,,,,,,,"ClassicHKI_Naazime",,,,,,,,,,,,,,,,,,,,,,,,,,,,,,,,,,,,,,,,,,,,,,,,,,,,,,,
,,,,,,,,"ClassicHKI_Steroidi",,,,,,,,,,,,,,,,,,,,,,,,,,,,,,,,,,,,,,,,,,,,,,,,,,,,,,,
,,,,,,,,"ClassicHKI_ClashWithAsh",,,,,,,,,,,,,,,,,,,,,,,,,,,,,,,,,,,,,,,,,,,,,,,,,,,,,,,
"ClassicDecks_KingsCup1","TID_ClassicDecks_KingsCup1","TID_REQUEST_POPULAR_1V1","TID_POPULAR_1V1_IN_PROGRESS","Friendly",,"Predefined",180,"ClassicKC1_YaoYao",,,,,,,,,,,,,"PvP",,,,,,,,,,,,,,,"icon_mode_popdeck",,"TID_CLAN_WAR_GAME_MODE_INFO_CLASSIC_DECKS_KINGSCUP1",,,,,,,,,,,,,,,,,,,,,,,,,
,,,,,,,,"ClassicKC1_Colton",,,,,,,,,,,,,,,,,,,,,,,,,,,,,,,,,,,,,,,,,,,,,,,,,,,,,,,
,,,,,,,,"ClassicKC1_ChiefPat",,,,,,,,,,,,,,,,,,,,,,,,,,,,,,,,,,,,,,,,,,,,,,,,,,,,,,,
,,,,,,,,"ClassicKC1_TopNotch",,,,,,,,,,,,,,,,,,,,,,,,,,,,,,,,,,,,,,,,,,,,,,,,,,,,,,,
"ClanWarMiniCollection_Ladder","TID_CLAN_WAR_COLLECTION_MODE",,,"Ladder",,"EventDeck",180,,,,,,,,,,,,,,"PvP",,"TRUE",,,,,,,,,,,,,"icon_mode_retro",,,,,,,,,,,,,"MiniCollect_WinCon","MiniCollect_AntiSet_Expensive",,,,,,,,,,,,,
,,,,,,,,,,,,,,,,,,,,,,,,,,,,,,,,,,,,,,,,,,,,,,,,,"MiniCollect_WinCon","MiniCollect_AntiSet_Buildings",,,,,,,,,,,,,
,,,,,,,,,,,,,,,,,,,,,,,,,,,,,,,,,,,,,,,,,,,,,,,,,"MiniCollect_SmallSpell",,,,,,,,,,,,,,
,,,,,,,,,,,,,,,,,,,,,,,,,,,,,,,,,,,,,,,,,,,,,,,,,"MiniCollect_SmallSpell",,,,,,,,,,,,,,
,,,,,,,,,,,,,,,,,,,,,,,,,,,,,,,,,,,,,,,,,,,,,,,,,"MiniCollect_BigSpell",,,,,,,,,,,,,,
,,,,,,,,,,,,,,,,,,,,,,,,,,,,,,,,,,,,,,,,,,,,,,,,,"MiniCollect_BigSpell",,,,,,,,,,,,,,
,,,,,,,,,,,,,,,,,,,,,,,,,,,,,,,,,,,,,,,,,,,,,,,,,"MiniCollect_AntiTank",,,,,,,,,,,,,,
,,,,,,,,,,,,,,,,,,,,,,,,,,,,,,,,,,,,,,,,,,,,,,,,,"MiniCollect_AntiAir",,,,,,,,,,,,,,
,,,,,,,,,,,,,,,,,,,,,,,,,,,,,,,,,,,,,,,,,,,,,,,,,"MiniCollect_AntiAir",,,,,,,,,,,,,,
,,,,,,,,,,,,,,,,,,,,,,,,,,,,,,,,,,,,,,,,,,,,,,,,,"MiniCollect_DefensiveBuilding",,,,,,,,,,,,,,
"ClanWarMiniCollection_Tournament","TID_CLAN_WAR_COLLECTION_MODE",,,"Tournament",,"EventDeck",180,,,,,,,,,,,,,,"PvP",,"TRUE",,,,,,,,,,,,,"icon_mode_retro",,,,,,,,,,,,,"MiniCollect_WinCon","MiniCollect_AntiSet_Expensive",,,,,,,,,,,,,
,,,,,,,,,,,,,,,,,,,,,,,,,,,,,,,,,,,,,,,,,,,,,,,,,"MiniCollect_WinCon","MiniCollect_AntiSet_Buildings",,,,,,,,,,,,,
,,,,,,,,,,,,,,,,,,,,,,,,,,,,,,,,,,,,,,,,,,,,,,,,,"MiniCollect_SmallSpell",,,,,,,,,,,,,,
,,,,,,,,,,,,,,,,,,,,,,,,,,,,,,,,,,,,,,,,,,,,,,,,,"MiniCollect_SmallSpell",,,,,,,,,,,,,,
,,,,,,,,,,,,,,,,,,,,,,,,,,,,,,,,,,,,,,,,,,,,,,,,,"MiniCollect_BigSpell",,,,,,,,,,,,,,
,,,,,,,,,,,,,,,,,,,,,,,,,,,,,,,,,,,,,,,,,,,,,,,,,"MiniCollect_BigSpell",,,,,,,,,,,,,,
,,,,,,,,,,,,,,,,,,,,,,,,,,,,,,,,,,,,,,,,,,,,,,,,,"MiniCollect_AntiTank",,,,,,,,,,,,,,
,,,,,,,,,,,,,,,,,,,,,,,,,,,,,,,,,,,,,,,,,,,,,,,,,"MiniCollect_AntiAir",,,,,,,,,,,,,,
,,,,,,,,,,,,,,,,,,,,,,,,,,,,,,,,,,,,,,,,,,,,,,,,,"MiniCollect_AntiAir",,,,,,,,,,,,,,
,,,,,,,,,,,,,,,,,,,,,,,,,,,,,,,,,,,,,,,,,,,,,,,,,"MiniCollect_DefensiveBuilding",,,,,,,,,,,,,,
"Boosts_Friendly","TID_GAMEMODE_RANDOM_BOOSTS",,,"Friendly",,"Collection",180,,,,,,,,,,,"TRUE",,,"PvP",,,,,,,,,,,,,,,"icon_mode_1v1",,,,,,,,,,,,,,,,,,,,,,,,,,,
"Snowball_bombardment","TID_SNOWBALL_BOMBARDMENT",,,"Friendly",,"Collection",180,,,,,,,,,,,,,,"PvP",,,,,,,,,,,,,,,"icon_mode_1v1",,,,,,,,,6000,,8000,"SnowballSpell",,,,,,,,,,,,,,,
"RampUpElixirSpawnPigsMode_Friendly","TID_GAMEMODE_SPAWN_PIGS_EVENT",,,"Friendly",,"Collection",180,,,,,,,,,,,,,,"PvP",,,,,,,,,,,,,,,"icon_mode_1v1",,,,,,,,"RoyalHog",12000,1,13500,,,,,,,,,,,,,,,,
"DraftSpawnPigsMode_Friendly","TID_GAMEMODE_SPAWN_PIGS_EVENT",,,"Friendly",,"Draft",180,,,,,,,,,,,,,,"PvP",,,,,,,,,,,,,,,"icon_mode_1v1",,,,,,,,"RoyalHog",12000,1,13500,,,,,,,,,,,,,,,,
"RampUpElixirSpawnPigsMode_Tournament","TID_GAMEMODE_SPAWN_PIGS_EVENT",,,"Tournament",,"Collection",180,,,,,,,,,,,,,,"PvP",,,,,,,,,,,,,,,"icon_mode_1v1",,,,,,,,"RoyalHog",12000,1,13500,,,,,,,,,,,,,,,,
"EventDeckrSpawnPigsMode_Tournament","TID_GAMEMODE_SPAWN_PIGS_EVENT",,,"Tournament",,"EventDeck",180,,,,,,,,,,,,,,"PvP",,,,,,,,,,,,,,,"icon_mode_1v1",,,,,,,,"RoyalHog",12000,1,13500,,,,,,,,,,,,,,,,
"RampUpElixirEventDeckSpawnPigsMode_Friendly","TID_GAMEMODE_SPAWN_PIGS_EVENT",,,"Friendly",,"EventDeck",180,,,,,,,,,,,,,,"PvP",,,,,,,,,,,,,,,"icon_mode_1v1",,,,,,,,"RoyalHog",12000,1,13500,,,,,,,,,,,,,,,,
"RampUpElixirDraftSpawnPigsMode_Friendly","TID_GAMEMODE_SPAWN_PIGS_EVENT",,,"Friendly",,"Draft",180,,,,,,,,,,,,,,"PvP",,,,,,,,,,,,,,,"icon_mode_1v1",,,,,,,,"RoyalHog",12000,1,13500,,,,,,,,,,,,,,,,
"TeamVsTeamSpellSupportDraft","TID_TEAM_CHALLENGE_DRAFT","TID_REQUEST_DRAFT_2V2","TID_DRAFT_2V2_IN_PROGRESS","Friendly",,"Draft",180,,,,,,85,70,,,,,,,"TvT",,,,,,,,,,,,,,,"icon_mode_draft",,,,,,,,,,,,,,,"true",,,,,,,,,,,,
"RampFatigue","TID_RAMP_UP_FATIGUE",,,"Friendly",,"Collection",120,,,,,,,,,,,,,,"PvP",,,,,,,,,,,,,,,"icon_mode_1v1",,,,,,,,,,,,,,,,100,2000,,,,,,,,,,
"TestBuff","TID_SNOWBALL_BOMBARDMENT",,,"Friendly",,"Collection",180,,,,,,,,,,,,,,"PvP",,,,,,,,,,,,,,,"icon_mode_1v1",,,,,,,,,,,,,,,,,,"MiniPekka","Invisibility",,,,,,,,
"HeroChallenge_draft2","TID_HERO_CHALLENGE",,,"Tournament",,"Draft",180,,,,,,,,,,,,"true",,"PvP",,,,,,,,,,,,,,,,,,,,,,,,,,,,,,,,,,,,14000,,,,,,
"HeroChallenge_draft3","TID_HERO_CHALLENGE",,,"Tournament",,"Draft",180,,,,,,,,,,,,"true",,"PvP",,,,,,,,,,,,,,,,,,,,,,,,,,,,,,,,,,,,21000,"TRUE","DarkElixirCollector",,,,
"ElixirCollectorCapture_Friendly","TID_FRIENDLY_BATTLE_1V1",,,"Friendly",,"Collection",180,,,,,,,,,,,,,,"PvP",,,,,,,,,,,,,,,"icon_mode_1v1",,,,,,,,,,,,,,,,,,,,,,,"ElixirCollectorNeutral",31500,21000,,
"CaptureTheEgg_Friendly","TID_FRIENDLY_BATTLE_1V1",,,"Friendly",,"Collection",180,,,,,,,,,,,,,,"PvP",,,,,,,,,,,,,,,"icon_mode_1v1",,,,,,,,,,,,,,,,,,,,,,,"DragonEgg",31500,,,
"DoubleDeck_Friendly","TID_MEGA_DECK",,,"Friendly",,"Collection",180,,,,,,125,125,,,,,,,"PvP",,,,,,,,,,,,,,,"icon_mode_1v1",,,,,,,,,,,,,,,,,,,,,,,,,,16,
"DoubleDeck_Tournament","TID_MEGA_DECK",,,"Tournament",,"EventDeck",180,,,,,,125,125,,,,,,,"PvP",,,,,,,,,,,,,,,"icon_mode_1v1",,,,,,,,,,,,,,,,,,,,,,,,,,18,
"RampUpElixirRageJacksMode_Tournament","TID_GAMEMODE_SPAWN_JACKS_EVENT",,,"Tournament",,"Collection",180,,,,,,135,,,,,,,,"PvP",,,,,,,,,,,,,,,"icon_mode_rage","Arena8",,,"RageModeRage","Rage_mode",,,"RageBarbarian",18000,1,13500,,,,,,,,,,,,,,,,
"EventDeck_Rage_SpawnJacks_Friendly","TID_GAMEMODE_EVENT_RAGE_SPAWNJACKS",,,"Friendly",,"EventDeck",180,,,,,,135,,,,,,,,"PvP",,,"TRUE",,,,,,,,,,,,"icon_mode_1v1",,,,,,,,"RageBarbarian",19000,1,19000,,,,,,,,,,,,,,,,
"Draft_Rage_SpawnJacks_Friendly","TID_GAMEMODE_DRAFT_RAGE_SPAWNJACKS",,,"Friendly",,"Draft",180,,,,,,135,,,,,,,,"PvP",,,,,,,,,,,,,,,"icon_mode_draft",,,,,,,,"RageBarbarian",19000,1,19000,,,,,,,,,,,,,,,,
"ElixirCollectorCapture_Tournament","TID_CAPTURE_THE_ELIXIR_STORAGE_MODE",,,"Tournament",,"Collection",180,,,,,,,,,,,,,,"PvP",,,,,,,,,,,,,,,"icon_mode_1v1",,,,,,,,,,,,,,,,,,,,,,,"ElixirCollectorNeutral",31500,21000,,
"CaptureTheEgg_Tournament","TID_CAPTURE_THE_EGG_MODE",,,"Tournament",,"Collection",180,,,,,,,,,,,,,,"PvP",,,,,,,,,,,,,,,"icon_mode_1v1",,,,,,,,,,,,,,,,,,,,,,,"DragonEgg",31500,,,
"Obstacles_Friendly","TID_FRIENDLY_BATTLE_1V1",,,"Friendly",,"Collection",180,,,,,,,,,,,,,,"PvP",,,,,,,,,,,,,,,"icon_mode_1v1","Arena_Obstacles",,,,,,,,,,,,,,,,,,,,,,,,,,
"Mega_Boss_PVE","TID_FRIENDLY_BATTLE_1V1",,,"Friendly",,"Collection",180,,,,,,,,,,,,,,"PvE",,,,,,,,,,,,,,,"icon_mode_1v1",,,,,,,,,,,,,,,,,,,,,,,,,,,
"CaptureTheFish_Friendly","TID_FRIENDLY_BATTLE_1V1",,,"Friendly",,"Collection",180,,,,,,,,,,,,,,"PvP",,,,,,,,,,,,,,,"icon_mode_1v1",,,,,,,,,,,,,,,,,,,,,,,"FishBoat",31500,,,
"RockyBoat_Friendly","TID_FRIENDLY_BATTLE_1V1",,,"Friendly",,"Collection",180,,,,,,,,,,,,,,"PvP",,,,,,,,,,,,,,,"icon_mode_1v1",,,,,,,,,,,,,,,,,,,,,,,,,21000,,
"BlindDeck_FloodHounds","TID_BLIND_FLOODHOUND","TID_REQUEST_POPULAR_1V1","TID_POPULAR_1V1_IN_PROGRESS","Friendly",,"Predefined",180,"FloodHounds_1",,"TRUE",,,200,,,,,,,,"PvP",,,,,,,,,,,,,,,"icon_mode_popdeck","Arena_Flood","TID_CLAN_WAR_GAME_MODE_INFO_CLASSIC_DECKS_KINGSCUP1",,,,,,,,,,,,,,,,,,,,,,,,,
,,,,,,,,"FloodHounds_2",,,,,,,,,,,,,,,,,,,,,,,,,,,,,,,,,,,,,,,,,,,,,,,,,,,,,,,
,,,,,,,,"FloodHounds_3",,,,,,,,,,,,,,,,,,,,,,,,,,,,,,,,,,,,,,,,,,,,,,,,,,,,,,,
,,,,,,,,"FloodHounds_4",,,,,,,,,,,,,,,,,,,,,,,,,,,,,,,,,,,,,,,,,,,,,,,,,,,,,,,
"Neutral_Fisherman","TID_FRIENDLY_BATTLE_1V1",,,"Friendly",,"Collection",180,,,,,,,,,,,,,,"PvP",,,,,,,,,,,,,,,"icon_mode_1v1",,,,,,,,,,,,,,,,,,,,,,,,,,,"Fisherbarrel"
"ClassicDecks2_Friendly","TID_POPULAR_DECK_BATTLE","TID_REQUEST_POPULAR_1V1","TID_POPULAR_1V1_IN_PROGRESS","Friendly",,"Predefined",180,"Blind_Classic_RoyalHogs",,"TRUE",,,,,,,,,,,"PvP",,,,,,,,,,,,,,,"icon_mode_popdeck",,"TID_CLAN_WAR_GAME_MODE_INFO_1V1_CLASSIC_DECKS",6000,,,,,,,,,,,,,,,,,,,,,,,,
,,,,,,,,"Blind_Classic_MegaKnight",,,,,,,,,,,,,,,,,,,,,,,,,,,,,,,,,,,,,,,,,,,,,,,,,,,,,,,
,,,,,,,,"Blind_Classic_Mortar",,,,,,,,,,,,,,,,,,,,,,,,,,,,,,,,,,,,,,,,,,,,,,,,,,,,,,,
,,,,,,,,"Blind_Classic_GoblinGiant",,,,,,,,,,,,,,,,,,,,,,,,,,,,,,,,,,,,,,,,,,,,,,,,,,,,,,,
,,,,,,,,"Blind_Classic_Xbow",,,,,,,,,,,,,,,,,,,,,,,,,,,,,,,,,,,,,,,,,,,,,,,,,,,,,,,
,,,,,,,,"Blind_Classic_LavaLoon",,,,,,,,,,,,,,,,,,,,,,,,,,,,,,,,,,,,,,,,,,,,,,,,,,,,,,,
"Heist_Ladder","TID_GAMEMODE_HEIST","TID_REQUEST_HEIST","TID_HEIST_1V1_IN_PROGRESS","Ladder",,"Collection",180,,,,,,150,150,,,,,,,"PvP",,,,,,,,,,,,,,,"icon_tournament_heist",,"TID_CLAN_WAR_GAME_MODE_INFO_HEIST",,,,"TRUE",,,,,,,,,,,,,,,,,,,,,
"RampUpElixirSpawnWBsMode_Tournament","TID_GAMEMODE_SPAWN_WALLBREAKERS",,,"Tournament",,"Collection",180,,,,,,,,,,,,,,"PvP",,,,,,,,,,,,,,,"icon_mode_1v1",,"TID_CLAN_WAR_GAME_MODE_INFO_SPAWNWALLBREAKERS",,,,,,"Wallbreaker",15000,2,5000,,,,,,,,,,,,,,,,
"RampUpElixirSpawnWBsMode_Ladder","TID_GAMEMODE_SPAWN_WALLBREAKERS",,,"Ladder",,"Collection",180,,,,,,,,,,,,,,"PvP",,,,,,,,,,,,,,,"icon_mode_1v1",,"TID_CLAN_WAR_GAME_MODE_INFO_SPAWNWALLBREAKERS",,,,,,"Wallbreaker",15000,2,5000,,,,,,,,,,,,,,,,
"RampUpElixirSpawnWBsMode_Draft","TID_GAMEMODE_SPAWN_WALLBREAKERS_Draft",,,"Friendly",,"Draft",180,,,,,,,,,,,,,,"PvP",,,,,,,,,,,,,,,"icon_mode_1v1",,"TID_CLAN_WAR_GAME_MODE_INFO_SPAWNWALLBREAKERS_DRAFT",,,,,,"Wallbreaker",15000,2,5000,,,,,,,,,,,,,,,,
"RampUpElixirSpawnWBsMode_2v2_Tournament","TID_GAMEMODE_SPAWN_WALLBREAKERS_2v2",,,"Tournament",,"Collection",180,,,,,,,,,,,,,,"TvT",,,,,,,,,,,,,,,"icon_mode_2v2",,"TID_CLAN_WAR_GAME_MODE_INFO_SPAWNWALLBREAKERS",,,,,,"Wallbreaker",10000,2,5000,,,,,,,,,,,,,,,,
"RampUpElixirSpawnWBsMode_2v2_Draft","TID_GAMEMODE_SPAWN_WALLBREAKERS_2v2_Draft",,,"Friendly",,"Draft",180,,,,,,,,,,,,,,"TvT",,,,,,,,,,,,,,,"icon_mode_2v2",,"TID_CLAN_WAR_GAME_MODE_INFO_SPAWNWALLBREAKERS_DRAFT",,,,,,"Wallbreaker",10000,2,5000,,,,,,,,,,,,,,,,
"RampUpElixirSpawnWBsMode_2v2_Ladder","TID_GAMEMODE_SPAWN_WALLBREAKERS_2v2",,,"Ladder",,"Collection",180,,,,,,,,,,,,,,"TvT",,,,,,,,,,,,,,,"icon_mode_2v2",,"TID_CLAN_WAR_GAME_MODE_INFO_SPAWNWALLBREAKERS",,,,,,"Wallbreaker",10000,2,5000,,,,,,,,,,,,,,,,
"RampUpElixirSpawnWBsMode_Friendly","TID_GAMEMODE_SPAWN_WALLBREAKERS",,,"Friendly",,"Collection",180,,,,,,,,,,,,,,"PvP",,,,,,,,,,,,,,,"icon_mode_1v1",,"TID_CLAN_WAR_GAME_MODE_INFO_SPAWNWALLBREAKERS",,,,,,"Wallbreaker",15000,2,5000,,,,,,,,,,,,,,,,
"NeutralFisherman_Friendly","TID_GAMEMODE_NEUTRALFISHERMAN",,,"Friendly",,"Collection",180,,,,,,,,,,,,,,"PvP",,,,,,,,,,,,,,,"icon_mode_1v1",,"TID_CLAN_WAR_GAME_MODE_INFO_NEUTRALFISHERMAN",,,,,,,,,,,,,,,,,,,,,,,,,"Fisherbarrel"
"NeutralFisherman_Tournament","TID_GAMEMODE_NEUTRALFISHERMAN",,,"Tournament",,"Collection",180,,,,,,,,,,,,,,"PvP",,,,,,,,,,,,,,,"icon_mode_1v1",,"TID_CLAN_WAR_GAME_MODE_INFO_NEUTRALFISHERMAN",,,,,,,,,,,,,,,,,,,,,,,,,"Fisherbarrel"
"NeutralFisherman_Ladder","TID_GAMEMODE_NEUTRALFISHERMAN",,,"Ladder",,"Collection",180,,,,,,,,,,,,,,"PvP",,,,,,,,,,,,,,,"icon_mode_1v1",,"TID_CLAN_WAR_GAME_MODE_INFO_NEUTRALFISHERMAN",,,,,,,,,,,,,,,,,,,,,,,,,"Fisherbarrel"
"NeutralFisherman_Draft","TID_GAMEMODE_NEUTRALFISHERMAN_DRAFT",,,"Friendly",,"Draft",180,,,,,,,,,,,,,,"PvP",,,,,,,,,,,,,,,"icon_mode_1v1",,"TID_CLAN_WAR_GAME_MODE_INFO_NEUTRALFISHERMAN_DRAFT",,,,,,,,,,,,,,,,,,,,,,,,,"Fisherbarrel"
"NeutralFisherman_Draft_2v2","TID_GAMEMODE_NEUTRALFISHERMAN_DRAFT_2v2",,,"Friendly",,"Draft",180,,,,,,,,,,,,,,"TvT",,,,,,,,,,,,,,,"icon_mode_2v2",,"TID_CLAN_WAR_GAME_MODE_INFO_NEUTRALFISHERMAN_DRAFT",,,,,,,,,,,,,,,,,,,,,,,,,"Fisherbarrel"
"NeutralFisherman_Ladder_2v2","TID_GAMEMODE_NEUTRALFISHERMAN_2v2",,,"Ladder",,"Collection",180,,,,,,,,,,,,,,"TvT",,,,,,,,,,,,,,,"icon_mode_2v2",,"TID_CLAN_WAR_GAME_MODE_INFO_NEUTRALFISHERMAN",,,,,,,,,,,,,,,,,,,,,,,,,"Fisherbarrel"
"NeutralFisherman_Tournament_2v2","TID_GAMEMODE_NEUTRALFISHERMAN_2v2",,,"Tournament",,"Collection",180,,,,,,,,,,,,,,"TvT",,,,,,,,,,,,,,,"icon_mode_2v2",,"TID_CLAN_WAR_GAME_MODE_INFO_NEUTRALFISHERMAN",,,,,,,,,,,,,,,,,,,,,,,,,"Fisherbarrel"
"NeutralFisherman_Friendly_2v2","TID_GAMEMODE_NEUTRALFISHERMAN_2v2",,,"Friendly",,"Collection",180,,,,,,,,,,,,,,"TvT",,,,,,,,,,,,,,,"icon_mode_2v2",,"TID_CLAN_WAR_GAME_MODE_INFO_NEUTRALFISHERMAN",,,,,,,,,,,,,,,,,,,,,,,,,"Fisherbarrel"
"CaptureTheFish_Tournament","TID_CAPTURE_THE_FISHERMAN",,,"Tournament",,"Collection",180,,,,,,,,,,,,,,"PvP",,,,,,,,,,,,,,,"icon_mode_1v1",,,,,,,,,,,,,,,,,,,,,,,"FishBoat",31500,,,
"BlindDeck_FloodHounds_2v2","TID_BLIND_FLOODHOUND","TID_REQUEST_POPULAR_1V1","TID_POPULAR_1V1_IN_PROGRESS","Friendly",,"Predefined",180,"FloodHounds_1",,"TRUE",,,200,,,,,,,,"TvT",,,,,,,,,,,,,,,"icon_mode_2v2","Arena_Flood","TID_CLAN_WAR_GAME_MODE_INFO_CLASSIC_DECKS_KINGSCUP1",,,,,,,,,,,,,,,,,,,,,,,,,
,,,,,,,,"FloodHounds_2",,,,,,,,,,,,,,,,,,,,,,,,,,,,,,,,,,,,,,,,,,,,,,,,,,,,,,,
,,,,,,,,"FloodHounds_3",,,,,,,,,,,,,,,,,,,,,,,,,,,,,,,,,,,,,,,,,,,,,,,,,,,,,,,
,,,,,,,,"FloodHounds_4",,,,,,,,,,,,,,,,,,,,,,,,,,,,,,,,,,,,,,,,,,,,,,,,,,,,,,,
