"Name","Spells","TID"
"String","String","String"
"SetRandomRangedSupport","Princess",
,"IceWizard",
,"Archer",
,"Musketeer",
"SetRandomDirectDamageSpell","Arrows",
,"Zap",
,"Poison",
,"Fireball",
"SetRandomCheapUnit","Skeletons",
,"IceSpirits",
,"Goblins",
,"SpearGoblins",
,"FireSpirits",
,"IceGolemite",
"SetRandomAttackCard1","Xbow",
,"Golem",
,"RoyalGiant",
,"HogRider",
,"Prince",
,"LavaHound",
,"Pekka",
,"Giant",
"SetRandomAttackCard2","HogRider",
,"Miner",
,"GoblinBarrel",
,"RageBarbarian",
,"MiniPekka",
,"Bowler",
,"Valkyrie",
"SetRandom2to3Any","Goblins",
,"SpearGoblins",
,"FireSpirits",
,"Zap",
,"Rage",
,"Log",
,"IceGolemite",
,"Archer",
,"Minions",
,"Knight",
,"Arrows",
,"Bomber",
,"Cannon",
,"SkeletonWarriors",
,"GoblinBarrel",
,"Tornado",
,"Princess",
,"IceWizard",
,"Miner",
,"MegaMinion",
,"Tombstone",
"SetRandom3to4Unit","Archer",
,"Minions",
,"Knight",
,"Arrows",
,"Bomber",
,"SkeletonWarriors",
,"Princess",
,"IceWizard",
,"Miner",
,"MegaMinion",
,"BabyDragon",
,"DarkPrince",
,"SkeletonArmy",
,"InfernoDragon",
,"RageBarbarian",
,"Musketeer",
,"MiniPekka",
,"Valkyrie",
,"HogRider",
"SetRandom3to5Any","Mirror",
,"Archer",
,"Minions",
,"Knight",
,"Arrows",
,"Bomber",
,"Cannon",
,"SkeletonWarriors",
,"GoblinBarrel",
,"Tornado",
,"Princess",
,"IceWizard",
,"Miner",
,"MegaMinion",
,"Mortar",
,"Tombstone",
,"Tesla",
,"BabyDragon",
,"Poison",
,"DarkPrince",
,"Freeze",
,"SkeletonArmy",
,"InfernoDragon",
,"RageBarbarian",
,"Musketeer",
,"MiniPekka",
,"Fireball",
,"Valkyrie",
,"HogRider",
,"FirespiritHut",
,"MinionHorde",
,"Barbarians",
,"Witch",
,"Balloon",
,"Bowler",
,"Prince",
,"Graveyard",
,"Wizard",
,"Giant",
,"BombTower",
,"InfernoTower",
,"GoblinHut",
"SetRandomAll","Skeletons",
,"IceSpirits",
,"Mirror",
,"Goblins",
,"SpearGoblins",
,"FireSpirits",
,"Zap",
,"Rage",
,"Log",
,"IceGolemite",
,"Archer",
,"Minions",
,"Knight",
,"Arrows",
,"Bomber",
,"Cannon",
,"SkeletonWarriors",
,"GoblinBarrel",
,"Tornado",
,"Princess",
,"IceWizard",
,"Miner",
,"MegaMinion",
,"Tombstone",
,"Tesla",
,"Mortar",
,"AngryBarbarians",
,"BabyDragon",
,"Poison",
,"DarkPrince",
,"Freeze",
,"SkeletonArmy",
,"InfernoDragon",
,"RageBarbarian",
,"Musketeer",
,"MiniPekka",
,"Fireball",
,"Valkyrie",
,"HogRider",
,"FirespiritHut",
,"MinionHorde",
,"Barbarians",
,"Witch",
,"Balloon",
,"Bowler",
,"Prince",
,"Graveyard",
,"Wizard",
,"Giant",
,"BombTower",
,"InfernoTower",
,"GoblinHut",
,"RoyalGiant",
,"GiantSkeleton",
,"Lightning",
,"Xbow",
,"ZapMachine",
,"Rocket",
,"Elixir Collector",
,"Pekka",
,"LavaHound",
,"BarbarianHut",
,"Golem",
,"ThreeMusketeers",
"SetFixedBuildingDefense","Cannon",
,"InfernoTower",
,"Tesla",
,"Tombstone",
"SetFixedBuildingHut","GoblinHut",
,"FirespiritHut",
"SetFixedCheapUnit","Skeletons",
,"IceSpirits",
,"Goblins",
,"SpearGoblins",
,"FireSpirits",
"SetFixedSpirit","FireSpirits",
,"IceSpirits",
"SetFixedTankUnit","BabyDragon",
,"Giant",
,"Valkyrie",
"SetFixedHeavyAttack","RoyalGiant",
,"HogRider",
"SetFixedHeavySupport","ZapMachine",
,"Bowler",
,"ThreeMusketeers",
"SetFixedFlyingHeavy","InfernoDragon",
,"LavaHound",
"SetFixedFlyingSupport","BabyDragon",
,"MegaMinion",
,"MinionHorde",
"SetFixedRangedSupport","Princess",
,"IceWizard",
,"Archer",
,"Musketeer",
,"Wizard",
,"Witch",
"SetFixedDamageSpellLow","Arrows",
,"Zap",
,"Log",
"SetFixedDamageSpellMid","Poison",
,"Fireball",
"SetFixedDamageSpellBig","Rocket",
,"Lightning",
"SetFixedMidSupport","Barbarians",
,"Valkyrie",
,"Bowler",
,"DarkPrince",
,"MiniPekka",
"SetFixedSwarm","SkeletonArmy",
,"SkeletonWarriors",
"SetFixedCheapFlying","Minions",
,"MegaMinion",
"Draft_TankUnit","Giant",
,"GiantSkeleton",
,"RoyalGiant",
,"Pekka",
,"Golem",
,"Valkyrie",
,"BabyDragon",
"Draft_Legendary","Princess",
,"IceWizard",
,"Miner",
,"InfernoDragon",
,"RageBarbarian",
,"ElectroWizard",
,"Graveyard",
,"ZapMachine",
,"LavaHound",
,"Assassin",
,"DarkWitch",
,"MegaKnight",
,"EliteArcher",
"Draft_AntiAir","Musketeer",
,"Archer",
,"Princess",
,"IceWizard",
,"Wizard",
,"Witch",
,"ElectroWizard",
,"AxeMan",
,"BlowdartGoblin",
"Draft_DamageSpell","Arrows",
,"Zap",
,"Log",
,"Poison",
,"Fireball",
,"Rocket",
,"Lightning",
"Draft_CheapDudes","Skeletons",
,"IceSpirits",
,"Goblins",
,"SpearGoblins",
,"FireSpirits",
,"IceGolemite",
,"SkeletonArmy",
,"SkeletonWarriors",
,"Minions",
,"GoblinGang",
"Draft_Buildings","Cannon",
,"InfernoTower",
,"BombTower",
,"Tesla",
,"Tombstone",
,"Mortar",
,"Xbow",
,"GoblinHut",
,"BarbarianHut",
,"FirespiritHut",
,"GoblinCage",
"Draft_Aggressive","Miner",
,"Balloon",
,"RoyalGiant",
,"HogRider",
,"Prince",
,"DarkPrince",
,"RageBarbarian",
,"GoblinBarrel",
,"BattleRam",
,"Assassin",
,"AngryBarbarians",
"Draft_CoolStuff","Freeze",
,"Graveyard",
,"RageBarbarian",
,"Tornado",
,"GoblinBarrel",
,"Miner",
,"ThreeMusketeers",
,"Elixir Collector",
,"Mirror",
,"Assassin",
,"BarbLog",
,"Hunter",
,"EliteArcher",
"Draft_3costUnit","MegaMinion",
,"Archer",
,"Princess",
,"IceWizard",
,"Minions",
,"Knight",
,"Miner",
,"SkeletonWarriors",
,"Bomber",
,"GoblinBarrel",
,"SkeletonArmy",
,"Assassin",
,"GoblinGang",
,"BlowdartGoblin",
"Draft_4costUnit","InfernoDragon",
,"Musketeer",
,"RageBarbarian",
,"MiniPekka",
,"BabyDragon",
,"DarkPrince",
,"Valkyrie",
,"HogRider",
,"ElectroWizard",
,"BattleRam",
,"DarkWitch",
,"EliteArcher",
"Draft_5costUnit","Witch",
,"Wizard",
,"MinionHorde",
,"Barbarians",
,"Balloon",
,"Bowler",
,"Prince",
,"Giant",
,"AxeMan",
"Draft_AllRandom","*","TID_SPELL_SET_ALL_RANDOM"
"Draft_CheapCards","Skeletons",
,"IceSpirits",
,"Goblins",
,"SpearGoblins",
,"FireSpirits",
,"IceGolemite",
,"Zap",
,"Log",
"Draft_AntiAir2","IceSpirits",
,"SpearGoblins",
,"FireSpirits",
,"Archer",
,"BlowdartGoblin",
,"Princess",
"Draft_MainAttack","Miner",
,"RoyalGiant",
,"HogRider",
,"Giant",
,"LavaHound",
,"Balloon",
,"Graveyard",
,"GoblinBarrel",
,"Golem",
"TEST_Draft_All_live_cards","Skeletons",
,"IceSpirits",
,"Mirror",
,"Goblins",
,"SpearGoblins",
,"FireSpirits",
,"Zap",
,"Rage",
,"Log",
,"IceGolemite",
,"Archer",
,"Minions",
,"Knight",
,"Arrows",
,"Bomber",
,"Cannon",
,"SkeletonWarriors",
,"GoblinBarrel",
,"BlowdartGoblin",
,"Tornado",
,"Clone",
,"Princess",
,"IceWizard",
,"Miner",
,"MegaMinion",
,"Tombstone",
,"GoblinGang",
,"Tesla",
,"Mortar",
,"AngryBarbarians",
,"BabyDragon",
,"Poison",
,"DarkPrince",
,"Freeze",
,"SkeletonArmy",
,"InfernoDragon",
,"RageBarbarian",
,"ElectroWizard",
,"Musketeer",
,"MiniPekka",
,"Fireball",
,"Valkyrie",
,"HogRider",
,"FirespiritHut",
,"MinionHorde",
,"Barbarians",
,"Witch",
,"Balloon",
,"Bowler",
,"Prince",
,"Graveyard",
,"Wizard",
,"Giant",
,"BombTower",
,"InfernoTower",
,"GoblinHut",
,"RoyalGiant",
,"GiantSkeleton",
,"Lightning",
,"Xbow",
,"ZapMachine",
,"Rocket",
,"Elixir Collector",
,"Pekka",
,"LavaHound",
,"BarbarianHut",
,"Golem",
,"ThreeMusketeers",
,"AxeMan",
,"Assassin",
,"BattleRam",
,"Heal",
,"DarkWitch",
,"MegaKnight",
,"MovingCannon",
,"Bats",
"TEST_Draft_New_cards","Bats",
"TEST_Draft_New_cards_daily","Bats",
"Draft_TD_FastRunners","Wallbreakers",
,"RoyalHogs",
,"RamRider",
,"BattleRam",
,"HogRider",
,"WitchMother",
"Draft_TD_BigRunners","ElixirGolem",
,"Giant",
,"Balloon",
,"GoblinGiant",
,"LavaHound",
,"Golem",
"Draft_TD_DamageSpells","Zap",
,"Log",
,"BarbLog",
,"Snowball",
,"Arrows",
,"Earthquake",
,"Tornado",
,"Poison",
,"Fireball",
,"Freeze",
,"Rocket",
,"Lightning",
,"Mirror",
,"Rage",
,"Clone",
,"RoyalDelivery",
"Draft_TD_Buildings","InfernoTower",
,"BombTower",
,"Tesla",
,"Tombstone",
,"Mortar",
,"Xbow",
,"GoblinHut",
,"BarbarianHut",
,"FirespiritHut",
,"Cannon",
,"GoblinCage",
,"GoblinDrill",
"Draft_TD_AntiAir","SpearGoblins",
,"Archer",
,"BlowdartGoblin",
,"MegaMinion",
,"Princess",
,"IceWizard",
,"InfernoDragon",
,"BabyDragon",
,"ElectroWizard",
,"Musketeer",
,"DartBarrell",
,"Hunter",
,"MiniSparkys",
,"EliteArcher",
,"Witch",
,"Wizard",
,"AxeMan",
,"ElectroDragon",
,"MinionHorde",
,"Minions",
,"Bowler",
,"MovingCannon",
,"SkeletonDragons",
"Draft_TD_Melee","RageBarbarian",
,"Assassin",
,"Pekka",
,"AngryBarbarians",
,"Ghost",
,"Miner",
,"Barbarians",
,"MegaKnight",
,"GiantSkeleton",
,"DarkWitch",
,"Fisherman",
,"DarkPrince",
,"Prince",
,"MiniPekka",
,"Valkyrie",
,"Rascals",
,"RoyalRecruits",
,"Knight",
,"BattleHealer",
"Draft_TD_CheapDudes","Skeletons",
,"IceSpirits",
,"Goblins",
,"SpearGoblins",
,"FireSpirits",
,"IceGolemite",
,"SkeletonArmy",
,"SkeletonWarriors",
,"Minions",
,"GoblinGang",
,"Bats",
,"SkeletonBalloon",
,"Bomber",
,"ElectroSpirit",
"MirrorSet","Skeletons",
,"IceSpirits",
,"Goblins",
,"SpearGoblins",
,"FireSpirits",
,"Zap",
,"Rage",
,"Log",
,"IceGolemite",
,"Archer",
,"Minions",
,"Knight",
,"Arrows",
,"Bomber",
,"Cannon",
,"SkeletonWarriors",
,"GoblinBarrel",
,"Tornado",
,"Princess",
,"IceWizard",
,"Miner",
,"MegaMinion",
,"Tombstone",
,"Tesla",
,"Mortar",
,"AngryBarbarians",
,"BabyDragon",
,"Poison",
,"DarkPrince",
,"Freeze",
,"SkeletonArmy",
,"InfernoDragon",
,"RageBarbarian",
,"Musketeer",
,"MiniPekka",
,"Fireball",
,"Valkyrie",
,"HogRider",
,"FirespiritHut",
,"MinionHorde",
,"Barbarians",
,"Witch",
,"Balloon",
,"Bowler",
,"Prince",
,"Graveyard",
,"Wizard",
,"Giant",
,"BombTower",
,"InfernoTower",
,"GoblinHut",
,"RoyalGiant",
,"GiantSkeleton",
,"Lightning",
,"Xbow",
,"ZapMachine",
,"Rocket",
,"Elixir Collector",
,"Pekka",
,"LavaHound",
,"BarbarianHut",
,"Golem",
,"ThreeMusketeers",
,"BarbLog",
"SetMirror_Aggro","Goblins",
,"SpearGoblins",
,"FireSpirits",
,"Archer",
,"Minions",
,"Knight",
,"Bomber",
,"GoblinBarrel",
,"BlowdartGoblin",
,"Princess",
,"IceWizard",
,"Miner",
,"MegaMinion",
,"GoblinGang",
,"Mortar",
,"AngryBarbarians",
,"BabyDragon",
,"DarkPrince",
,"InfernoDragon",
,"RageBarbarian",
,"ElectroWizard",
,"Musketeer",
,"MiniPekka",
,"Valkyrie",
,"HogRider",
,"MinionHorde",
,"Barbarians",
,"Witch",
,"Balloon",
,"Bowler",
,"Prince",
,"Graveyard",
,"Wizard",
,"Giant",
,"GoblinHut",
,"RoyalGiant",
,"GiantSkeleton",
,"Xbow",
,"ZapMachine",
,"Pekka",
,"LavaHound",
,"BarbarianHut",
,"Golem",
,"ThreeMusketeers",
,"AxeMan",
,"Assassin",
,"DarkWitch",
,"BattleRam",
,"Bats",
,"MovingCannon",
,"MegaKnight",
,"SkeletonBalloon",
,"DartBarrell",
"SetMirror_Counters","Goblins",
,"SpearGoblins",
,"FireSpirits",
,"Archer",
,"Minions",
,"Knight",
,"Bomber",
,"BlowdartGoblin",
,"Princess",
,"IceWizard",
,"MegaMinion",
,"GoblinGang",
,"AngryBarbarians",
,"BabyDragon",
,"DarkPrince",
,"InfernoDragon",
,"RageBarbarian",
,"ElectroWizard",
,"Musketeer",
,"MiniPekka",
,"Valkyrie",
,"MinionHorde",
,"Barbarians",
,"Witch",
,"Bowler",
,"Prince",
,"Wizard",
,"GoblinHut",
,"GiantSkeleton",
,"ZapMachine",
,"Pekka",
,"BarbarianHut",
,"Golem",
,"ThreeMusketeers",
,"AxeMan",
,"Assassin",
,"DarkWitch",
,"BattleRam",
,"Bats",
,"MovingCannon",
,"MegaKnight",
,"DartBarrell",
,"Skeletons",
,"IceSpirits",
,"Zap",
,"Log",
,"IceGolemite",
,"Arrows",
,"Cannon",
,"SkeletonWarriors",
,"Tornado",
,"Tombstone",
,"Tesla",
,"Poison",
,"SkeletonArmy",
,"Fireball",
,"FirespiritHut",
,"BombTower",
,"InfernoTower",
,"Lightning",
,"Rocket",
,"BarbLog",
,"EliteArcher",
"SetMirror_Troops","GoblinBarrel",
,"Graveyard",
,"Goblins",
,"SpearGoblins",
,"FireSpirits",
,"Archer",
,"Minions",
,"Knight",
,"Bomber",
,"BlowdartGoblin",
,"Princess",
,"IceWizard",
,"MegaMinion",
,"GoblinGang",
,"AngryBarbarians",
,"BabyDragon",
,"DarkPrince",
,"InfernoDragon",
,"RageBarbarian",
,"ElectroWizard",
,"Musketeer",
,"MiniPekka",
,"Valkyrie",
,"MinionHorde",
,"Barbarians",
,"Witch",
,"Bowler",
,"Prince",
,"Wizard",
,"GiantSkeleton",
,"ZapMachine",
,"Pekka",
,"Golem",
,"ThreeMusketeers",
,"AxeMan",
,"Assassin",
,"DarkWitch",
,"BattleRam",
,"Bats",
,"MovingCannon",
,"MegaKnight",
,"DartBarrell",
,"Skeletons",
,"IceSpirits",
,"IceGolemite",
,"SkeletonWarriors",
,"SkeletonArmy",
,"Miner",
,"HogRider",
,"Balloon",
,"Giant",
,"RoyalGiant",
,"LavaHound",
,"SkeletonBalloon",
,"EliteArcher",
"SetMirror_NonBuilding","Zap",
,"Log",
,"Arrows",
,"Tornado",
,"Poison",
,"Fireball",
,"Lightning",
,"Rocket",
,"GoblinBarrel",
,"Graveyard",
,"Mirror",
,"Rage",
,"Clone",
,"Freeze",
,"Heal",
,"Goblins",
,"SpearGoblins",
,"FireSpirits",
,"Archer",
,"Minions",
,"Knight",
,"Bomber",
,"BlowdartGoblin",
,"Princess",
,"IceWizard",
,"MegaMinion",
,"GoblinGang",
,"AngryBarbarians",
,"BabyDragon",
,"DarkPrince",
,"InfernoDragon",
,"RageBarbarian",
,"ElectroWizard",
,"Musketeer",
,"MiniPekka",
,"Valkyrie",
,"MinionHorde",
,"Barbarians",
,"Witch",
,"Bowler",
,"Prince",
,"Wizard",
,"GiantSkeleton",
,"ZapMachine",
,"Pekka",
,"Golem",
,"ThreeMusketeers",
,"AxeMan",
,"Assassin",
,"DarkWitch",
,"BattleRam",
,"Bats",
,"MovingCannon",
,"MegaKnight",
,"DartBarrell",
,"Skeletons",
,"IceSpirits",
,"IceGolemite",
,"SkeletonWarriors",
,"SkeletonArmy",
,"Miner",
,"HogRider",
,"Balloon",
,"Giant",
,"RoyalGiant",
,"LavaHound",
,"SkeletonBalloon",
,"BarbLog",
,"EliteArcher",
"SetMirror_Aggro_H","AxeMan",
,"Balloon",
,"Bats",
,"Bomber",
,"DarkPrince",
,"DarkWitch",
,"ElectroWizard",
,"FireSpirits",
,"GiantSkeleton",
,"Golem",
,"Graveyard",
,"IceWizard",
,"LavaHound",
,"MegaMinion",
,"MinionHorde",
,"Minions",
,"MiniPekka",
,"MovingCannon",
,"Pekka",
,"SkeletonBalloon",
,"Witch",
,"ZapMachine",
"SetMirror_Counters_H","FireSpirits",
,"Minions",
,"Bomber",
,"IceWizard",
,"MegaMinion",
,"DarkPrince",
,"ElectroWizard",
,"MiniPekka",
,"MinionHorde",
,"Witch",
,"GiantSkeleton",
,"ZapMachine",
,"Pekka",
,"Golem",
,"AxeMan",
,"DarkWitch",
,"Bats",
,"MovingCannon",
,"Skeletons",
,"IceSpirits",
,"Zap",
,"IceGolemite",
,"SkeletonWarriors",
,"Tornado",
,"Tombstone",
,"Tesla",
,"Poison",
,"SkeletonArmy",
,"FirespiritHut",
,"BombTower",
,"InfernoTower",
,"Lightning",
,"Rocket",
"SetMirror_Troops_H","Graveyard",
,"FireSpirits",
,"Minions",
,"Bomber",
,"IceWizard",
,"MegaMinion",
,"DarkPrince",
,"ElectroWizard",
,"MiniPekka",
,"MinionHorde",
,"Witch",
,"GiantSkeleton",
,"ZapMachine",
,"Pekka",
,"Golem",
,"AxeMan",
,"DarkWitch",
,"Bats",
,"MovingCannon",
,"Skeletons",
,"IceSpirits",
,"IceGolemite",
,"SkeletonWarriors",
,"SkeletonArmy",
,"Balloon",
,"LavaHound",
,"SkeletonBalloon",
"SetMirror_NonBuilding_H","Zap",
,"Tornado",
,"Poison",
,"Lightning",
,"Rocket",
,"Graveyard",
,"Mirror",
,"Clone",
,"Freeze",
,"FireSpirits",
,"Minions",
,"Bomber",
,"IceWizard",
,"MegaMinion",
,"DarkPrince",
,"ElectroWizard",
,"MiniPekka",
,"MinionHorde",
,"Witch",
,"GiantSkeleton",
,"ZapMachine",
,"Pekka",
,"Golem",
,"AxeMan",
,"DarkWitch",
,"Bats",
,"MovingCannon",
,"Skeletons",
,"IceSpirits",
,"IceGolemite",
,"SkeletonWarriors",
,"SkeletonArmy",
,"Balloon",
,"LavaHound",
,"SkeletonBalloon",
"SetMirror_H","AxeMan",
,"Balloon",
,"Bats",
,"Bomber",
,"BombTower",
,"Clone",
,"DarkPrince",
,"DarkWitch",
,"ElectroWizard",
,"FirespiritHut",
,"FireSpirits",
,"Freeze",
,"GiantSkeleton",
,"Golem",
,"Graveyard",
,"IceGolemite",
,"IceSpirits",
,"IceWizard",
,"InfernoTower",
,"LavaHound",
,"Lightning",
,"MegaMinion",
,"MinionHorde",
,"Minions",
,"MiniPekka",
,"Pekka",
,"Poison",
,"Rocket",
,"SkeletonArmy",
,"Skeletons",
,"SkeletonWarriors",
,"Tesla",
,"Tombstone",
,"Tornado",
,"Witch",
,"Zap",
,"ZapMachine",
,"SkeletonBalloon",
,"MovingCannon",
"Draft_H_any","AxeMan",
,"Balloon",
,"Bats",
,"Bomber",
,"BombTower",
,"Clone",
,"DarkPrince",
,"DarkWitch",
,"ElectroWizard",
,"FirespiritHut",
,"FireSpirits",
,"Freeze",
,"GiantSkeleton",
,"Golem",
,"Graveyard",
,"IceGolemite",
,"IceSpirits",
,"IceWizard",
,"InfernoTower",
,"LavaHound",
,"Lightning",
,"MegaMinion",
,"MinionHorde",
,"Minions",
,"MiniPekka",
,"Mirror",
,"Pekka",
,"Poison",
,"Rocket",
,"SkeletonArmy",
,"Skeletons",
,"SkeletonWarriors",
,"Tesla",
,"Tombstone",
,"Tornado",
,"Witch",
,"Zap",
,"ZapMachine",
,"SkeletonBalloon",
,"MovingCannon",
"Draft_DecNewCards","MiniSparkys",
,"Hunter",
"TD_HogCounters","Cannon",
,"BombTower",
,"Tombstone",
,"Fireball",
,"Freeze",
,"FirespiritHut",
,"BattleRam",
"Draft_RH_TankUnit","Rascals",
,"Giant",
,"Golem",
,"Knight",
,"LavaHound",
,"IceGolemite",
,"Miner",
,"RoyalGiant",
,"Valkyrie",
,"RoyalRecruits",
,"GoblinGiant",
,"ElixirGolem",
,"ElectroGiant",
,"GoblinDrill",
"Draft_RH_AntiAir","Archer",
,"AxeMan",
,"Bats",
,"BabyDragon",
,"BlowdartGoblin",
,"ElectroWizard",
,"DartBarrell",
,"Hunter",
,"IceWizard",
,"InfernoDragon",
,"EliteArcher",
,"MegaMinion",
,"MinionHorde",
,"Minions",
,"Musketeer",
,"Princess",
,"SpearGoblins",
,"Witch",
,"Wizard",
,"MiniSparkys",
,"ElectroDragon",
,"Firecracker",
,"SkeletonDragons",
"Draft_RH_DirectDamage","Arrows",
,"Fireball",
,"Lightning",
,"Log",
,"Poison",
,"Rocket",
,"Zap",
,"Snowball",
,"BarbLog",
,"Earthquake",
,"RoyalDelivery",
"Draft_RH_CycleUnder3","Bats",
,"FireSpirits",
,"Goblins",
,"IceGolemite",
,"IceSpirits",
,"Skeletons",
,"SpearGoblins",
,"Heal",
,"ElectroSpirit",
"Draft_RH_Investment","BarbarianHut",
,"Elixir Collector",
,"FirespiritHut",
,"GoblinHut",
,"Mortar",
,"Tombstone",
,"Xbow",
,"GoblinCage",
"Draft_RH_Punish","AngryBarbarians",
,"Assassin",
,"MovingCannon",
,"Prince",
,"RageBarbarian",
,"Ghost",
,"DarkPrince",
,"GoblinBarrel",
,"Mortar",
,"Xbow",
,"MinionHorde",
,"Rascals",
,"GoblinDrill",
"Draft_RH_HitTower","Prince",
,"DarkPrince",
,"Assassin",
,"EliteArcher",
,"Princess",
,"FireSpirits",
,"Ghost",
,"MovingCannon",
,"BlowdartGoblin",
,"DartBarrell",
,"GoblinGang",
,"SpearGoblins",
,"DartBarrell",
"Draft_RH_CombatTricks","Clone",
,"Freeze",
,"Mirror",
,"Rage",
,"Tornado",
,"RoyalDelivery",
"Draft_RH_VersatileLegs","Assassin",
,"Princess",
,"IceWizard",
,"EliteArcher",
,"DarkWitch",
,"ElectroWizard",
,"InfernoDragon",
,"RageBarbarian",
,"Ghost",
,"Fisherman",
,"WitchMother",
"Draft_RH_TankSupport","BabyDragon",
,"AxeMan",
,"Bowler",
,"MinionHorde",
,"DarkPrince",
,"DarkWitch",
,"DartBarrell",
,"Hunter",
,"EliteArcher",
,"MegaMinion",
,"Musketeer",
,"Prince",
,"Witch",
,"Wizard",
,"MiniSparkys",
,"MovingCannon",
,"ElectroDragon",
,"BattleHealer",
,"SkeletonDragons",
"Draft_RH_AntiTank","AngryBarbarians",
,"MovingCannon",
,"Barbarians",
,"BombTower",
,"Cannon",
,"Witch",
,"InfernoDragon",
,"InfernoTower",
,"MiniPekka",
,"Tesla",
,"Hunter",
,"Rascals",
,"RageBarbarian",
,"Pekka",
,"GoblinCage",
"Draft_RH_AllRandom","*",
"Draft_RH_Distractions","FireSpirits",
,"GoblinGang",
,"Goblins",
,"IceGolemite",
,"IceSpirits",
,"Minions",
,"SkeletonArmy",
,"Skeletons",
,"SkeletonWarriors",
,"SpearGoblins",
,"ElectroSpirit",
"Draft_RH_Splash","BabyDragon",
,"Bomber",
,"Bowler",
,"DarkPrince",
,"FireSpirits",
,"IceWizard",
,"MegaKnight",
,"Ghost",
,"Wizard",
,"Hunter",
,"Witch",
,"EliteArcher",
,"AxeMan",
,"Valkyrie",
,"Firecracker",
,"SkeletonDragons",
"Draft_RH_MiniTank","Knight",
,"Valkyrie",
,"MiniPekka",
,"Miner",
,"DarkPrince",
,"Rascals",
,"Prince",
,"MovingCannon",
,"GoblinCage",
,"Fisherman",
,"BattleHealer",
"Draft_RH_WinCons","Graveyard",
,"Giant",
,"Balloon",
,"BattleRam",
,"HogRider",
,"GoblinGiant",
,"RoyalGiant",
,"GoblinBarrel",
,"Miner",
,"RoyalHogs",
,"RoyalGiant",
,"SkeletonBalloon",
,"RamRider",
,"Wallbreakers",
,"ElixirGolem",
,"GoblinDrill",
"Draft_RH_2ndSpell","Arrows",
,"Fireball",
,"Lightning",
,"Log",
,"Poison",
,"Rocket",
,"Zap",
,"Snowball",
,"BarbLog",
,"Tornado",
,"Earthquake",
,"Freeze",
"Draft_RH_Basic3s","Archer",
,"MegaMinion",
,"BlowdartGoblin",
,"Bomber",
,"Minions",
,"GoblinBarrel",
,"GoblinGang",
,"Knight",
,"SkeletonArmy",
,"SkeletonWarriors",
,"Assassin",
,"Ghost",
,"Fisherman",
,"Firecracker",
,"RoyalDelivery",
"Draft_RH_CheapAntiAir","Archer",
,"Bats",
,"BabyDragon",
,"BlowdartGoblin",
,"DartBarrell",
,"IceWizard",
,"EliteArcher",
,"MegaMinion",
,"Minions",
,"Musketeer",
,"Princess",
,"SpearGoblins",
,"MiniSparkys",
,"Firecracker",
"Draft_Promo","EliteArcher",
,"Hunter",
"Draft_Promo_AntiAir","Archer",
,"AxeMan",
,"Bats",
,"BabyDragon",
,"BlowdartGoblin",
,"ElectroWizard",
,"DartBarrell",
,"IceWizard",
,"InfernoDragon",
,"MegaMinion",
,"MinionHorde",
,"Minions",
,"Musketeer",
,"Princess",
,"SpearGoblins",
,"Witch",
,"Wizard",
,"MiniSparkys",
,"ThreeMusketeers",
"Draft_Promo_CheapAntiAir","Archer",
,"Bats",
,"BabyDragon",
,"BlowdartGoblin",
,"DartBarrell",
,"IceWizard",
,"MegaMinion",
,"Minions",
,"Musketeer",
,"Princess",
,"SpearGoblins",
,"MiniSparkys",
"Draft_Promo_Splash","BabyDragon",
,"Bomber",
,"Bowler",
,"DarkPrince",
,"FireSpirits",
,"Archer",
,"IceWizard",
,"MegaKnight",
,"Ghost",
,"Wizard",
,"Witch",
,"AxeMan",
,"Valkyrie",
"Draft_Promo_TankSupport","BabyDragon",
,"AxeMan",
,"Bowler",
,"MinionHorde",
,"DarkPrince",
,"DarkWitch",
,"DartBarrell",
,"MegaMinion",
,"Musketeer",
,"Prince",
,"Witch",
,"Wizard",
,"MiniSparkys",
,"MovingCannon",
"Draft_Promo_AntiTank","AngryBarbarians",
,"MovingCannon",
,"Barbarians",
,"BombTower",
,"Cannon",
,"GiantSkeleton",
,"Witch",
,"InfernoDragon",
,"InfernoTower",
,"MiniPekka",
,"Tesla",
,"Rascals",
,"RageBarbarian",
,"ZapMachine",
"Draft_Promo_HitTower","Prince",
,"DarkPrince",
,"Assassin",
,"Princess",
,"FireSpirits",
,"Ghost",
,"MovingCannon",
,"BlowdartGoblin",
,"DartBarrell",
,"GoblinGang",
,"SpearGoblins",
"Draft_Promo_VersatileLegs","Assassin",
,"Princess",
,"IceWizard",
,"DarkWitch",
,"ElectroWizard",
,"InfernoDragon",
,"RageBarbarian",
,"Ghost",
"Set_CW_damagespellsArena6","Zap",
,"Arrows",
,"BarbLog",
,"Fireball",
,"Poison",
,"Rocket",
,"Lightning",
"Set_CW_tanktowersArena7","Knight",
,"HogRider",
,"Valkyrie",
,"Giant",
,"RoyalGiant",
,"Golem",
,"GiantSkeleton",
,"Pekka",
,"RoyalRecruits",
"Set_CW_winconsArena7","GoblinBarrel",
,"HogRider",
,"BattleRam",
,"Giant",
,"Balloon",
,"RoyalGiant",
,"ThreeMusketeers",
,"Prince",
,"DarkPrince",
,"Golem",
,"MinionHorde",
,"Xbow",
,"Mortar",
,"Pekka",
,"Wallbreakers",
"Set_CW_troopspellsArena9","Skeletons",
,"Goblins",
,"SpearGoblins",
,"FireSpirits",
,"Zap",
,"Archer",
,"Arrows",
,"Bomber",
,"Knight",
,"GoblinBarrel",
,"Minions",
,"SkeletonBalloon",
,"MegaMinion",
,"BabyDragon",
,"Fireball",
,"MiniPekka",
,"Musketeer",
,"SkeletonArmy",
,"Valkyrie",
,"HogRider",
,"Poison",
,"BattleRam",
,"Giant",
,"Prince",
,"Witch",
,"Balloon",
,"Barbarians",
,"MinionHorde",
,"Wizard",
,"Lightning",
,"GiantSkeleton",
,"Rocket",
,"GoblinGang",
,"RoyalGiant",
,"Pekka",
,"ThreeMusketeers",
,"Rascals",
,"BarbLog",
,"Hunter",
,"DartBarrell",
,"MovingCannon",
,"BlowdartGoblin",
,"DarkPrince",
,"SkeletonWarriors",
,"Bowler",
,"IceGolemite",
,"IceSpirits",
,"Tornado",
,"Bats",
,"Golem",
,"Snowball",
,"RoyalRecruits",
,"GoblinGiant",
,"Wallbreakers",
,"Earthquake",
"Set_CW_antitankArena4","Goblins",
,"Bomber",
,"MegaMinion",
,"MiniPekka",
,"Musketeer",
,"SkeletonArmy",
,"Valkyrie",
,"Prince",
,"Witch",
,"Barbarians",
,"MinionHorde",
,"Archer",
,"Pekka",
,"Hunter",
"Set_CW_tankArena4","Knight",
,"BabyDragon",
,"Valkyrie",
,"Giant",
,"Prince",
,"GiantSkeleton",
,"Balloon",
,"Pekka",
,"Golem",
,"HogRider",
,"BattleRam",
"Set_CW_antiairArena6","SpearGoblins",
,"FireSpirits",
,"Archer",
,"Minions",
,"MegaMinion",
,"BabyDragon",
,"Musketeer",
,"Witch",
,"MinionHorde",
,"Wizard",
,"Hunter",
,"DartBarrell",
,"Bats",
,"InfernoTower",
,"FirespiritHut",
"Set_CW_allcardsArena6","Archer",
,"Arrows",
,"Bomber",
,"Knight",
,"BabyDragon",
,"Fireball",
,"MiniPekka",
,"Musketeer",
,"SkeletonArmy",
,"Giant",
,"Prince",
,"Witch",
,"Goblins",
,"SpearGoblins",
,"GoblinBarrel",
,"Valkyrie",
,"GoblinHut",
,"Lightning",
,"Skeletons",
,"Minions",
,"Tombstone",
,"Balloon",
,"BarbLog",
,"GiantSkeleton",
,"Hunter",
,"Cannon",
,"Barbarians",
,"Rocket",
,"Xbow",
,"BarbarianHut",
,"Freeze",
,"HogRider",
,"MegaMinion",
,"InfernoTower",
,"MinionHorde",
,"Pekka",
,"FireSpirits",
,"Zap",
,"FirespiritHut",
,"Poison",
,"Wizard",
,"Bats",
,"SkeletonBalloon",
,"BattleRam",
,"Mortar",
,"Elixir Collector",
,"DartBarrell",
,"MovingCannon",
,"Wallbreakers",
"Set_CW_Anti_SpicySpells","Rage",
,"Freeze",
,"Heal",
,"Clone",
,"Mirror",
"Set_CW_Anti_Buldings","InfernoTower",
,"BombTower",
,"Tesla",
,"Tombstone",
,"Mortar",
,"Xbow",
,"GoblinHut",
,"BarbarianHut",
,"FirespiritHut",
,"Cannon",
,"Elixir Collector",
"Set_CW_Anti_Expensive","ThreeMusketeers",
,"Golem",
,"BarbarianHut",
,"Pekka",
,"GiantSkeleton",
,"Elixir Collector",
,"Xbow",
,"AngryBarbarians",
,"RoyalGiant",
,"Lightning",
,"Rocket",
,"RoyalRecruits",
,"GoblinGiant",
"MirrorCW_BigWinCon","Giant",
,"Golem",
,"GoblinGiant",
,"LavaHound",
,"RoyalGiant",
,"RoyalHogs",
,"RamRider",
,"Balloon",
,"Graveyard",
,"ElectroGiant",
"MirrorCW_SmallWinCon","ElixirGolem",
,"Miner",
,"HogRider",
,"Wallbreakers",
,"SkeletonBalloon",
,"GoblinBarrel",
,"BattleRam",
"MirrorCW_Brawler","Rascals",
,"Knight",
,"Valkyrie",
,"BattleHealer",
,"RageBarbarian",
,"MiniPekka",
,"Prince",
,"DarkPrince",
,"MegaKnight",
,"Pekka",
,"Ghost",
,"Assassin",
,"DarkWitch",
,"AngryBarbarians",
,"Barbarians",
,"GoblinCage",
"MirrorCW_AntiAir","BabyDragon",
,"InfernoDragon",
,"ElectroDragon",
,"SkeletonDragons",
,"AxeMan",
,"MinionHorde",
,"DartBarrell",
,"Hunter",
,"EliteArcher",
,"MegaMinion",
,"Musketeer",
,"Witch",
,"Wizard",
,"MiniSparkys",
,"Firecracker",
,"BlowdartGoblin",
,"Archer",
"MirrorCW_CheapLeggy","Assassin",
,"Princess",
,"IceWizard",
,"EliteArcher",
,"Miner",
,"DarkWitch",
,"ElectroWizard",
,"InfernoDragon",
,"RageBarbarian",
,"Ghost",
,"Fisherman",
"MirrorCW_Distractions","FireSpirits",
,"GoblinGang",
,"Goblins",
,"IceSpirits",
,"Minions",
,"SkeletonArmy",
,"Skeletons",
,"SkeletonWarriors",
,"SpearGoblins",
,"Heal",
,"Bats",
,"ElectroSpirit",
"MirrorCW_DirectDamage","Arrows",
,"Fireball",
,"Lightning",
,"Log",
,"Poison",
,"Rocket",
,"Zap",
,"Snowball",
,"BarbLog",
,"RoyalDelivery",
,"Earthquake",
"Event_NewUnlockA1","Knight",
,"Archer",
,"Minions",
,"Arrows",
,"Giant",
,"Musketeer",
,"MiniPekka",
,"Fireball",
,"BabyDragon",
,"SkeletonArmy",
,"Witch",
,"Prince",
,"Goblins",
,"SpearGoblins",
,"GoblinHut",
,"HogRider",
,"Hunter",
,"GoblinBarrel",
"Event_NewUnlockA2","Knight",
,"Archer",
,"Minions",
,"Arrows",
,"Giant",
,"Musketeer",
,"MiniPekka",
,"Fireball",
,"BabyDragon",
,"SkeletonArmy",
,"Witch",
,"Prince",
,"Goblins",
,"SpearGoblins",
,"GoblinHut",
,"HogRider",
,"Hunter",
,"GoblinBarrel",
,"Bomber",
,"Skeletons",
,"Tombstone",
,"Valkyrie",
,"GiantSkeleton",
,"Balloon",
"Event_NewUnlockA3","Knight",
,"Archer",
,"Minions",
,"Arrows",
,"Giant",
,"Musketeer",
,"MiniPekka",
,"Fireball",
,"BabyDragon",
,"SkeletonArmy",
,"Witch",
,"Prince",
,"Goblins",
,"SpearGoblins",
,"GoblinHut",
,"HogRider",
,"Hunter",
,"GoblinBarrel",
,"Bomber",
,"Skeletons",
,"Tombstone",
,"Valkyrie",
,"GiantSkeleton",
,"Balloon",
,"Barbarians",
,"Cannon",
,"BarbarianHut",
,"BattleRam",
,"BarbLog",
,"Golem",
"Event_NewUnlockA4","Knight",
,"Archer",
,"Minions",
,"Arrows",
,"Giant",
,"Musketeer",
,"MiniPekka",
,"Fireball",
,"BabyDragon",
,"SkeletonArmy",
,"Witch",
,"Prince",
,"Goblins",
,"SpearGoblins",
,"GoblinHut",
,"HogRider",
,"Hunter",
,"GoblinBarrel",
,"Bomber",
,"Skeletons",
,"Tombstone",
,"Valkyrie",
,"GiantSkeleton",
,"Balloon",
,"Barbarians",
,"Cannon",
,"BarbarianHut",
,"BattleRam",
,"BarbLog",
,"Golem",
,"Zap",
,"MinionHorde",
,"InfernoTower",
,"MegaMinion",
,"Lightning",
,"Pekka",
,"Miner",
,"LavaHound",
"Event_NewUnlockA5","Knight",
,"Archer",
,"Minions",
,"Arrows",
,"Giant",
,"Musketeer",
,"MiniPekka",
,"Fireball",
,"BabyDragon",
,"SkeletonArmy",
,"Witch",
,"Prince",
,"Goblins",
,"SpearGoblins",
,"GoblinHut",
,"HogRider",
,"Hunter",
,"GoblinBarrel",
,"Bomber",
,"Skeletons",
,"Tombstone",
,"Valkyrie",
,"GiantSkeleton",
,"Balloon",
,"Barbarians",
,"Cannon",
,"BarbarianHut",
,"BattleRam",
,"BarbLog",
,"Golem",
,"Zap",
,"MinionHorde",
,"InfernoTower",
,"MegaMinion",
,"Lightning",
,"Pekka",
,"Miner",
,"LavaHound",
,"Bats",
,"FireSpirits",
,"FirespiritHut",
,"Wizard",
,"Poison",
,"Freeze",
,"Graveyard",
,"DarkWitch",
"Event_NewUnlockA6","Knight",
,"Archer",
,"Minions",
,"Arrows",
,"Giant",
,"Musketeer",
,"MiniPekka",
,"Fireball",
,"BabyDragon",
,"SkeletonArmy",
,"Witch",
,"Prince",
,"Goblins",
,"SpearGoblins",
,"GoblinHut",
,"HogRider",
,"Hunter",
,"GoblinBarrel",
,"Bomber",
,"Skeletons",
,"Tombstone",
,"Valkyrie",
,"GiantSkeleton",
,"Balloon",
,"Barbarians",
,"Cannon",
,"BarbarianHut",
,"BattleRam",
,"BarbLog",
,"Golem",
,"Zap",
,"MinionHorde",
,"InfernoTower",
,"MegaMinion",
,"Lightning",
,"Pekka",
,"Miner",
,"LavaHound",
,"Bats",
,"FireSpirits",
,"FirespiritHut",
,"Wizard",
,"Poison",
,"Freeze",
,"Graveyard",
,"DarkWitch",
,"SkeletonBalloon",
,"Mortar",
,"DartBarrell",
,"Rocket",
,"Xbow",
,"MovingCannon",
,"InfernoDragon",
,"Log",
"Event_NewUnlockA7","Knight",
,"Archer",
,"Minions",
,"Arrows",
,"Giant",
,"Musketeer",
,"MiniPekka",
,"Fireball",
,"BabyDragon",
,"SkeletonArmy",
,"Witch",
,"Prince",
,"Goblins",
,"SpearGoblins",
,"GoblinHut",
,"HogRider",
,"Hunter",
,"GoblinBarrel",
,"Bomber",
,"Skeletons",
,"Tombstone",
,"Valkyrie",
,"GiantSkeleton",
,"Balloon",
,"Barbarians",
,"Cannon",
,"BarbarianHut",
,"BattleRam",
,"BarbLog",
,"Golem",
,"Zap",
,"MinionHorde",
,"InfernoTower",
,"MegaMinion",
,"Lightning",
,"Pekka",
,"Miner",
,"LavaHound",
,"Bats",
,"FireSpirits",
,"FirespiritHut",
,"Wizard",
,"Poison",
,"Freeze",
,"Graveyard",
,"DarkWitch",
,"SkeletonBalloon",
,"Mortar",
,"DartBarrell",
,"Rocket",
,"Xbow",
,"MovingCannon",
,"InfernoDragon",
,"Log",
,"RoyalGiant",
,"Heal",
,"ThreeMusketeers",
,"DarkPrince",
,"SkeletonWarriors",
,"Ghost",
,"Princess",
,"RoyalRecruits",
"Event_NewUnlockA8","Knight",
,"Archer",
,"Minions",
,"Arrows",
,"Giant",
,"Musketeer",
,"MiniPekka",
,"Fireball",
,"BabyDragon",
,"SkeletonArmy",
,"Witch",
,"Prince",
,"Goblins",
,"SpearGoblins",
,"GoblinHut",
,"HogRider",
,"Hunter",
,"GoblinBarrel",
,"Bomber",
,"Skeletons",
,"Tombstone",
,"Valkyrie",
,"GiantSkeleton",
,"Balloon",
,"Barbarians",
,"Cannon",
,"BarbarianHut",
,"BattleRam",
,"BarbLog",
,"Golem",
,"Zap",
,"MinionHorde",
,"InfernoTower",
,"MegaMinion",
,"Lightning",
,"Pekka",
,"Miner",
,"LavaHound",
,"Bats",
,"FireSpirits",
,"FirespiritHut",
,"Wizard",
,"Poison",
,"Freeze",
,"Graveyard",
,"DarkWitch",
,"SkeletonBalloon",
,"Mortar",
,"DartBarrell",
,"Rocket",
,"Xbow",
,"MovingCannon",
,"InfernoDragon",
,"Log",
,"RoyalGiant",
,"Heal",
,"ThreeMusketeers",
,"DarkPrince",
,"SkeletonWarriors",
,"Ghost",
,"Princess",
,"Snowball",
,"IceSpirits",
,"IceGolemite",
,"Elixir Collector",
,"Tornado",
,"Bowler",
,"IceWizard",
,"RageBarbarian",
,"RoyalRecruits",
"Event_NewUnlockA9","Knight",
,"Archer",
,"Minions",
,"Arrows",
,"Giant",
,"Musketeer",
,"MiniPekka",
,"Fireball",
,"BabyDragon",
,"SkeletonArmy",
,"Witch",
,"Prince",
,"Goblins",
,"SpearGoblins",
,"GoblinHut",
,"HogRider",
,"Hunter",
,"GoblinBarrel",
,"Bomber",
,"Skeletons",
,"Tombstone",
,"Valkyrie",
,"GiantSkeleton",
,"Balloon",
,"Barbarians",
,"Cannon",
,"BarbarianHut",
,"BattleRam",
,"BarbLog",
,"Golem",
,"Zap",
,"MinionHorde",
,"InfernoTower",
,"MegaMinion",
,"Lightning",
,"Pekka",
,"Miner",
,"LavaHound",
,"Bats",
,"FireSpirits",
,"FirespiritHut",
,"Wizard",
,"Poison",
,"Freeze",
,"Graveyard",
,"DarkWitch",
,"SkeletonBalloon",
,"Mortar",
,"DartBarrell",
,"Rocket",
,"Xbow",
,"MovingCannon",
,"InfernoDragon",
,"Log",
,"RoyalGiant",
,"Heal",
,"ThreeMusketeers",
,"DarkPrince",
,"SkeletonWarriors",
,"Ghost",
,"Princess",
,"Snowball",
,"IceSpirits",
,"IceGolemite",
,"Elixir Collector",
,"Tornado",
,"Bowler",
,"IceWizard",
,"RageBarbarian",
,"GoblinGang",
,"Rascals",
,"BlowdartGoblin",
,"AxeMan",
,"Assassin",
,"RoyalRecruits",
,"GoblinGiant",
,"Earthquake",
"Event_NewUnlockA10","Knight",
,"Archer",
,"Minions",
,"Arrows",
,"Giant",
,"Musketeer",
,"MiniPekka",
,"Fireball",
,"BabyDragon",
,"SkeletonArmy",
,"Witch",
,"Prince",
,"Goblins",
,"SpearGoblins",
,"GoblinHut",
,"HogRider",
,"Hunter",
,"GoblinBarrel",
,"Bomber",
,"Skeletons",
,"Tombstone",
,"Valkyrie",
,"GiantSkeleton",
,"Balloon",
,"Barbarians",
,"Cannon",
,"BarbarianHut",
,"BattleRam",
,"BarbLog",
,"Golem",
,"Zap",
,"MinionHorde",
,"InfernoTower",
,"MegaMinion",
,"Lightning",
,"Pekka",
,"Miner",
,"LavaHound",
,"Bats",
,"FireSpirits",
,"FirespiritHut",
,"Wizard",
,"Poison",
,"Freeze",
,"Graveyard",
,"DarkWitch",
,"SkeletonBalloon",
,"Mortar",
,"DartBarrell",
,"Rocket",
,"Xbow",
,"MovingCannon",
,"InfernoDragon",
,"Log",
,"RoyalGiant",
,"Heal",
,"ThreeMusketeers",
,"DarkPrince",
,"SkeletonWarriors",
,"Ghost",
,"Princess",
,"Snowball",
,"IceSpirits",
,"IceGolemite",
,"Elixir Collector",
,"Tornado",
,"Bowler",
,"IceWizard",
,"RageBarbarian",
,"GoblinGang",
,"Rascals",
,"BlowdartGoblin",
,"AxeMan",
,"Assassin",
,"AngryBarbarians",
,"RoyalHogs",
,"BombTower",
,"Rage",
,"EliteArcher",
,"MegaKnight",
,"RoyalRecruits",
,"GoblinGiant",
,"Earthquake",
,"Firecracker",
"Event_NewUnlockA11","Knight",
,"Archer",
,"Minions",
,"Arrows",
,"Giant",
,"Musketeer",
,"MiniPekka",
,"Fireball",
,"BabyDragon",
,"SkeletonArmy",
,"Witch",
,"Prince",
,"Goblins",
,"SpearGoblins",
,"GoblinHut",
,"HogRider",
,"Hunter",
,"GoblinBarrel",
,"Bomber",
,"Skeletons",
,"Tombstone",
,"Valkyrie",
,"GiantSkeleton",
,"Balloon",
,"Barbarians",
,"Cannon",
,"BarbarianHut",
,"BattleRam",
,"BarbLog",
,"Golem",
,"Zap",
,"MinionHorde",
,"InfernoTower",
,"MegaMinion",
,"Lightning",
,"Pekka",
,"Miner",
,"LavaHound",
,"Bats",
,"FireSpirits",
,"FirespiritHut",
,"Wizard",
,"Poison",
,"Freeze",
,"Graveyard",
,"DarkWitch",
,"SkeletonBalloon",
,"Mortar",
,"DartBarrell",
,"Rocket",
,"Xbow",
,"MovingCannon",
,"InfernoDragon",
,"Log",
,"RoyalGiant",
,"Heal",
,"ThreeMusketeers",
,"DarkPrince",
,"SkeletonWarriors",
,"Ghost",
,"Princess",
,"Snowball",
,"IceSpirits",
,"IceGolemite",
,"Elixir Collector",
,"Tornado",
,"Bowler",
,"IceWizard",
,"RageBarbarian",
,"GoblinGang",
,"Rascals",
,"BlowdartGoblin",
,"AxeMan",
,"Assassin",
,"AngryBarbarians",
,"RoyalHogs",
,"BombTower",
,"Rage",
,"EliteArcher",
,"MegaKnight",
,"Tesla",
,"MiniSparkys",
,"Clone",
,"Mirror",
,"ElectroWizard",
,"ZapMachine",
,"RoyalRecruits",
,"GoblinGiant",
,"Earthquake",
,"ElectroDragon",
,"RamRider",
,"Fisherman",
,"GoblinCage",
,"ElixirGolem",
,"Wallbreakers",
,"BattleHealer",
,"Firecracker",
"Draft_58_Tank","Giant",
,"GiantSkeleton",
,"Golem",
,"RoyalGiant",
,"Miner",
,"Knight",
,"LavaHound",
,"Valkyrie",
"Draft_58_Spell","Zap",
,"Arrows",
,"Fireball",
,"Snowball",
,"Poison",
,"Lightning",
,"Rocket",
,"BarbLog",
,"Earthquake",
"Draft_58_AntiAir","Archer",
,"Musketeer",
,"Minions",
,"SpearGoblins",
,"Hunter",
,"MegaMinion",
,"MinionHorde",
,"Bats",
,"Wizard",
,"DartBarrell",
,"BabyDragon",
"Draft_58_Distractions","SkeletonArmy",
,"Goblins",
,"Skeletons",
,"Minions",
,"Bats",
,"FireSpirits",
"Draft_58_AntiTank","Witch",
,"Hunter",
,"MiniPekka",
,"Pekka",
,"Prince",
,"MinionHorde",
,"MovingCannon",
,"Barbarians",
"Draft_58_Buildings","Cannon",
,"InfernoTower",
,"BarbarianHut",
,"FirespiritHut",
,"Tombstone",
,"Xbow",
,"Mortar",
,"GoblinHut",
"Draft_58_WinCons","HogRider",
,"BattleRam",
,"Balloon",
,"GoblinBarrel",
,"Prince",
,"RoyalHogs",
,"SkeletonBalloon",
"Draft_58_Splash","Bomber",
,"BabyDragon",
,"Wizard",
,"Hunter",
,"Valkyrie",
,"FireSpirits",
,"Arrows",
,"Fireball",
,"Poison",
"Draft_TEST_TankUnit","Rascals",
,"Giant",
,"GiantSkeleton",
,"Golem",
,"Knight",
,"LavaHound",
,"MegaKnight",
,"Pekka",
,"RoyalGiant",
,"Valkyrie",
,"RoyalRecruits",
"Draft_TEST_AntiAir","Archer",
,"AxeMan",
,"Bats",
,"BabyDragon",
,"BlowdartGoblin",
,"ElectroWizard",
,"DartBarrell",
,"Hunter",
,"IceWizard",
,"InfernoDragon",
,"EliteArcher",
,"MegaMinion",
,"MinionHorde",
,"Minions",
,"Musketeer",
,"Princess",
,"SpearGoblins",
,"Witch",
,"Wizard",
,"MiniSparkys",
,"ThreeMusketeers",
"Draft_TEST_DirectDamage","Arrows",
,"Fireball",
,"Lightning",
,"Log",
,"Poison",
,"Rocket",
,"Zap",
,"Snowball",
"Draft_TEST_CycleUnder3","Bats",
,"FireSpirits",
,"Goblins",
,"IceGolemite",
,"IceSpirits",
,"Skeletons",
,"SpearGoblins",
"Draft_TEST_Investment","BarbarianHut",
,"Elixir Collector",
,"FirespiritHut",
,"GoblinHut",
,"Mortar",
,"Tombstone",
,"Xbow",
"Draft_TEST_Punish","AngryBarbarians",
,"Assassin",
,"Balloon",
,"BattleRam",
,"MovingCannon",
,"HogRider",
,"Prince",
,"RageBarbarian",
,"Ghost",
,"DarkPrince",
,"RoyalHogs",
,"GoblinBarrel",
"Draft_TEST_HitTower","Prince",
,"DarkPrince",
,"Assassin",
,"EliteArcher",
,"Princess",
,"FireSpirits",
,"Ghost",
,"MovingCannon",
,"BlowdartGoblin",
,"DartBarrell",
,"GoblinGang",
,"SpearGoblins",
"Draft_TEST_CombatTricks","Clone",
,"Freeze",
,"Heal",
,"Mirror",
,"Rage",
,"Tornado",
"Draft_TEST_VersatileLegs","Assassin",
,"Princess",
,"IceWizard",
,"EliteArcher",
,"DarkWitch",
,"ElectroWizard",
,"InfernoDragon",
,"RageBarbarian",
,"Ghost",
"Draft_TEST_TankSupport","BabyDragon",
,"AxeMan",
,"Bowler",
,"MinionHorde",
,"DarkPrince",
,"DarkWitch",
,"DartBarrell",
,"Hunter",
,"EliteArcher",
,"MegaMinion",
,"Musketeer",
,"Prince",
,"Witch",
,"Wizard",
,"MiniSparkys",
,"MovingCannon",
"Draft_TEST_AntiTank","AngryBarbarians",
,"MovingCannon",
,"Barbarians",
,"BombTower",
,"Cannon",
,"GiantSkeleton",
,"Witch",
,"InfernoDragon",
,"InfernoTower",
,"MiniPekka",
,"Tesla",
,"Hunter",
,"Rascals",
,"RageBarbarian",
,"ZapMachine",
"Draft_TEST_Distractions","FireSpirits",
,"GoblinGang",
,"Goblins",
,"IceGolemite",
,"IceSpirits",
,"Minions",
,"SkeletonArmy",
,"Skeletons",
,"SkeletonWarriors",
,"SpearGoblins",
"Draft_TEST_Splash","BabyDragon",
,"Bomber",
,"Bowler",
,"DarkPrince",
,"FireSpirits",
,"Archer",
,"IceWizard",
,"MegaKnight",
,"Ghost",
,"Wizard",
,"Hunter",
,"Witch",
,"EliteArcher",
,"AxeMan",
,"Valkyrie",
"Draft_TEST_MiniTank","Knight",
,"Valkyrie",
,"MiniPekka",
,"IceGolemite",
,"Miner",
,"Assassin",
,"BabyDragon",
,"DarkPrince",
,"RageBarbarian",
,"Rascals",
,"Prince",
"Draft_TEST_WinCons","Graveyard",
,"AngryBarbarians",
,"Balloon",
,"BattleRam",
,"HogRider",
,"MinionHorde",
,"Assassin",
,"Ghost",
,"Prince",
,"GoblinBarrel",
,"Miner",
,"RoyalHogs",
,"RoyalGiant",
,"SkeletonBalloon",
"Draft_TEST_2ndSpell","Arrows",
,"Fireball",
,"Lightning",
,"Log",
,"Poison",
,"Rocket",
,"Zap",
,"Snowball",
,"BarbLog",
,"Tornado",
"Draft_TEST_Basic3s","Archer",
,"MegaMinion",
,"BlowdartGoblin",
,"Bomber",
,"Minions",
,"GoblinBarrel",
,"GoblinGang",
,"Knight",
,"SkeletonArmy",
,"SkeletonWarriors",
"Draft_TEST_CheapAntiAir","Archer",
,"Bats",
,"BabyDragon",
,"BlowdartGoblin",
,"DartBarrell",
,"IceWizard",
,"EliteArcher",
,"MegaMinion",
,"Minions",
,"Musketeer",
,"Princess",
,"SpearGoblins",
,"MiniSparkys",
"BAD_MiniTank","Knight","TID_SPELL_SET_MINI_TANK"
,"Valkyrie",
,"IceGolemite",
,"Miner",
,"Rascals",
,"Prince",
,"DarkPrince",
,"Assassin",
,"Ghost",
,"BattleHealer",
,"Fisherman",
"BAD_WinCon","Giant","TID_SPELL_SET_WIN_CON"
,"Golem",
,"Balloon",
,"Graveyard",
,"HogRider",
,"RoyalGiant",
,"RoyalHogs",
,"BattleRam",
,"GoblinBarrel",
,"LavaHound",
,"Mortar",
,"Xbow",
,"GoblinGiant",
,"RamRider",
,"Wallbreakers",
,"ElixirGolem",
,"MegaKnight",
,"ElectroGiant",
,"GoblinDrill",
"BAD_AntiTank","MiniPekka","TID_SPELL_SET_ANTI_TANK"
,"Hunter",
,"Pekka",
,"MegaKnight",
,"MovingCannon",
,"InfernoDragon",
,"Bowler",
,"Barbarians",
,"RageBarbarian",
,"AngryBarbarians",
,"ZapMachine",
,"Tombstone",
,"Cannon",
,"BombTower",
,"InfernoTower",
,"Tesla",
,"FirespiritHut",
,"GoblinHut",
,"BarbarianHut",
,"GoblinCage",
"BAD_AntiAir","Archer","TID_SPELL_SET_ANTI_AIR"
,"Musketeer",
,"BabyDragon",
,"SpearGoblins",
,"Hunter",
,"Minions",
,"MinionHorde",
,"MegaMinion",
,"Wizard",
,"Witch",
,"DartBarrell",
,"ThreeMusketeers",
,"Princess",
,"IceWizard",
,"BlowdartGoblin",
,"Rascals",
,"AxeMan",
,"EliteArcher",
,"MiniSparkys",
,"ElectroWizard",
,"Firecracker",
,"ElectroDragon",
,"SkeletonDragons",
,"WitchMother",
"BAD_Distraction","Skeletons","TID_SPELL_SET_DISTRACTION"
,"SkeletonArmy",
,"SkeletonWarriors",
,"Goblins",
,"SpearGoblins",
,"GoblinGang",
,"Bats",
,"Witch",
,"FireSpirits",
,"IceSpirits",
,"IceGolemite",
,"Barbarians",
,"SkeletonBalloon",
,"Heal",
,"Bomber",
,"ElectroSpirit",
,"GoblinDrill",
"BAD_SmallSpell","Zap","TID_SPELL_SET_SMALL_SPELL"
,"Log",
,"BarbLog",
,"Arrows",
,"Snowball",
,"Tornado",
,"RoyalDelivery",
"BAD_BigSpell","Fireball","TID_SPELL_SET_BIG_SPELL"
,"Poison",
,"Rocket",
,"Lightning",
,"Freeze",
,"Earthquake",
"Event_Shocktober","Skeletons",
,"SkeletonArmy",
,"SkeletonBalloon",
,"Witch",
,"MinionHorde",
,"Minions",
,"BabyDragon",
,"MiniPekka",
,"Tombstone",
,"Bomber",
,"Balloon",
,"GiantSkeleton",
,"Golem",
,"Zap",
,"MegaMinion",
,"InfernoTower",
,"Lightning",
,"Pekka",
,"Miner",
,"LavaHound",
,"Bats",
,"FireSpirits",
,"FirespiritHut",
,"Poison",
,"DarkWitch",
,"Graveyard",
,"InfernoDragon",
,"SkeletonWarriors",
,"DarkPrince",
,"Ghost",
,"Tornado",
,"AxeMan",
,"Assassin",
,"BombTower",
,"ZapMachine",
,"ElectroWizard",
,"Clone",
,"Mirror",
,"MiniSparkys",
,"Tesla",
,"Arrows",
,"Fireball",
,"Log",
,"Rocket",
,"ElectroDragon",
"MiniCollect_WinCon","Giant",
,"HogRider",
,"BattleRam",
,"Golem",
,"LavaHound",
,"Miner",
,"GoblinBarrel",
,"Balloon",
,"Xbow",
,"Mortar",
,"RoyalGiant",
,"ThreeMusketeers",
,"GoblinGiant",
,"RoyalHogs",
,"RamRider",
,"Graveyard",
,"Wallbreakers",
,"ElectroGiant",
"MiniCollect_BigSpell","Fireball",
,"Poison",
,"Lightning",
,"Rocket",
,"Freeze",
,"Tornado",
,"Earthquake",
"MiniCollect_SmallSpell","Arrows",
,"Zap",
,"Snowball",
,"BarbLog",
,"Log",
,"Tornado",
,"Earthquake",
,"RoyalDelivery",
"MiniCollect_AntiTank","RageBarbarian",
,"InfernoDragon",
,"MegaMinion",
,"MiniPekka",
,"Musketeer",
,"AxeMan",
,"Bowler",
,"Prince",
,"Witch",
,"Barbarians",
,"MinionHorde",
,"Archer",
,"Pekka",
,"Hunter",
,"MiniSparkys",
,"AngryBarbarians",
,"Rascals",
,"RoyalRecruits",
,"MovingCannon",
"MiniCollect_AntiAir","Archer",
,"Musketeer",
,"AxeMan",
,"ThreeMusketeers",
,"Witch",
,"Wizard",
,"Hunter",
,"InfernoDragon",
,"MegaMinion",
,"Bats",
,"Minions",
,"MinionHorde",
,"MiniSparkys",
,"DartBarrell",
,"BlowdartGoblin",
,"ElectroWizard",
,"IceWizard",
,"Princess",
,"EliteArcher",
,"Firecracker",
,"SkeletonDragons",
,"WitchMother",
"MiniCollect_DefensiveBuilding","Cannon",
,"Tesla",
,"InfernoTower",
,"FirespiritHut",
,"GoblinHut",
,"Mortar",
,"Xbow",
,"Tombstone",
,"BarbarianHut",
,"BombTower",
"MiniCollect_AntiSet_Buildings","Mortar",
,"Xbow",
,"Tombstone",
,"FirespiritHut",
,"GoblinHut",
,"BarbarianHut",
,"Cannon",
,"Tesla",
,"InfernoTower",
,"BombTower",
,"Elixir Collector",
"MiniCollect_AntiSet_Expensive","ZapMachine",
,"AngryBarbarians",
,"Xbow",
,"Rocket",
,"Lightning",
,"RoyalGiant",
,"GiantSkeleton",
,"GoblinGiant",
,"LavaHound",
,"RoyalRecruits",
,"BarbarianHut",
,"Pekka",
,"MegaKnight",
,"Golem",
,"ThreeMusketeers",
,"ElectroGiant",
"Draft_TestSpellsOnly","Arrows",
,"Fireball",
,"Lightning",
,"Log",
,"Poison",
,"Rocket",
,"Zap",
,"Snowball",
,"BarbLog",
,"Tornado",
,"Rage",
,"Freeze",
,"Heal",
,"Clone",
,"Mirror",
,"GoblinBarrel",
"Event_Retro","Knight",
,"Archer",
,"Goblins",
,"Giant",
,"Pekka",
,"Minions",
,"Balloon",
,"Witch",
,"Barbarians",
,"Golem",
,"Skeletons",
,"Valkyrie",
,"SkeletonArmy",
,"Bomber",
,"Musketeer",
,"BabyDragon",
,"Prince",
,"Wizard",
,"MiniPekka",
,"SpearGoblins",
,"GiantSkeleton",
,"HogRider",
,"MinionHorde",
,"Cannon",
,"GoblinHut",
,"Mortar",
,"InfernoTower",
,"BombTower",
,"BarbarianHut",
,"Tesla",
,"Elixir Collector",
,"Xbow",
,"Tombstone",
,"Fireball",
,"Arrows",
,"Rage",
,"Rocket",
,"GoblinBarrel",
,"Freeze",
,"Mirror",
,"Lightning",
,"Zap",
,"FireSpirits",
,"FirespiritHut",
,"SkeletonWarriors",
,"LavaHound",
,"Miner",
,"ZapMachine",
,"RoyalGiant",
,"ThreeMusketeers",
,"DarkPrince",
,"Poison",
,"IceWizard",
,"Princess",
,"FireSpirits",
,"FirespiritHut",
,"SkeletonWarriors",
,"Miner",
,"ZapMachine",
,"LavaHound",
,"IceSpirits",
,"Bowler",
,"Log",
,"RageBarbarian",
,"IceGolemite",
,"MegaMinion",
,"InfernoDragon",
,"Graveyard",
,"AngryBarbarians",
,"Clone",
,"Tornado",
,"ElectroWizard",
"Event_Modern","RoyalGiant",
,"ThreeMusketeers",
,"DarkPrince",
,"Poison",
,"IceWizard",
,"Princess",
,"FireSpirits",
,"FirespiritHut",
,"SkeletonWarriors",
,"Miner",
,"ZapMachine",
,"LavaHound",
,"IceSpirits",
,"Bowler",
,"Log",
,"RageBarbarian",
,"IceGolemite",
,"MegaMinion",
,"InfernoDragon",
,"Graveyard",
,"AngryBarbarians",
,"Clone",
,"Tornado",
,"ElectroWizard",
,"BattleRam",
,"BlowdartGoblin",
,"GoblinGang",
,"AxeMan",
,"Bats",
,"DarkWitch",
,"Assassin",
,"Heal",
,"MovingCannon",
,"MegaKnight",
,"SkeletonBalloon",
,"DartBarrell",
,"Hunter",
,"MiniSparkys",
,"Ghost",
,"EliteArcher",
,"BarbLog",
,"Rascals",
,"RoyalHogs",
,"Snowball",
,"RoyalRecruits",
,"GoblinGiant",
,"RamRider",
,"ElectroDragon",
,"Wallbreakers",
,"Earthquake",
,"Fisherman",
,"ElixirGolem",
,"BattleHealer",
,"Firecracker",
,"RoyalDelivery",
,"SkeletonDragons",
,"ElectroSpirit",
,"ElectroGiant",
,"WitchMother",
,"GoblinDrill",
"Draft_2017_TankUnit","Giant",
,"GiantSkeleton",
,"Golem",
,"Knight",
,"LavaHound",
,"MegaKnight",
,"RoyalGiant",
,"Valkyrie",
"Draft_2017_AntiAir","Archer",
,"AxeMan",
,"Bats",
,"BabyDragon",
,"BlowdartGoblin",
,"ElectroWizard",
,"DartBarrell",
,"Hunter",
,"IceWizard",
,"InfernoDragon",
,"MegaMinion",
,"MinionHorde",
,"Minions",
,"Musketeer",
,"Princess",
,"SpearGoblins",
,"Witch",
,"Wizard",
"Draft_2017_DirectDamage","Arrows",
,"Fireball",
,"Lightning",
,"Log",
,"Poison",
,"Rocket",
,"Zap",
,"Tornado",
,"Freeze",
"Draft_2017_CycleUnder3","Bats",
,"FireSpirits",
,"Goblins",
,"IceGolemite",
,"IceSpirits",
,"Skeletons",
,"SpearGoblins",
"Draft_2017_Investment","BarbarianHut",
,"Elixir Collector",
,"FirespiritHut",
,"GoblinHut",
,"Mortar",
,"Tombstone",
,"Xbow",
"Draft_2017_Punish","AngryBarbarians",
,"Assassin",
,"Balloon",
,"BattleRam",
,"MovingCannon",
,"HogRider",
,"Prince",
,"RageBarbarian",
,"DarkPrince",
,"GoblinBarrel",
"Draft_2017_VersatileLegs","Assassin",
,"Princess",
,"IceWizard",
,"DarkWitch",
,"ElectroWizard",
,"InfernoDragon",
,"RageBarbarian",
,"MegaKnight",
"Draft_2017_TankSupport","BabyDragon",
,"AxeMan",
,"Bowler",
,"MinionHorde",
,"DarkPrince",
,"DarkWitch",
,"DartBarrell",
,"BlowdartGoblin",
,"MegaMinion",
,"Musketeer",
,"Prince",
,"Witch",
,"Wizard",
,"MovingCannon",
"Draft_2017_AntiTank","AngryBarbarians",
,"MovingCannon",
,"Barbarians",
,"BombTower",
,"Cannon",
,"GiantSkeleton",
,"Witch",
,"InfernoDragon",
,"InfernoTower",
,"MiniPekka",
,"Tesla",
,"RageBarbarian",
,"ZapMachine",
,"Pekka",
"Draft_2017_Distractions","FireSpirits",
,"GoblinGang",
,"Goblins",
,"IceGolemite",
,"IceSpirits",
,"Minions",
,"SkeletonArmy",
,"Skeletons",
,"SkeletonWarriors",
,"SpearGoblins",
"Draft_2017_Splash","BabyDragon",
,"Bomber",
,"Bowler",
,"DarkPrince",
,"FireSpirits",
,"Archer",
,"IceWizard",
,"MegaKnight",
,"Wizard",
,"Witch",
,"AxeMan",
,"Valkyrie",
"Draft_2017_MiniTank","Knight",
,"Valkyrie",
,"MiniPekka",
,"IceGolemite",
,"Miner",
,"Assassin",
,"BabyDragon",
,"DarkPrince",
,"RageBarbarian",
,"Prince",
"Draft_2017_WinCons","Graveyard",
,"AngryBarbarians",
,"Balloon",
,"BattleRam",
,"HogRider",
,"MinionHorde",
,"Assassin",
,"Prince",
,"GoblinBarrel",
,"Miner",
,"RoyalGiant",
,"SkeletonBalloon",
"Draft_2017_2ndSpell","Arrows",
,"Fireball",
,"Lightning",
,"Log",
,"Poison",
,"Rocket",
,"Zap",
,"Tornado",
,"Freeze",
"Draft_2017_Basic3s","Archer",
,"MegaMinion",
,"BlowdartGoblin",
,"Bomber",
,"Minions",
,"GoblinGang",
,"Knight",
,"SkeletonArmy",
,"SkeletonWarriors",
"Draft_2017_CheapAntiAir","Archer",
,"Bats",
,"BabyDragon",
,"BlowdartGoblin",
,"DartBarrell",
,"IceWizard",
,"MegaMinion",
,"Minions",
,"Musketeer",
,"Princess",
,"SpearGoblins",
,"FireSpirits",
,"IceSpirits",
"Draft_Comp_WinCon","BattleRam",
,"Balloon",
,"Giant",
,"GoblinBarrel",
,"GoblinGiant",
,"Golem",
,"Graveyard",
,"HogRider",
,"LavaHound",
,"Mortar",
,"RamRider",
,"RoyalHogs",
,"RoyalGiant",
,"Xbow",
,"Wallbreakers",
,"ElixirGolem",
,"MegaKnight",
,"GoblinDrill",
,"ElectroGiant",
"Draft_Comp_MiniTank","Knight",
,"Valkyrie",
,"IceGolemite",
,"Miner",
,"Rascals",
,"Prince",
,"Fisherman",
,"BattleHealer",
,"DarkPrince",
,"Ghost",
,"BattleHealer",
"Draft_Comp_SmallSpell","Arrows",
,"Log",
,"Zap",
,"Snowball",
,"BarbLog",
,"Tornado",
,"RoyalDelivery",
"Draft_Comp_BigSpell","Fireball",
,"Lightning",
,"Poison",
,"Rocket",
,"Earthquake",
,"Freeze",
"Draft_Comp_AntiAir","AxeMan",
,"BabyDragon",
,"ElectroWizard",
,"InfernoDragon",
,"EliteArcher",
,"MinionHorde",
,"Hunter",
,"Musketeer",
,"Witch",
,"Wizard",
,"MiniSparkys",
,"ElectroDragon",
,"SkeletonDragons",
"Draft_Comp_CheapAntiAir","Archer",
,"MegaMinion",
,"Minions",
,"Princess",
,"SpearGoblins",
,"IceWizard",
,"BlowdartGoblin",
,"Bats",
,"DartBarrell",
,"Firecracker",
"Draft_Comp_TankSupport","Elixir Collector",
,"MovingCannon",
,"Bowler",
,"DarkWitch",
,"WitchMother",
,"ZapMachine",
,"Assassin",
,"Rage",
,"Bomber",
"Draft_Comp_AntiTank","Cannon",
,"BombTower",
,"InfernoTower",
,"Tesla",
,"Barbarians",
,"MiniPekka",
,"RageBarbarian",
,"Pekka",
,"BarbarianHut",
,"GoblinHut",
,"FirespiritHut",
,"RoyalRecruits",
,"GoblinCage",
,"AngryBarbarians",
"Draft_Comp_Distractions","GoblinGang",
,"Goblins",
,"Tombstone",
,"SkeletonBalloon",
,"SkeletonArmy",
,"Skeletons",
,"SkeletonWarriors",
,"FireSpirits",
,"IceSpirits",
,"Heal",
,"ElectroSpirit",
"Event_LegsAndSpells","Princess",
,"IceWizard",
,"Miner",
,"LavaHound",
,"DarkWitch",
,"EliteArcher",
,"Log",
,"InfernoDragon",
,"MegaKnight",
,"RageBarbarian",
,"Assassin",
,"RamRider",
,"Fisherman",
,"ElectroWizard",
,"ZapMachine",
,"Ghost",
,"Graveyard",
,"Zap",
,"Arrows",
,"Snowball",
,"Fireball",
,"Rocket",
,"Earthquake",
,"GoblinBarrel",
,"BarbLog",
,"Lightning",
,"Poison",
,"Tornado",
,"Freeze",
,"Rage",
,"Clone",
,"Mirror",
,"RoyalDelivery",
,"WitchMother",
"Event_MegaDeckTouchdown","Knight",
,"Archer",
,"Goblins",
,"Giant",
,"Pekka",
,"Minions",
,"Balloon",
,"Witch",
,"Barbarians",
,"Golem",
,"Skeletons",
,"Valkyrie",
,"SkeletonArmy",
,"Bomber",
,"Musketeer",
,"BabyDragon",
,"Prince",
,"Wizard",
,"MiniPekka",
,"SpearGoblins",
,"GiantSkeleton",
,"MinionHorde",
,"Cannon",
,"GoblinHut",
,"Mortar",
,"InfernoTower",
,"BombTower",
,"BarbarianHut",
,"Tesla",
,"Elixir Collector",
,"Xbow",
,"Tombstone",
,"Fireball",
,"Arrows",
,"Rage",
,"Rocket",
,"GoblinBarrel",
,"Mirror",
,"Lightning",
,"Zap",
,"FireSpirits",
,"FirespiritHut",
,"SkeletonWarriors",
,"LavaHound",
,"Miner",
,"ZapMachine",
,"RoyalGiant",
,"ThreeMusketeers",
,"Poison",
,"IceWizard",
,"Princess",
,"DarkPrince",
,"Miner",
,"LavaHound",
,"IceSpirits",
,"Bowler",
,"Log",
,"RageBarbarian",
,"IceGolemite",
,"MegaMinion",
,"InfernoDragon",
,"Graveyard",
,"AngryBarbarians",
,"Clone",
,"Tornado",
,"ElectroWizard",
,"BattleRam",
,"BlowdartGoblin",
,"GoblinGang",
,"AxeMan",
,"Bats",
,"DarkWitch",
,"Assassin",
,"Heal",
,"MovingCannon",
,"MegaKnight",
,"SkeletonBalloon",
,"DartBarrell",
,"Hunter",
,"MiniSparkys",
,"Ghost",
,"EliteArcher",
,"BarbLog",
,"Rascals",
,"Snowball",
,"RoyalRecruits",
,"GoblinGiant",
,"ElectroDragon",
,"Wallbreakers",
,"Earthquake",
,"GoblinCage",
,"Fisherman",
,"ElixirGolem",
,"BattleHealer",
,"Firecracker",
,"RoyalDelivery",
,"SkeletonDragons",
,"ElectroGiant",
,"ElectroSpirit",
,"WitchMother",
,"GoblinDrill",
"Event_4orLess","Knight",
,"Archer",
,"Goblins",
,"Minions",
,"Skeletons",
,"Valkyrie",
,"SkeletonArmy",
,"Bomber",
,"Musketeer",
,"BabyDragon",
,"MiniPekka",
,"SpearGoblins",
,"Cannon",
,"Mortar",
,"BombTower",
,"Tesla",
,"Tombstone",
,"Fireball",
,"Arrows",
,"Rage",
,"GoblinBarrel",
,"Mirror",
,"Zap",
,"FireSpirits",
,"FirespiritHut",
,"SkeletonWarriors",
,"Miner",
,"Poison",
,"IceWizard",
,"Princess",
,"DarkPrince",
,"IceSpirits",
,"Log",
,"RageBarbarian",
,"IceGolemite",
,"MegaMinion",
,"InfernoDragon",
,"Clone",
,"Tornado",
,"ElectroWizard",
,"BattleRam",
,"BlowdartGoblin",
,"GoblinGang",
,"Bats",
,"DarkWitch",
,"Assassin",
,"Heal",
,"SkeletonBalloon",
,"DartBarrell",
,"Hunter",
,"MiniSparkys",
,"Ghost",
,"EliteArcher",
,"BarbLog",
,"Snowball",
,"Wallbreakers",
,"Earthquake",
,"GoblinCage",
,"Fisherman",
,"ElixirGolem",
,"BattleHealer",
,"Firecracker",
,"RoyalDelivery",
,"HogRider",
,"Freeze",
,"ElectroSpirit",
,"SkeletonDragons",
,"WitchMother",
,"GoblinDrill",
"Event_RoyalBirthday","Knight",
,"Musketeer",
,"Prince",
,"Hunter",
,"Witch",
,"MegaMinion",
,"Wizard",
,"MegaKnight",
,"SkeletonWarriors",
,"DarkPrince",
,"DartBarrell",
,"RoyalRecruits",
,"Fisherman",
,"RageBarbarian",
,"AxeMan",
,"Ghost",
,"Miner",
,"Mortar",
,"Xbow",
,"Princess",
,"RoyalHogs",
,"ThreeMusketeers",
,"RoyalGiant",
,"Log",
,"Snowball",
,"Zap",
,"Arrows",
,"Fireball",
,"RoyalDelivery",
,"Earthquake",
,"Poison",
,"Tornado",
,"Rocket",
,"Heal",
,"Rage",
,"Mirror",
,"InfernoTower",
,"Elixir Collector",
,"MovingCannon",
,"Cannon",
"Event_GIANTBuff","Knight",
,"Archer",
,"Minions",
,"Arrows",
,"Giant",
,"Musketeer",
,"MiniPekka",
,"Fireball",
,"BabyDragon",
,"SkeletonArmy",
,"Witch",
,"Prince",
,"Goblins",
,"SpearGoblins",
,"GoblinHut",
,"HogRider",
,"Hunter",
,"GoblinBarrel",
,"Bomber",
,"Skeletons",
,"Tombstone",
,"Valkyrie",
,"GiantSkeleton",
,"Balloon",
,"Barbarians",
,"Cannon",
,"BarbarianHut",
,"BattleRam",
,"BarbLog",
,"Golem",
,"Zap",
,"MinionHorde",
,"InfernoTower",
,"MegaMinion",
,"Lightning",
,"Pekka",
,"Miner",
,"LavaHound",
,"Bats",
,"FireSpirits",
,"FirespiritHut",
,"Wizard",
,"Poison",
,"Freeze",
,"Graveyard",
,"DarkWitch",
,"SkeletonBalloon",
,"Mortar",
,"DartBarrell",
,"Rocket",
,"Xbow",
,"MovingCannon",
,"InfernoDragon",
,"Log",
,"RoyalGiant",
,"Heal",
,"ThreeMusketeers",
,"DarkPrince",
,"SkeletonWarriors",
,"Ghost",
,"Princess",
,"Snowball",
,"IceSpirits",
,"IceGolemite",
,"Elixir Collector",
,"Tornado",
,"Bowler",
,"IceWizard",
,"RageBarbarian",
,"GoblinGang",
,"Rascals",
,"BlowdartGoblin",
,"AxeMan",
,"Assassin",
,"AngryBarbarians",
,"RoyalHogs",
,"BombTower",
,"Rage",
,"EliteArcher",
,"MegaKnight",
,"Tesla",
,"MiniSparkys",
,"Clone",
,"Mirror",
,"ElectroWizard",
,"ZapMachine",
,"RoyalRecruits",
,"GoblinGiant",
,"Earthquake",
,"ElectroDragon",
,"RamRider",
,"Fisherman",
,"GoblinCage",
,"ElixirGolem",
,"Wallbreakers",
,"BattleHealer",
,"Firecracker",
,"SkeletonDragons",
,"RoyalDelivery",
,"ElectroSpirit",
,"ElectroGiant",
"All_but_buildings","Knight",
,"Archer",
,"Minions",
,"Arrows",
,"Giant",
,"Musketeer",
,"MiniPekka",
,"Fireball",
,"BabyDragon",
,"SkeletonArmy",
,"Witch",
,"Prince",
,"Goblins",
,"SpearGoblins",
,"HogRider",
,"Hunter",
,"GoblinBarrel",
,"Bomber",
,"Skeletons",
,"Valkyrie",
,"GiantSkeleton",
,"Balloon",
,"Barbarians",
,"BattleRam",
,"BarbLog",
,"Golem",
,"Zap",
,"MinionHorde",
,"MegaMinion",
,"Lightning",
,"Pekka",
,"Miner",
,"LavaHound",
,"Bats",
,"FireSpirits",
,"Wizard",
,"Poison",
,"Freeze",
,"Graveyard",
,"DarkWitch",
,"SkeletonBalloon",
,"DartBarrell",
,"Rocket",
,"InfernoDragon",
,"Log",
,"RoyalGiant",
,"Heal",
,"ThreeMusketeers",
,"DarkPrince",
,"SkeletonWarriors",
,"Ghost",
,"Princess",
,"Snowball",
,"IceSpirits",
,"IceGolemite",
,"Tornado",
,"Bowler",
,"IceWizard",
,"RageBarbarian",
,"GoblinGang",
,"Rascals",
,"BlowdartGoblin",
,"AxeMan",
,"Assassin",
,"AngryBarbarians",
,"RoyalHogs",
,"Rage",
,"EliteArcher",
,"MegaKnight",
,"MiniSparkys",
,"Mirror",
,"ElectroWizard",
,"ZapMachine",
,"RoyalRecruits",
,"GoblinGiant",
,"Earthquake",
,"ElectroDragon",
,"RamRider",
,"Fisherman",
,"ElixirGolem",
,"Wallbreakers",
,"BattleHealer",
,"Firecracker",
,"SkeletonDragons",
,"RoyalDelivery",
,"ElectroGiant",
,"ElectroSpirit",
,"WitchMother",
"BannedDefenses","Mirror",
,"Clone",
,"Elixir Collector",
"BoatDefense_Attackers","GoblinHut",
,"Xbow",
,"Tombstone",
,"FirespiritHut",
,"Balloon",
,"Prince",
,"HogRider",
,"RoyalGiant",
,"Princess",
,"DarkPrince",
,"Miner",
,"RageBarbarian",
,"BattleRam",
,"AngryBarbarians",
,"Assassin",
,"Ghost",
,"RamRider",
,"SkeletonBalloon",
,"Wallbreakers",
,"RoyalHogs",
,"GoblinGiant",
,"ElixirGolem",
,"GoblinBarrel",
,"GoblinDrill",
"BoatDefense_Defenders","Knight",
,"Goblins",
,"Giant",
,"Pekka",
,"Minions",
,"Barbarians",
,"Golem",
,"Skeletons",
,"Valkyrie",
,"SkeletonArmy",
,"MiniPekka",
,"GiantSkeleton",
,"MinionHorde",
,"SkeletonWarriors",
,"LavaHound",
,"Bowler",
,"InfernoDragon",
,"IceGolemite",
,"MegaMinion",
,"GoblinGang",
,"ElectroWizard",
,"Hunter",
,"RoyalRecruits",
,"Bats",
,"Rascals",
,"MovingCannon",
,"MegaKnight",
,"BattleHealer",
,"Cannon",
,"Mortar",
,"InfernoTower",
,"BombTower",
,"BarbarianHut",
,"Tesla",
,"GoblinCage",
"BoatDefense_Spells","Fireball",
,"Arrows",
,"Rage",
,"Rocket",
,"Freeze",
,"Lightning",
,"Zap",
,"Poison",
,"Graveyard",
,"Log",
,"Tornado",
,"Earthquake",
,"BarbLog",
,"Snowball",
,"RoyalDelivery",
"BoatDefense_Range","Archer",
,"Witch",
,"Bomber",
,"Musketeer",
,"BabyDragon",
,"Wizard",
,"SpearGoblins",
,"IceWizard",
,"ThreeMusketeers",
,"IceSpirits",
,"FireSpirits",
,"ZapMachine",
,"BlowdartGoblin",
,"AxeMan",
,"DarkWitch",
,"MiniSparkys",
,"DartBarrell",
,"Fisherman",
,"EliteArcher",
,"ElectroDragon",
,"Firecracker",
,"Heal",
,"SkeletonDragons",
"Archetype_beatdown_wincond","Knight",
,"Archer",
,"Minions",
,"Arrows",
,"Giant",
,"Musketeer",
,"MiniPekka",
,"Fireball",
,"BabyDragon",
,"SkeletonArmy",
,"Witch",
,"Prince",
,"Goblins",
,"SpearGoblins",
,"GoblinHut",
,"Hunter",
,"Bomber",
,"Skeletons",
,"Tombstone",
,"Valkyrie",
,"GiantSkeleton",
,"Barbarians",
,"Cannon",
,"BarbarianHut",
,"BarbLog",
,"Golem",
,"Zap",
,"MinionHorde",
,"InfernoTower",
,"MegaMinion",
,"Lightning",
,"Bats",
,"FireSpirits",
,"FirespiritHut",
,"Wizard",
,"Poison",
,"Freeze",
,"DarkWitch",
,"DartBarrell",
,"MovingCannon",
,"InfernoDragon",
,"Log",
,"Heal",
,"DarkPrince",
,"SkeletonWarriors",
,"Ghost",
,"Princess",
,"Snowball",
,"IceSpirits",
,"IceGolemite",
,"Elixir Collector",
,"Tornado",
,"Bowler",
,"IceWizard",
,"RageBarbarian",
,"GoblinGang",
,"Rascals",
,"BlowdartGoblin",
,"AxeMan",
,"Assassin",
,"AngryBarbarians",
,"BombTower",
,"Rage",
,"EliteArcher",
,"Tesla",
,"MiniSparkys",
,"Clone",
,"Mirror",
,"ElectroWizard",
,"RoyalRecruits",
,"GoblinGiant",
,"Earthquake",
,"ElectroDragon",
,"Fisherman",
,"GoblinCage",
,"ElixirGolem",
,"BattleHealer",
,"Firecracker",
,"SkeletonDragons",
,"RoyalDelivery",
,"ElectroGiant",
,"ElectroSpirit",
,"WitchMother",
"Archetype_bridgespam_wincond","Knight",
,"Archer",
,"Minions",
,"Arrows",
,"Musketeer",
,"MiniPekka",
,"Fireball",
,"BabyDragon",
,"SkeletonArmy",
,"Witch",
,"Prince",
,"Goblins",
,"SpearGoblins",
,"GoblinHut",
,"Hunter",
,"Bomber",
,"Skeletons",
,"Tombstone",
,"Valkyrie",
,"GiantSkeleton",
,"Barbarians",
,"Cannon",
,"BarbarianHut",
,"BarbLog",
,"Zap",
,"MinionHorde",
,"InfernoTower",
,"MegaMinion",
,"Lightning",
,"Bats",
,"FireSpirits",
,"FirespiritHut",
,"Wizard",
,"Poison",
,"Freeze",
,"DarkWitch",
,"DartBarrell",
,"MovingCannon",
,"InfernoDragon",
,"Log",
,"Heal",
,"DarkPrince",
,"SkeletonWarriors",
,"Ghost",
,"Princess",
,"Snowball",
,"IceSpirits",
,"IceGolemite",
,"Elixir Collector",
,"Tornado",
,"Bowler",
,"IceWizard",
,"RageBarbarian",
,"GoblinGang",
,"Rascals",
,"BlowdartGoblin",
,"AxeMan",
,"Assassin",
,"AngryBarbarians",
,"BombTower",
,"Rage",
,"EliteArcher",
,"Tesla",
,"MiniSparkys",
,"Clone",
,"Mirror",
,"ElectroWizard",
,"RoyalRecruits",
,"Earthquake",
,"ElectroDragon",
,"Fisherman",
,"GoblinCage",
,"BattleHealer",
,"Firecracker",
,"SkeletonDragons",
,"RoyalDelivery",
,"BattleRam",
,"RoyalGiant",
,"Wallbreakers",
,"HogRider",
,"RoyalHogs",
,"RamRider",
,"ElectroSpirit",
,"WitchMother",
"Archetype_siegeandair_wincond","Knight",
,"Archer",
,"Minions",
,"Arrows",
,"Musketeer",
,"MiniPekka",
,"Fireball",
,"BabyDragon",
,"SkeletonArmy",
,"Witch",
,"Prince",
,"Goblins",
,"SpearGoblins",
,"GoblinHut",
,"Hunter",
,"Bomber",
,"Skeletons",
,"Tombstone",
,"Valkyrie",
,"GiantSkeleton",
,"Barbarians",
,"Cannon",
,"BarbarianHut",
,"BarbLog",
,"Zap",
,"MinionHorde",
,"InfernoTower",
,"MegaMinion",
,"Lightning",
,"Bats",
,"FireSpirits",
,"FirespiritHut",
,"Wizard",
,"Poison",
,"Freeze",
,"DarkWitch",
,"DartBarrell",
,"MovingCannon",
,"InfernoDragon",
,"Log",
,"Heal",
,"DarkPrince",
,"SkeletonWarriors",
,"Ghost",
,"Princess",
,"Snowball",
,"IceSpirits",
,"IceGolemite",
,"Elixir Collector",
,"Tornado",
,"Bowler",
,"IceWizard",
,"RageBarbarian",
,"GoblinGang",
,"Rascals",
,"BlowdartGoblin",
,"AxeMan",
,"Assassin",
,"AngryBarbarians",
,"BombTower",
,"Rage",
,"EliteArcher",
,"Tesla",
,"MiniSparkys",
,"Clone",
,"Mirror",
,"ElectroWizard",
,"RoyalRecruits",
,"Earthquake",
,"ElectroDragon",
,"Fisherman",
,"GoblinCage",
,"BattleHealer",
,"Firecracker",
,"SkeletonDragons",
,"RoyalDelivery",
,"Xbow",
,"Mortar",
,"Balloon",
,"SkeletonBalloon",
,"LavaHound",
,"ElectroSpirit",
,"WitchMother",
"Archetype_towerdamage_wincond","Knight",
,"Archer",
,"Minions",
,"Arrows",
,"Musketeer",
,"MiniPekka",
,"Fireball",
,"BabyDragon",
,"SkeletonArmy",
,"Witch",
,"Prince",
,"Goblins",
,"SpearGoblins",
,"GoblinHut",
,"Hunter",
,"Bomber",
,"Skeletons",
,"Tombstone",
,"Valkyrie",
,"GiantSkeleton",
,"Barbarians",
,"Cannon",
,"BarbarianHut",
,"BarbLog",
,"Zap",
,"MinionHorde",
,"InfernoTower",
,"MegaMinion",
,"Lightning",
,"Bats",
,"FireSpirits",
,"FirespiritHut",
,"Wizard",
,"Poison",
,"Freeze",
,"DarkWitch",
,"DartBarrell",
,"MovingCannon",
,"InfernoDragon",
,"Log",
,"Heal",
,"DarkPrince",
,"SkeletonWarriors",
,"Ghost",
,"Princess",
,"Snowball",
,"IceSpirits",
,"IceGolemite",
,"Elixir Collector",
,"Tornado",
,"Bowler",
,"IceWizard",
,"RageBarbarian",
,"GoblinGang",
,"Rascals",
,"BlowdartGoblin",
,"AxeMan",
,"Assassin",
,"AngryBarbarians",
,"BombTower",
,"Rage",
,"EliteArcher",
,"Tesla",
,"MiniSparkys",
,"Clone",
,"Mirror",
,"ElectroWizard",
,"RoyalRecruits",
,"Earthquake",
,"ElectroDragon",
,"Fisherman",
,"GoblinCage",
,"BattleHealer",
,"Firecracker",
,"SkeletonDragons",
,"RoyalDelivery",
,"Graveyard",
,"Miner",
,"Rocket",
,"GoblinBarrel",
,"ElectroSpirit",
,"WitchMother",
,"GoblinDrill",
"Archetype_highdmg_wincond","Knight",
,"Archer",
,"Minions",
,"Arrows",
,"Musketeer",
,"MiniPekka",
,"Fireball",
,"BabyDragon",
,"SkeletonArmy",
,"Witch",
,"Prince",
,"Goblins",
,"SpearGoblins",
,"GoblinHut",
,"Hunter",
,"Bomber",
,"Skeletons",
,"Tombstone",
,"Valkyrie",
,"GiantSkeleton",
,"Barbarians",
,"Cannon",
,"BarbarianHut",
,"BarbLog",
,"Zap",
,"MinionHorde",
,"InfernoTower",
,"MegaMinion",
,"Lightning",
,"Bats",
,"FireSpirits",
,"FirespiritHut",
,"Wizard",
,"Poison",
,"Freeze",
,"DarkWitch",
,"DartBarrell",
,"MovingCannon",
,"InfernoDragon",
,"Log",
,"Heal",
,"DarkPrince",
,"SkeletonWarriors",
,"Ghost",
,"Princess",
,"Snowball",
,"IceSpirits",
,"IceGolemite",
,"Elixir Collector",
,"Tornado",
,"Bowler",
,"IceWizard",
,"RageBarbarian",
,"GoblinGang",
,"Rascals",
,"BlowdartGoblin",
,"AxeMan",
,"Assassin",
,"AngryBarbarians",
,"BombTower",
,"Rage",
,"EliteArcher",
,"Tesla",
,"MiniSparkys",
,"Clone",
,"Mirror",
,"ElectroWizard",
,"RoyalRecruits",
,"Earthquake",
,"ElectroDragon",
,"Fisherman",
,"GoblinCage",
,"BattleHealer",
,"Firecracker",
,"SkeletonDragons",
,"RoyalDelivery",
,"Pekka",
,"ThreeMusketeers",
,"MegaKnight",
,"ZapMachine",
,"ElectroSpirit",
,"WitchMother",
"Event_AllCards","Knight",
,"Archer",
,"Minions",
,"Arrows",
,"Giant",
,"Musketeer",
,"MiniPekka",
,"Fireball",
,"BabyDragon",
,"SkeletonArmy",
,"Witch",
,"Prince",
,"Goblins",
,"SpearGoblins",
,"GoblinHut",
,"HogRider",
,"Hunter",
,"GoblinBarrel",
,"Bomber",
,"Skeletons",
,"Tombstone",
,"Valkyrie",
,"GiantSkeleton",
,"Balloon",
,"Barbarians",
,"Cannon",
,"BarbarianHut",
,"BattleRam",
,"BarbLog",
,"Golem",
,"Zap",
,"MinionHorde",
,"InfernoTower",
,"MegaMinion",
,"Lightning",
,"Pekka",
,"Miner",
,"LavaHound",
,"Bats",
,"FireSpirits",
,"FirespiritHut",
,"Wizard",
,"Poison",
,"Freeze",
,"Graveyard",
,"DarkWitch",
,"SkeletonBalloon",
,"Mortar",
,"DartBarrell",
,"Rocket",
,"Xbow",
,"MovingCannon",
,"InfernoDragon",
,"Log",
,"RoyalGiant",
,"Heal",
,"ThreeMusketeers",
,"DarkPrince",
,"SkeletonWarriors",
,"Ghost",
,"Princess",
,"Snowball",
,"IceSpirits",
,"IceGolemite",
,"Elixir Collector",
,"Tornado",
,"Bowler",
,"IceWizard",
,"RageBarbarian",
,"GoblinGang",
,"Rascals",
,"BlowdartGoblin",
,"AxeMan",
,"Assassin",
,"AngryBarbarians",
,"RoyalHogs",
,"BombTower",
,"Rage",
,"EliteArcher",
,"MegaKnight",
,"Tesla",
,"MiniSparkys",
,"Clone",
,"Mirror",
,"ElectroWizard",
,"ZapMachine",
,"RoyalRecruits",
,"GoblinGiant",
,"Earthquake",
,"ElectroDragon",
,"RamRider",
,"Fisherman",
,"GoblinCage",
,"ElixirGolem",
,"Wallbreakers",
,"BattleHealer",
,"Firecracker",
,"SkeletonDragons",
,"RoyalDelivery",
,"ElectroSpirit",
,"ElectroGiant",
,"WitchMother",
,"GoblinDrill",
"DebugRandomSpawn","Skeletons",
,"IceSpirits",
,"Goblins",
,"SpearGoblins",
,"FireSpirits",
,"IceGolemite",
,"Archer",
,"Minions",
,"Knight",
,"Bomber",
,"SkeletonWarriors",
,"Princess",
,"IceWizard",
,"MegaMinion",
,"Tombstone",
,"AngryBarbarians",
,"BabyDragon",
,"DarkPrince",
,"SkeletonArmy",
,"InfernoDragon",
,"Musketeer",
,"MiniPekka",
,"Valkyrie",
,"HogRider",
,"FirespiritHut",
,"MinionHorde",
,"Barbarians",
,"Witch",
,"Balloon",
,"Bowler",
,"Prince",
,"Wizard",
,"Giant",
,"GoblinHut",
,"RoyalGiant",
,"GiantSkeleton",
,"ZapMachine",
,"Pekka",
,"LavaHound",
,"BarbarianHut",
,"Golem",
,"ThreeMusketeers",
,"GoblinDrill",
