"Name","BaseChest","Arena","Theme","TournamentChest","SurvivalChest","UnlockTimeSeconds","RandomSpells","DifferentSpells","ChestCountInChestCycle","RareChance","EpicChance","LegendaryChance","GuaranteedSpells","MinBaseGold","MaxBaseGold","MinGoldPerCard","MaxGoldPerCard","FileName","ExportName","ShopExportName","GainedExportName","AnimExportName","SlotLandEffect","OpenEffect","TapSound","TapSoundShop","DescriptionTID","TID","NotificationTID","SortValue","DraftChest","IconSWF","IconExportName","LegendaryOverrideChance","TokenChance","LegendaryTokenChance","EpicTokenChance","RareTokenChance","CommonTokenChance","SingleReward","MinBonusGoldPercentage","MaxBonusGoldPercentage","NumRerolls","HasSeasonPassRerolls","ShopChest","OverrideArenaWithCurrent","UseFixedSpellCount","RoundGoldAmount","AllowMultipleNewCards","NoCatchup","NoRandomCardAmount","DisableArenaWildcards","FixedWildcardsCommon","FixedWildcardsRare","FixedWildcardsEpic","FixedWildcardsLegendary"
"String","String","String","String","boolean","boolean","int","int","int","int","int","int","int","String","int","int","int","int","String","String","String","String","String","String","String","String","String","String","String","String","int","boolean","String","String","int","int","int","int","int","int","boolean","int","int","int","boolean","string","boolean","boolean","boolean","boolean","boolean","boolean","boolean","int","int","int","int"
"Newbie1",,"TrainingCamp",,,,5,3,3,,,,,"Knight",,,6,6,"sc/ui_chest.sc","Chest_wood",,"get_wood_chest","chest_open_wooden","chest_landing_wood","openChest_wood","tap_wooden_chest","sound_openChest_wood",,"TID_CHEST_WOOD","TID_CHEST_WOOD_NOTIFICATION",,,"sc/ui.sc","icon_chests_wooden_small",,,,,,,,,,,,,,,,,,,,,,,
,,,,,,,,,,,,,"Arrows",,,,,,,,,,,,,,,,,,,,,,,,,,,,,,,,,,,,,,,,,,,
"Newbie2",,"TrainingCamp",,,,5,3,3,,,,,"Musketeer",,,6,6,"sc/ui_chest.sc","Chest_wood",,"get_wood_chest","chest_open_wooden","chest_landing_wood","openChest_wood","tap_wooden_chest","sound_openChest_wood",,"TID_CHEST_WOOD","TID_CHEST_WOOD_NOTIFICATION",,,"sc/ui.sc","icon_chests_wooden_small",,,,,,,,,,,,,,,,,,,,,,,
"NewbieFixedEpic",,"TrainingCamp",,,,5,3,3,,,,,"MiniPekka",,,6,6,"sc/ui_chest.sc","Chest_wood",,"get_wood_chest","chest_open_wooden","chest_landing_wood","openChest_wood","tap_wooden_chest","sound_openChest_wood",,"TID_CHEST_WOOD","TID_CHEST_WOOD_NOTIFICATION",,,"sc/ui.sc","icon_chests_wooden_small",,,,,,,,,,,,,,,,,,,,,,,
"NewbieRandom",,"TrainingCamp",,,,5,3,3,,8,,,,,,6,6,"sc/ui_chest.sc","Chest_wood",,"get_wood_chest","chest_open_wooden","chest_landing_wood","openChest_wood","tap_wooden_chest","sound_openChest_wood",,"TID_CHEST_WOOD","TID_CHEST_WOOD_NOTIFICATION",,,"sc/ui.sc","icon_chests_wooden_small",,,,,,,,,,,,,,,,,,,,,,,
"Silver",,"TrainingCamp",,,,10800,4,3,60,9,500,10000,,,,7,8,"sc/ui_chest.sc","Chest_iron","chest_iron_open","get_metal_chest","chest_open_iron","chest_landing_iron","openChest_iron","tap_iron_chest","sound_openChest_iron",,"TID_CHEST_SILVER","TID_CHEST_SILVER_NOTIFICATION",2,,"sc/ui.sc","icon_chests_silver_small",,,,,,,,,,,,,,,,,,,,,,,
"Gold",,"TrainingCamp",,,,28800,8,5,19,4,200,4000,,,,14,16,"sc/ui_chest.sc","Chest_gold","chest_gold_open","get_gold_chest","chest_open_gold","chest_landing_gold","openChest_gold","tap_gold_chest","sound_openChest_gold",,"TID_CHEST_GOLD","TID_CHEST_GOLD_NOTIFICATION",3,,"sc/ui.sc","icon_chests_gold_small",,,,,,,,,,,,,,,,,,,,,,,
"Magic",,"TrainingCamp",,,,43200,20,8,1,5,10,300,,,,16,16,"sc/ui_chest.sc","Chest_magical","chest_magical_open","get_magic_chest","chest_open_magical","chest_landing_magic","openChest_magical","tap_magic_chest","sound_openChest_magical",,"TID_CHEST_MAGICAL","TID_CHEST_MAGICAL_NOTIFICATION",5,,"sc/ui.sc","icon_chests_magical_small",,,,,,,,,,,,,,,,,,,,,,,
"Free",,"TrainingCamp",,,,,3,3,,10,200,4000,"Goblins",,,7,8,"sc/ui_chest.sc","Chest_wood",,"get_wood_chest","chest_open_wooden","chest_landing_wood","openChest_wood","tap_wooden_chest","sound_openChest_wood",,"TID_CHEST_WOOD","TID_CHEST_WOOD_NOTIFICATION",1,,"sc/ui.sc","icon_chests_wooden_small",,,,,,,,,,,,,,,,,,,,,,,
"Star",,"TrainingCamp",,,,,16,5,,6,120,2400,,,,14,16,"sc/ui_chest.sc","chest_star_closed",,"get_gold_chest","chest_open_star","chest_landing_magic","openChest_star","tap_magic_chest","sound_openChest_magical",,"TID_CHEST_GOLD","TID_CHEST_GOLD_NOTIFICATION",4,,"sc/ui_chest.sc","chest_item_generic",,,,,,,,,,,"TRUE",,,,,,,,,,,,
"Silver_Arena1","Silver","Arena1",,,,,,,,,,,,,,,,,,,,,,,,,,,,,,,,,,,,,,,,,,,,,,,,,,,,,,
"Gold_Arena1","Gold","Arena1",,,,,,,,,,,,,,,,,,,,,,,,,,,,,,,,,,,,,,,,,,,,,,,,,,,,,,
"Magic_Arena1","Magic","Arena1",,,,,,,,,,,,,,,,,,,,,,,,,,,,,,,,,,,,,,,,,,,,,,,,,,,,,,
"Free_Arena1","Free","Arena1",,,,,,,,,,,,,,,,,,,,,,,,,,,,,,,,,,,,,,,,,,,,,,,,,,,,,,
"Star_Arena1","Star","Arena1",,,,,,,,,,,,,,,,,,,,,,,,,,,,,,,,,,,,,,,,,,,,,,,,,,,,,,
"Silver_Arena2","Silver","Arena2",,,,,,,,,,,,,,,,,,,,,,,,,,,,,,,,,,,,,,,,,,,,,,,,,,,,,,
"Gold_Arena2","Gold","Arena2",,,,,,,,,,,,,,,,,,,,,,,,,,,,,,,,,,,,,,,,,,,,,,,,,,,,,,
"Magic_Arena2","Magic","Arena2",,,,,,,,,,,,,,,,,,,,,,,,,,,,,,,,,,,,,,,,,,,,,,,,,,,,,,
"Free_Arena2","Free","Arena2",,,,,,,,,,,,,,,,,,,,,,,,,,,,,,,,,,,,,,,,,,,,,,,,,,,,,,
"Star_Arena2","Star","Arena2",,,,,,,,,,,,,,,,,,,,,,,,,,,,,,,,,,,,,,,,,,,,,,,,,,,,,,
"Silver_Arena3","Silver","Arena3",,,,,,,,,,,,,,,,,,,,,,,,,,,,,,,,,,,,,,,,,,,,,,,,,,,,,,
"Gold_Arena3","Gold","Arena3",,,,,,,,,,,,,,,,,,,,,,,,,,,,,,,,,,,,,,,,,,,,,,,,,,,,,,
"Magic_Arena3","Magic","Arena3",,,,,,,,,,,,,,,,,,,,,,,,,,,,,,,,,,,,,,,,,,,,,,,,,,,,,,
"Free_Arena3","Free","Arena3",,,,,,,,,,,,,,,,,,,,,,,,,,,,,,,,,,,,,,,,,,,,,,,,,,,,,,
"Star_Arena3","Star","Arena3",,,,,,,,,,,,,,,,,,,,,,,,,,,,,,,,,,,,,,,,,,,,,,,,,,,,,,
"Silver_Arena4","Silver","Arena4",,,,,,,,,,,,,,,,,,,,,,,,,,,,,,,,,,,,,,,,,,,,,,,,,,,,,,
"Gold_Arena4","Gold","Arena4",,,,,,,,,,,,,,,,,,,,,,,,,,,,,,,,,,,,,,,,,,,,,,,,,,,,,,
"Magic_Arena4","Magic","Arena4",,,,,,,,,,,,,,,,,,,,,,,,,,,,,,,,,,,,,,,,,,,,,,,,,,,,,,
"Free_Arena4","Free","Arena4",,,,,,,,,,,,,,,,,,,,,,,,,,,,,,,,,,,,,,,,,,,,,,,,,,,,,,
"Star_Arena4","Star","Arena4",,,,,,,,,,,,,,,,,,,,,,,,,,,,,,,,,,,,,,,,,,,,,,,,,,,,,,
"Silver_Arena5","Silver","Arena5",,,,,,,,,,,,,,,,,,,,,,,,,,,,,,,,,,,,,,,,,,,,,,,,,,,,,,
"Gold_Arena5","Gold","Arena5",,,,,,,,,,,,,,,,,,,,,,,,,,,,,,,,,,,,,,,,,,,,,,,,,,,,,,
"Magic_Arena5","Magic","Arena5",,,,,,,,,,,,,,,,,,,,,,,,,,,,,,,,,,,,,,,,,,,,,,,,,,,,,,
"Free_Arena5","Free","Arena5",,,,,,,,,,,,,,,,,,,,,,,,,,,,,,,,,,,,,,,,,,,,,,,,,,,,,,
"Star_Arena5","Star","Arena5",,,,,,,,,,,,,,,,,,,,,,,,,,,,,,,,,,,,,,,,,,,,,,,,,,,,,,
"Silver_Arena6","Silver","Arena6",,,,,,,,,,,,,,,,,,,,,,,,,,,,,,,,,,,,,,,,,,,,,,,,,,,,,,
"Gold_Arena6","Gold","Arena6",,,,,,,,,,,,,,,,,,,,,,,,,,,,,,,,,,,,,,,,,,,,,,,,,,,,,,
"Magic_Arena6","Magic","Arena6",,,,,,,,,,,,,,,,,,,,,,,,,,,,,,,,,,,,,,,,,,,,,,,,,,,,,,
"Free_Arena6","Free","Arena6",,,,,,,,,,,,,,,,,,,,,,,,,,,,,,,,,,,,,,,,,,,,,,,,,,,,,,
"Star_Arena6","Star","Arena6",,,,,,,,,,,,,,,,,,,,,,,,,,,,,,,,,,,,,,,,,,,,,,,,,,,,,,
"Silver_Arena_L","Silver","Arena_L",,,,,,,,,,,,,,,,,,,,,,,,,,,,,,,,,,,,,,,,,,,,,,,,,,,,,,
"Gold_Arena_L","Gold","Arena_L",,,,,,,,,,,,,,,,,,,,,,,,,,,,,,,,,,,,,,,,,,,,,,,,,,,,,,
"Magic_Arena_L","Magic","Arena_L",,,,,,,,,,,,,,,,,,,,,,,,,,,,,,,,,,,,,,,,,,,,,,,,,,,,,,
"Free_Arena_L","Free","Arena_L",,,,,,,,,,,,,,,,,,,,,,,,,,,,,,,,,,,,,,,,,,,,,,,,,,,,,,
"Star_Arena_L","Star","Arena_L",,,,,,,,,,,,,,,,,,,,,,,,,,,,,,,,,,,,,,,,,,,,,,,,,,,,,,
"Giant",,"TrainingCamp",,,,43200,70,5,1,5,500,10000,,,,9,9,"sc/ui_chest.sc","chest_giant_closed","chest_giant_open","get_giant_chest","chest_open_giant","chest_landing_giant","openChest_giant","tap_giant_chest","sound_openChest_giant",,"TID_CHEST_GIANT","TID_CHEST_GIANT_NOTIFICATION",6,,"sc/ui.sc","icon_chests_giant_small",,,,,,,,,,,,,,,,,,,,,,,
"Super",,"TrainingCamp",,,,86400,180,8,1,5,30,600,,,,9,9,"sc/ui_chest.sc","chest_mega_closed","chest_mega_open","get_mega_chest","chest_open_mega","chest_landing_mega","openChest_mega","tap_mega_chest","sound_openChest_bigmagical",,"TID_CHEST_SUPER","TID_CHEST_SUPER_NOTIFICATION",7,,"sc/ui.sc","icon_chests_supermagical_small",,,,,,,,,,,,,,,,,,,,,,,
"Giant_Arena1","Giant","Arena1",,,,,,,,,,,,,,,,,,,,,,,,,,,,,,,,,,,,,,,,,,,,,,,,,,,,,,
"Super_Arena1","Super","Arena1",,,,,,,,,,,,,,,,,,,,,,,,,,,,,,,,,,,,,,,,,,,,,,,,,,,,,,
"Giant_Arena2","Giant","Arena2",,,,,,,,,,,,,,,,,,,,,,,,,,,,,,,,,,,,,,,,,,,,,,,,,,,,,,
"Super_Arena2","Super","Arena2",,,,,,,,,,,,,,,,,,,,,,,,,,,,,,,,,,,,,,,,,,,,,,,,,,,,,,
"Giant_Arena3","Giant","Arena3",,,,,,,,,,,,,,,,,,,,,,,,,,,,,,,,,,,,,,,,,,,,,,,,,,,,,,
"Super_Arena3","Super","Arena3",,,,,,,,,,,,,,,,,,,,,,,,,,,,,,,,,,,,,,,,,,,,,,,,,,,,,,
"Giant_Arena4","Giant","Arena4",,,,,,,,,,,,,,,,,,,,,,,,,,,,,,,,,,,,,,,,,,,,,,,,,,,,,,
"Super_Arena4","Super","Arena4",,,,,,,,,,,,,,,,,,,,,,,,,,,,,,,,,,,,,,,,,,,,,,,,,,,,,,
"Giant_Arena5","Giant","Arena5",,,,,,,,,,,,,,,,,,,,,,,,,,,,,,,,,,,,,,,,,,,,,,,,,,,,,,
"Super_Arena5","Super","Arena5",,,,,,,,,,,,,,,,,,,,,,,,,,,,,,,,,,,,,,,,,,,,,,,,,,,,,,
"Giant_Arena6","Giant","Arena6",,,,,,,,,,,,,,,,,,,,,,,,,,,,,,,,,,,,,,,,,,,,,,,,,,,,,,
"Super_Arena6","Super","Arena6",,,,,,,,,,,,,,,,,,,,,,,,,,,,,,,,,,,,,,,,,,,,,,,,,,,,,,
"Giant_Arena7","Giant","Arena7",,,,,,,,,,,,,,,,,,,,,,,,,,,,,,,,,,,,,,,,,,,,,,,,,,,,,,
"Super_Arena7","Super","Arena7",,,,,,,,,,,,,,,,,,,,,,,,,,,,,,,,,,,,,,,,,,,,,,,,,,,,,,
"Giant_Arena_L","Giant","Arena_L",,,,,,,,,,,,,,,,,,,,,,,,,,,,,,,,,,,,,,,,,,,,,,,,,,,,,,
"Super_Arena_L","Super","Arena_L",,,,,,,,,,,,,,,,,,,,,,,,,,,,,,,,,,,,,,,,,,,,,,,,,,,,,,
"Silver_Arena7","Silver","Arena7",,,,,,,,,,,,,,,,,,,,,,,,,,,,,,,,,,,,,,,,,,,,,,,,,,,,,,
"Gold_Arena7","Gold","Arena7",,,,,,,,,,,,,,,,,,,,,,,,,,,,,,,,,,,,,,,,,,,,,,,,,,,,,,
"Magic_Arena7","Magic","Arena7",,,,,,,,,,,,,,,,,,,,,,,,,,,,,,,,,,,,,,,,,,,,,,,,,,,,,,
"Free_Arena7","Free","Arena7",,,,,,,,,,,,,,,,,,,,,,,,,,,,,,,,,,,,,,,,,,,,,,,,,,,,,,
"Star_Arena7","Star","Arena7",,,,,,,,,,,,,,,,,,,,,,,,,,,,,,,,,,,,,,,,,,,,,,,,,,,,,,
"Giant_Arena8","Giant","Arena8",,,,,,,,,,,,,,,,,,,,,,,,,,,,,,,,,,,,,,,,,,,,,,,,,,,,,,
"Super_Arena8","Super","Arena8",,,,,,,,,,,,,,,,,,,,,,,,,,,,,,,,,,,,,,,,,,,,,,,,,,,,,,
"Silver_Arena8","Silver","Arena8",,,,,,,,,,,,,,,,,,,,,,,,,,,,,,,,,,,,,,,,,,,,,,,,,,,,,,
"Gold_Arena8","Gold","Arena8",,,,,,,,,,,,,,,,,,,,,,,,,,,,,,,,,,,,,,,,,,,,,,,,,,,,,,
"Magic_Arena8","Magic","Arena8",,,,,,,,,,,,,,,,,,,,,,,,,,,,,,,,,,,,,,,,,,,,,,,,,,,,,,
"Free_Arena8","Free","Arena8",,,,,,,,,,,,,,,,,,,,,,,,,,,,,,,,,,,,,,,,,,,,,,,,,,,,,,
"Star_Arena8","Star","Arena8",,,,,,,,,,,,,,,,,,,,,,,,,,,,,,,,,,,,,,,,,,,,,,,,,,,,,,
"Tournament1st",,"TrainingCamp",,"TRUE",,,,0,,5,30,600,,,,7,7,"sc/ui_chest.sc","chest_tournament_1_c_closed",,"get_magic_chest","chest_open_tournament_1_c","chest_landing_magic","openChest_magical","tap_magic_chest","sound_openChest_magical",,,,,,"sc/ui_chest.sc","chest_item_generic",,,,,,,,,,,,,,,,,,,,,,,
"Tournament2nd",,"TrainingCamp",,"TRUE",,,,0,,5,30,600,,,,7,7,"sc/ui_chest.sc","chest_tournament_2_c_closed",,"get_gold_chest","chest_open_tournament_2_c","chest_landing_gold","openChest_gold","tap_gold_chest","sound_openChest_gold",,,,,,"sc/ui_chest.sc","chest_item_generic",,,,,,,,,,,,,,,,,,,,,,,
"Tournament3rd",,"TrainingCamp",,"TRUE",,,,0,,5,30,600,,,,7,7,"sc/ui_chest.sc","chest_tournament_3_c_closed",,"get_metal_chest","chest_open_tournament_3_c","chest_landing_iron","openChest_iron","tap_iron_chest","sound_openChest_iron",,,,,,"sc/ui_chest.sc","chest_item_generic",,,,,,,,,,,,,,,,,,,,,,,
"TournamentOther",,"TrainingCamp",,"TRUE",,,,0,,5,30,600,,,,7,7,"sc/ui_chest.sc","chest_tournament_other_closed",,"get_wood_chest","chest_open_tournament_other","chest_landing_wood","openChest_wood","tap_wooden_chest","sound_openChest_wood",,,,,,"sc/ui_chest.sc","chest_item_generic",,,,,,,,,,,,,,,,,,,,,,,
"Tournament1st_Arena1","Tournament1st","Arena1",,"TRUE",,,,,,,,,,,,,,,,,,,,,,,,,,,,,,,,,,,,,,,,,,,,,,,,,,,,
"Tournament2nd_Arena1","Tournament2nd","Arena1",,"TRUE",,,,,,,,,,,,,,,,,,,,,,,,,,,,,,,,,,,,,,,,,,,,,,,,,,,,
"Tournament3rd_Arena1","Tournament3rd","Arena1",,"TRUE",,,,,,,,,,,,,,,,,,,,,,,,,,,,,,,,,,,,,,,,,,,,,,,,,,,,
"TournamentOther_Arena1","TournamentOther","Arena1",,"TRUE",,,,,,,,,,,,,,,,,,,,,,,,,,,,,,,,,,,,,,,,,,,,,,,,,,,,
"Tournament1st_Arena2","Tournament1st","Arena2",,"TRUE",,,,,,,,,,,,,,,,,,,,,,,,,,,,,,,,,,,,,,,,,,,,,,,,,,,,
"Tournament2nd_Arena2","Tournament2nd","Arena2",,"TRUE",,,,,,,,,,,,,,,,,,,,,,,,,,,,,,,,,,,,,,,,,,,,,,,,,,,,
"Tournament3rd_Arena2","Tournament3rd","Arena2",,"TRUE",,,,,,,,,,,,,,,,,,,,,,,,,,,,,,,,,,,,,,,,,,,,,,,,,,,,
"TournamentOther_Arena2","TournamentOther","Arena2",,"TRUE",,,,,,,,,,,,,,,,,,,,,,,,,,,,,,,,,,,,,,,,,,,,,,,,,,,,
"Tournament1st_Arena3","Tournament1st","Arena3",,"TRUE",,,,,,,,,,,,,,,,,,,,,,,,,,,,,,,,,,,,,,,,,,,,,,,,,,,,
"Tournament2nd_Arena3","Tournament2nd","Arena3",,"TRUE",,,,,,,,,,,,,,,,,,,,,,,,,,,,,,,,,,,,,,,,,,,,,,,,,,,,
"Tournament3rd_Arena3","Tournament3rd","Arena3",,"TRUE",,,,,,,,,,,,,,,,,,,,,,,,,,,,,,,,,,,,,,,,,,,,,,,,,,,,
"TournamentOther_Arena3","TournamentOther","Arena3",,"TRUE",,,,,,,,,,,,,,,,,,,,,,,,,,,,,,,,,,,,,,,,,,,,,,,,,,,,
"Tournament1st_Arena4","Tournament1st","Arena4",,"TRUE",,,,,,,,,,,,,,,,,,,,,,,,,,,,,,,,,,,,,,,,,,,,,,,,,,,,
"Tournament2nd_Arena4","Tournament2nd","Arena4",,"TRUE",,,,,,,,,,,,,,,,,,,,,,,,,,,,,,,,,,,,,,,,,,,,,,,,,,,,
"Tournament3rd_Arena4","Tournament3rd","Arena4",,"TRUE",,,,,,,,,,,,,,,,,,,,,,,,,,,,,,,,,,,,,,,,,,,,,,,,,,,,
"TournamentOther_Arena4","TournamentOther","Arena4",,"TRUE",,,,,,,,,,,,,,,,,,,,,,,,,,,,,,,,,,,,,,,,,,,,,,,,,,,,
"Tournament1st_Arena5","Tournament1st","Arena5",,"TRUE",,,,,,,,,,,,,,,,,,,,,,,,,,,,,,,,,,,,,,,,,,,,,,,,,,,,
"Tournament2nd_Arena5","Tournament2nd","Arena5",,"TRUE",,,,,,,,,,,,,,,,,,,,,,,,,,,,,,,,,,,,,,,,,,,,,,,,,,,,
"Tournament3rd_Arena5","Tournament3rd","Arena5",,"TRUE",,,,,,,,,,,,,,,,,,,,,,,,,,,,,,,,,,,,,,,,,,,,,,,,,,,,
"TournamentOther_Arena5","TournamentOther","Arena5",,"TRUE",,,,,,,,,,,,,,,,,,,,,,,,,,,,,,,,,,,,,,,,,,,,,,,,,,,,
"Tournament1st_Arena6","Tournament1st","Arena6",,"TRUE",,,,,,,,,,,,,,,,,,,,,,,,,,,,,,,,,,,,,,,,,,,,,,,,,,,,
"Tournament2nd_Arena6","Tournament2nd","Arena6",,"TRUE",,,,,,,,,,,,,,,,,,,,,,,,,,,,,,,,,,,,,,,,,,,,,,,,,,,,
"Tournament3rd_Arena6","Tournament3rd","Arena6",,"TRUE",,,,,,,,,,,,,,,,,,,,,,,,,,,,,,,,,,,,,,,,,,,,,,,,,,,,
"TournamentOther_Arena6","TournamentOther","Arena6",,"TRUE",,,,,,,,,,,,,,,,,,,,,,,,,,,,,,,,,,,,,,,,,,,,,,,,,,,,
"Tournament1st_Arena7","Tournament1st","Arena7",,"TRUE",,,,,,,,,,,,,,,,,,,,,,,,,,,,,,,,,,,,,,,,,,,,,,,,,,,,
"Tournament2nd_Arena7","Tournament2nd","Arena7",,"TRUE",,,,,,,,,,,,,,,,,,,,,,,,,,,,,,,,,,,,,,,,,,,,,,,,,,,,
"Tournament3rd_Arena7","Tournament3rd","Arena7",,"TRUE",,,,,,,,,,,,,,,,,,,,,,,,,,,,,,,,,,,,,,,,,,,,,,,,,,,,
"TournamentOther_Arena7","TournamentOther","Arena7",,"TRUE",,,,,,,,,,,,,,,,,,,,,,,,,,,,,,,,,,,,,,,,,,,,,,,,,,,,
"Tournament1st_Arena8","Tournament1st","Arena8",,"TRUE",,,,,,,,,,,,,,,,,,,,,,,,,,,,,,,,,,,,,,,,,,,,,,,,,,,,
"Tournament2nd_Arena8","Tournament2nd","Arena8",,"TRUE",,,,,,,,,,,,,,,,,,,,,,,,,,,,,,,,,,,,,,,,,,,,,,,,,,,,
"Tournament3rd_Arena8","Tournament3rd","Arena8",,"TRUE",,,,,,,,,,,,,,,,,,,,,,,,,,,,,,,,,,,,,,,,,,,,,,,,,,,,
"TournamentOther_Arena8","TournamentOther","Arena8",,"TRUE",,,,,,,,,,,,,,,,,,,,,,,,,,,,,,,,,,,,,,,,,,,,,,,,,,,,
"Tournament1st_Arena_L","Tournament1st","Arena_L",,"TRUE",,,,,,,,,,,,,,,,,,,,,,,,,,,,,,,,,,,,,,,,,,,,,,,,,,,,
"Tournament2nd_Arena_L","Tournament2nd","Arena_L",,"TRUE",,,,,,,,,,,,,,,,,,,,,,,,,,,,,,,,,,,,,,,,,,,,,,,,,,,,
"Tournament3rd_Arena_L","Tournament3rd","Arena_L",,"TRUE",,,,,,,,,,,,,,,,,,,,,,,,,,,,,,,,,,,,,,,,,,,,,,,,,,,,
"TournamentOther_Arena_L","TournamentOther","Arena_L",,"TRUE",,,,,,,,,,,,,,,,,,,,,,,,,,,,,,,,,,,,,,,,,,,,,,,,,,,,
"Legendary",,"Arena_L",,,,86400,1,1,1,0,0,1,,,,0,0,"sc/ui_chest.sc","chest_legendary_closed","chest_legendary_open","get_legendary_chest","chest_open_legendary","chest_landing_legendary","openChest_mega","tap_mega_chest","sound_openChest_bigmagical",,"TID_CHEST_LEGENDARY","TID_CHEST_LEGENDARY_NOTIFICATION",,,"sc/ui.sc","icon_chests_legendary_small",,,,,,,,,,,,,,"TRUE",,,,,,,,,
"Epic",,"Arena_L",,,,43200,20,5,,0,1,0,,,,0,0,"sc/ui_chest.sc","chest_epic_closed","chest_epic_open","get_epic_chest","chest_open_epic","chest_landing_mega","openChest_mega","tap_mega_chest","sound_openChest_bigmagical",,"TID_CHEST_EPIC","TID_CHEST_EPIC_NOTIFICATION",,,"sc/ui.sc","icon_chests_epic_small",,,,,,,,,,,,,,"TRUE",,,,,,,,,
"Epic_Arena1","Epic","Arena1",,,,,6,3,,,,,,,,,,,,,,,,,,,,,,,,,,,,,,,,,,,,,,,,,,,,,,,,
"Epic_Arena2","Epic","Arena2",,,,,8,3,,,,,,,,,,,,,,,,,,,,,,,,,,,,,,,,,,,,,,,,,,,,,,,,
"Epic_Arena3","Epic","Arena3",,,,,10,4,,,,,,,,,,,,,,,,,,,,,,,,,,,,,,,,,,,,,,,,,,,,,,,,
"Epic_Arena4","Epic","Arena4",,,,,12,4,,,,,,,,,,,,,,,,,,,,,,,,,,,,,,,,,,,,,,,,,,,,,,,,
"Epic_Arena5","Epic","Arena5",,,,,13,4,,,,,,,,,,,,,,,,,,,,,,,,,,,,,,,,,,,,,,,,,,,,,,,,
"Epic_Arena6","Epic","Arena6",,,,,15,5,,,,,,,,,,,,,,,,,,,,,,,,,,,,,,,,,,,,,,,,,,,,,,,,
"Epic_Arena7","Epic","Arena7",,,,,17,5,,,,,,,,,,,,,,,,,,,,,,,,,,,,,,,,,,,,,,,,,,,,,,,,
"Epic_Arena8","Epic","Arena8",,,,,19,5,,,,,,,,,,,,,,,,,,,,,,,,,,,,,,,,,,,,,,,,,,,,,,,,
"Epic_Arena_L","Epic","Arena_L",,,,,20,5,,,,,,,,,,,,,,,,,,,,,,,,,,,,,,,,,,,,,,,,,,,,,,,,
"Survival_Bronze",,"TrainingCamp",,,"TRUE",,,,,10,100,2000,,,,15,15,"sc/ui_chest.sc","chest_tournament_2_a_closed",,"get_wood_chest","chest_open_tournament_2_a","chest_landing_wood","openChest_wood","tap_wooden_chest","sound_openChest_wood",,,,,,"sc/ui_chest.sc","chest_item_generic",,,,,,,,,,,,,,,,,,,,,,,
"Survival_Gold",,"TrainingCamp",,,"TRUE",,,,,10,100,2000,,,,15,15,"sc/ui_chest.sc","chest_tournament_1_a_closed",,"get_wood_chest","chest_open_tournament_1_a","chest_landing_wood","openChest_wood","tap_wooden_chest","sound_openChest_wood",,,,,,"sc/ui_chest.sc","chest_item_generic",,,,,,,,,,,,,,,,,,,,,,,
"Survival_Bronze_Arena1","Survival_Bronze","Arena1",,,"TRUE",,,,,,,,,,,,,,,,,,,,,,,,,,,,,,,,,,,,,,,,,,,,,,,,,,,
"Survival_Gold_Arena1","Survival_Gold","Arena1",,,"TRUE",,,,,,,,,,,,,,,,,,,,,,,,,,,,,,,,,,,,,,,,,,,,,,,,,,,
"Survival_Bronze_Arena2","Survival_Bronze","Arena2",,,"TRUE",,,,,,,,,,,,,,,,,,,,,,,,,,,,,,,,,,,,,,,,,,,,,,,,,,,
"Survival_Gold_Arena2","Survival_Gold","Arena2",,,"TRUE",,,,,,,,,,,,,,,,,,,,,,,,,,,,,,,,,,,,,,,,,,,,,,,,,,,
"Survival_Bronze_Arena3","Survival_Bronze","Arena3",,,"TRUE",,,,,,,,,,,,,,,,,,,,,,,,,,,,,,,,,,,,,,,,,,,,,,,,,,,
"Survival_Gold_Arena3","Survival_Gold","Arena3",,,"TRUE",,,,,,,,,,,,,,,,,,,,,,,,,,,,,,,,,,,,,,,,,,,,,,,,,,,
"Survival_Bronze_Arena4","Survival_Bronze","Arena4",,,"TRUE",,,,,,,,,,,,,,,,,,,,,,,,,,,,,,,,,,,,,,,,,,,,,,,,,,,
"Survival_Gold_Arena4","Survival_Gold","Arena4",,,"TRUE",,,,,,,,,,,,,,,,,,,,,,,,,,,,,,,,,,,,,,,,,,,,,,,,,,,
"Survival_Bronze_Arena5","Survival_Bronze","Arena5",,,"TRUE",,,,,,,,,,,,,,,,,,,,,,,,,,,,,,,,,,,,,,,,,,,,,,,,,,,
"Survival_Gold_Arena5","Survival_Gold","Arena5",,,"TRUE",,,,,,,,,,,,,,,,,,,,,,,,,,,,,,,,,,,,,,,,,,,,,,,,,,,
"Survival_Bronze_Arena6","Survival_Bronze","Arena6",,,"TRUE",,,,,,,,,,,,,,,,,,,,,,,,,,,,,,,,,,,,,,,,,,,,,,,,,,,
"Survival_Gold_Arena6","Survival_Gold","Arena6",,,"TRUE",,,,,,,,,,,,,,,,,,,,,,,,,,,,,,,,,,,,,,,,,,,,,,,,,,,
"Survival_Bronze_Arena7","Survival_Bronze","Arena7",,,"TRUE",,,,,,,,,,,,,,,,,,,,,,,,,,,,,,,,,,,,,,,,,,,,,,,,,,,
"Survival_Gold_Arena7","Survival_Gold","Arena7",,,"TRUE",,,,,,,,,,,,,,,,,,,,,,,,,,,,,,,,,,,,,,,,,,,,,,,,,,,
"Survival_Bronze_Arena8","Survival_Bronze","Arena8",,,"TRUE",,,,,,,,,,,,,,,,,,,,,,,,,,,,,,,,,,,,,,,,,,,,,,,,,,,
"Survival_Gold_Arena8","Survival_Gold","Arena8",,,"TRUE",,,,,,,,,,,,,,,,,,,,,,,,,,,,,,,,,,,,,,,,,,,,,,,,,,,
"Survival_Bronze_Arena_L","Survival_Bronze","Arena_L",,,"TRUE",,,,,,,,,,,,,,,,,,,,,,,,,,,,,,,,,,,,,,,,,,,,,,,,,,,
"Survival_Gold_Arena_L","Survival_Gold","Arena_L",,,"TRUE",,,,,,,,,,,,,,,,,,,,,,,,,,,,,,,,,,,,,,,,,,,,,,,,,,,
"Tournament1st_2",,"TrainingCamp",,"TRUE",,,,,,10,200,4000,,,,7,7,"sc/ui_chest.sc","chest_tournament_1_c_closed",,"get_magic_chest","chest_open_tournament_1_c","chest_landing_magic","openChest_magical","tap_magic_chest","sound_openChest_magical",,,,,,"sc/ui_chest.sc","chest_item_generic",,,,,,,,,,,,,,,,,,,,,,,
"Tournament2nd_2",,"TrainingCamp",,"TRUE",,,,,,10,200,4000,,,,7,7,"sc/ui_chest.sc","chest_tournament_2_c_closed",,"get_gold_chest","chest_open_tournament_2_c","chest_landing_gold","openChest_gold","tap_gold_chest","sound_openChest_gold",,,,,,"sc/ui_chest.sc","chest_item_generic",,,,,,,,,,,,,,,,,,,,,,,
"Tournament3rd_2",,"TrainingCamp",,"TRUE",,,,,,10,200,4000,,,,7,7,"sc/ui_chest.sc","chest_tournament_3_c_closed",,"get_metal_chest","chest_open_tournament_3_c","chest_landing_iron","openChest_iron","tap_iron_chest","sound_openChest_iron",,,,,,"sc/ui_chest.sc","chest_item_generic",,,,,,,,,,,,,,,,,,,,,,,
"TournamentOther_2",,"TrainingCamp",,"TRUE",,,,,,10,200,4000,,,,7,7,"sc/ui_chest.sc","chest_tournament_other_closed",,"get_wood_chest","chest_open_tournament_other","chest_landing_wood","openChest_wood","tap_wooden_chest","sound_openChest_wood",,,,,,"sc/ui_chest.sc","chest_item_generic",,,,,,,,,,,,,,,,,,,,,,,
"Tournament1st_Arena1_2","Tournament1st_2","Arena1",,"TRUE",,,,,,,,,,,,,,,,,,,,,,,,,,,,,,,,,,,,,,,,,,,,,,,,,,,,
"Tournament2nd_Arena1_2","Tournament2nd_2","Arena1",,"TRUE",,,,,,,,,,,,,,,,,,,,,,,,,,,,,,,,,,,,,,,,,,,,,,,,,,,,
"Tournament3rd_Arena1_2","Tournament3rd_2","Arena1",,"TRUE",,,,,,,,,,,,,,,,,,,,,,,,,,,,,,,,,,,,,,,,,,,,,,,,,,,,
"TournamentOther_Arena1_2","TournamentOther_2","Arena1",,"TRUE",,,,,,,,,,,,,,,,,,,,,,,,,,,,,,,,,,,,,,,,,,,,,,,,,,,,
"Tournament1st_Arena2_2","Tournament1st_2","Arena2",,"TRUE",,,,,,,,,,,,,,,,,,,,,,,,,,,,,,,,,,,,,,,,,,,,,,,,,,,,
"Tournament2nd_Arena2_2","Tournament2nd_2","Arena2",,"TRUE",,,,,,,,,,,,,,,,,,,,,,,,,,,,,,,,,,,,,,,,,,,,,,,,,,,,
"Tournament3rd_Arena2_2","Tournament3rd_2","Arena2",,"TRUE",,,,,,,,,,,,,,,,,,,,,,,,,,,,,,,,,,,,,,,,,,,,,,,,,,,,
"TournamentOther_Arena2_2","TournamentOther_2","Arena2",,"TRUE",,,,,,,,,,,,,,,,,,,,,,,,,,,,,,,,,,,,,,,,,,,,,,,,,,,,
"Tournament1st_Arena3_2","Tournament1st_2","Arena3",,"TRUE",,,,,,,,,,,,,,,,,,,,,,,,,,,,,,,,,,,,,,,,,,,,,,,,,,,,
"Tournament2nd_Arena3_2","Tournament2nd_2","Arena3",,"TRUE",,,,,,,,,,,,,,,,,,,,,,,,,,,,,,,,,,,,,,,,,,,,,,,,,,,,
"Tournament3rd_Arena3_2","Tournament3rd_2","Arena3",,"TRUE",,,,,,,,,,,,,,,,,,,,,,,,,,,,,,,,,,,,,,,,,,,,,,,,,,,,
"TournamentOther_Arena3_2","TournamentOther_2","Arena3",,"TRUE",,,,,,,,,,,,,,,,,,,,,,,,,,,,,,,,,,,,,,,,,,,,,,,,,,,,
"Tournament1st_Arena4_2","Tournament1st_2","Arena4",,"TRUE",,,,,,,,,,,,,,,,,,,,,,,,,,,,,,,,,,,,,,,,,,,,,,,,,,,,
"Tournament2nd_Arena4_2","Tournament2nd_2","Arena4",,"TRUE",,,,,,,,,,,,,,,,,,,,,,,,,,,,,,,,,,,,,,,,,,,,,,,,,,,,
"Tournament3rd_Arena4_2","Tournament3rd_2","Arena4",,"TRUE",,,,,,,,,,,,,,,,,,,,,,,,,,,,,,,,,,,,,,,,,,,,,,,,,,,,
"TournamentOther_Arena4_2","TournamentOther_2","Arena4",,"TRUE",,,,,,,,,,,,,,,,,,,,,,,,,,,,,,,,,,,,,,,,,,,,,,,,,,,,
"Tournament1st_Arena5_2","Tournament1st_2","Arena5",,"TRUE",,,,,,,,,,,,,,,,,,,,,,,,,,,,,,,,,,,,,,,,,,,,,,,,,,,,
"Tournament2nd_Arena5_2","Tournament2nd_2","Arena5",,"TRUE",,,,,,,,,,,,,,,,,,,,,,,,,,,,,,,,,,,,,,,,,,,,,,,,,,,,
"Tournament3rd_Arena5_2","Tournament3rd_2","Arena5",,"TRUE",,,,,,,,,,,,,,,,,,,,,,,,,,,,,,,,,,,,,,,,,,,,,,,,,,,,
"TournamentOther_Arena5_2","TournamentOther_2","Arena5",,"TRUE",,,,,,,,,,,,,,,,,,,,,,,,,,,,,,,,,,,,,,,,,,,,,,,,,,,,
"Tournament1st_Arena6_2","Tournament1st_2","Arena6",,"TRUE",,,,,,,,,,,,,,,,,,,,,,,,,,,,,,,,,,,,,,,,,,,,,,,,,,,,
"Tournament2nd_Arena6_2","Tournament2nd_2","Arena6",,"TRUE",,,,,,,,,,,,,,,,,,,,,,,,,,,,,,,,,,,,,,,,,,,,,,,,,,,,
"Tournament3rd_Arena6_2","Tournament3rd_2","Arena6",,"TRUE",,,,,,,,,,,,,,,,,,,,,,,,,,,,,,,,,,,,,,,,,,,,,,,,,,,,
"TournamentOther_Arena6_2","TournamentOther_2","Arena6",,"TRUE",,,,,,,,,,,,,,,,,,,,,,,,,,,,,,,,,,,,,,,,,,,,,,,,,,,,
"Tournament1st_Arena7_2","Tournament1st_2","Arena7",,"TRUE",,,,,,,,,,,,,,,,,,,,,,,,,,,,,,,,,,,,,,,,,,,,,,,,,,,,
"Tournament2nd_Arena7_2","Tournament2nd_2","Arena7",,"TRUE",,,,,,,,,,,,,,,,,,,,,,,,,,,,,,,,,,,,,,,,,,,,,,,,,,,,
"Tournament3rd_Arena7_2","Tournament3rd_2","Arena7",,"TRUE",,,,,,,,,,,,,,,,,,,,,,,,,,,,,,,,,,,,,,,,,,,,,,,,,,,,
"TournamentOther_Arena7_2","TournamentOther_2","Arena7",,"TRUE",,,,,,,,,,,,,,,,,,,,,,,,,,,,,,,,,,,,,,,,,,,,,,,,,,,,
"Tournament1st_Arena8_2","Tournament1st_2","Arena8",,"TRUE",,,,,,,,,,,,,,,,,,,,,,,,,,,,,,,,,,,,,,,,,,,,,,,,,,,,
"Tournament2nd_Arena8_2","Tournament2nd_2","Arena8",,"TRUE",,,,,,,,,,,,,,,,,,,,,,,,,,,,,,,,,,,,,,,,,,,,,,,,,,,,
"Tournament3rd_Arena8_2","Tournament3rd_2","Arena8",,"TRUE",,,,,,,,,,,,,,,,,,,,,,,,,,,,,,,,,,,,,,,,,,,,,,,,,,,,
"TournamentOther_Arena8_2","TournamentOther_2","Arena8",,"TRUE",,,,,,,,,,,,,,,,,,,,,,,,,,,,,,,,,,,,,,,,,,,,,,,,,,,,
"Tournament1st_Arena_L_2","Tournament1st_2","Arena_L",,"TRUE",,,,,,,,,,,,,,,,,,,,,,,,,,,,,,,,,,,,,,,,,,,,,,,,,,,,
"Tournament2nd_Arena_L_2","Tournament2nd_2","Arena_L",,"TRUE",,,,,,,,,,,,,,,,,,,,,,,,,,,,,,,,,,,,,,,,,,,,,,,,,,,,
"Tournament3rd_Arena_L_2","Tournament3rd_2","Arena_L",,"TRUE",,,,,,,,,,,,,,,,,,,,,,,,,,,,,,,,,,,,,,,,,,,,,,,,,,,,
"TournamentOther_Arena_L_2","TournamentOther_2","Arena_L",,"TRUE",,,,,,,,,,,,,,,,,,,,,,,,,,,,,,,,,,,,,,,,,,,,,,,,,,,,
"Giant_Arena9","Giant","Arena9",,,,,,,,,,,,,,,,,,,,,,,,,,,,,,,,,,,,,,,,,,,,,,,,,,,,,,
"Super_Arena9","Super","Arena9",,,,,,,,,,,,,,,,,,,,,,,,,,,,,,,,,,,,,,,,,,,,,,,,,,,,,,
"Silver_Arena9","Silver","Arena9",,,,,,,,,,,,,,,,,,,,,,,,,,,,,,,,,,,,,,,,,,,,,,,,,,,,,,
"Gold_Arena9","Gold","Arena9",,,,,,,,,,,,,,,,,,,,,,,,,,,,,,,,,,,,,,,,,,,,,,,,,,,,,,
"Magic_Arena9","Magic","Arena9",,,,,,,,,,,,,,,,,,,,,,,,,,,,,,,,,,,,,,,,,,,,,,,,,,,,,,
"Epic_Arena9","Epic","Arena9",,,,,20,5,,,,,,,,,,,,,,,,,,,,,,,,,,,,,,,,,,,,,,,,,,,,,,,,
"Free_Arena9","Free","Arena9",,,,,,,,,,,,,,,,,,,,,,,,,,,,,,,,,,,,,,,,,,,,,,,,,,,,,,
"Star_Arena9","Star","Arena9",,,,,,,,,,,,,,,,,,,,,,,,,,,,,,,,,,,,,,,,,,,,,,,,,,,,,,
"Tournament1st_Arena9","Tournament1st","Arena9",,"TRUE",,,,,,,,,,,,,,,,,,,,,,,,,,,,,,,,,,,,,,,,,,,,,,,,,,,,
"Tournament2nd_Arena9","Tournament2nd","Arena9",,"TRUE",,,,,,,,,,,,,,,,,,,,,,,,,,,,,,,,,,,,,,,,,,,,,,,,,,,,
"Tournament3rd_Arena9","Tournament3rd","Arena9",,"TRUE",,,,,,,,,,,,,,,,,,,,,,,,,,,,,,,,,,,,,,,,,,,,,,,,,,,,
"TournamentOther_Arena9","TournamentOther","Arena9",,"TRUE",,,,,,,,,,,,,,,,,,,,,,,,,,,,,,,,,,,,,,,,,,,,,,,,,,,,
"Tournament1st_Arena9_2","Tournament1st_2","Arena9",,"TRUE",,,,,,,,,,,,,,,,,,,,,,,,,,,,,,,,,,,,,,,,,,,,,,,,,,,,
"Tournament2nd_Arena9_2","Tournament2nd_2","Arena9",,"TRUE",,,,,,,,,,,,,,,,,,,,,,,,,,,,,,,,,,,,,,,,,,,,,,,,,,,,
"Tournament3rd_Arena9_2","Tournament3rd_2","Arena9",,"TRUE",,,,,,,,,,,,,,,,,,,,,,,,,,,,,,,,,,,,,,,,,,,,,,,,,,,,
"TournamentOther_Arena9_2","TournamentOther_2","Arena9",,"TRUE",,,,,,,,,,,,,,,,,,,,,,,,,,,,,,,,,,,,,,,,,,,,,,,,,,,,
"Survival_Bronze_Arena9","Survival_Bronze","Arena9",,,"TRUE",,,,,,,,,,,,,,,,,,,,,,,,,,,,,,,,,,,,,,,,,,,,,,,,,,,
"Survival_Gold_Arena9","Survival_Gold","Arena9",,,"TRUE",,,,,,,,,,,,,,,,,,,,,,,,,,,,,,,,,,,,,,,,,,,,,,,,,,,
"ClanCrownChest_1_old","ClanCrownChest","TrainingCamp",,,,,,,,,,,,,,,,,,,,,,,,,,,,,,,,,,,,,,,,,,,,,,,,,,,,,,
"ClanCrownChest_2_old","ClanCrownChest","TrainingCamp",,,,,,,,,,,,,,,,,,,,,,,,,,,,,,,,,,,,,,,,,,,,,,,,,,,,,,
"ClanCrownChest_3_old","ClanCrownChest","TrainingCamp",,,,,,,,,,,,,,,,,,,,,,,,,,,,,,,,,,,,,,,,,,,,,,,,,,,,,,
"ClanCrownChest_4_old","ClanCrownChest","TrainingCamp",,,,,,,,,,,,,,,,,,,,,,,,,,,,,,,,,,,,,,,,,,,,,,,,,,,,,,
"ClanCrownChest_5_old","ClanCrownChest","TrainingCamp",,,,,,,,,,,,,,,,,,,,,,,,,,,,,,,,,,,,,,,,,,,,,,,,,,,,,,
"ClanCrownChest_6_old","ClanCrownChest","TrainingCamp",,,,,,,,,,,,,,,,,,,,,,,,,,,,,,,,,,,,,,,,,,,,,,,,,,,,,,
"ClanCrownChest_7_old","ClanCrownChest","TrainingCamp",,,,,,,,,,,,,,,,,,,,,,,,,,,,,,,,,,,,,,,,,,,,,,,,,,,,,,
"ClanCrownChest_8_old","ClanCrownChest","TrainingCamp",,,,,,,,,,,,,,,,,,,,,,,,,,,,,,,,,,,,,,,,,,,,,,,,,,,,,,
"ClanCrownChest_9_old","ClanCrownChest","TrainingCamp",,,,,,,,,,,,,,,,,,,,,,,,,,,,,,,,,,,,,,,,,,,,,,,,,,,,,,
"ClanCrownChest_10_old","ClanCrownChest","TrainingCamp",,,,,,,,,,,,,,,,,,,,,,,,,,,,,,,,,,,,,,,,,,,,,,,,,,,,,,
"ClanCrownChest",,"TrainingCamp",,,,,,,,10,100,2000,,,,6,6,"sc/ui_chest.sc","chest_star_closed",,"get_gold_chest","chest_open_gold","chest_landing_magic","openChest_star","tap_magic_chest","sound_openChest_magical",,"TID_CLAN_CROWN_CHEST",,,,"sc/ui_chest.sc","chest_item_generic",,,,,,,,,,,,,,,,,,,,,,,
"ClanCrownChest_Arena1","ClanCrownChest","Arena1",,,,,,,,,,,,,,,,,,,,,,,,,,,,,,,,,,,,,,,,,,,,,,,,,,,,,,
"ClanCrownChest_Arena2","ClanCrownChest","Arena2",,,,,,,,,,,,,,,,,,,,,,,,,,,,,,,,,,,,,,,,,,,,,,,,,,,,,,
"ClanCrownChest_Arena3","ClanCrownChest","Arena3",,,,,,,,,,,,,,,,,,,,,,,,,,,,,,,,,,,,,,,,,,,,,,,,,,,,,,
"ClanCrownChest_Arena4","ClanCrownChest","Arena4",,,,,,,,,,,,,,,,,,,,,,,,,,,,,,,,,,,,,,,,,,,,,,,,,,,,,,
"ClanCrownChest_Arena5","ClanCrownChest","Arena5",,,,,,,,,,,,,,,,,,,,,,,,,,,,,,,,,,,,,,,,,,,,,,,,,,,,,,
"ClanCrownChest_Arena6","ClanCrownChest","Arena6",,,,,,,,,,,,,,,,,,,,,,,,,,,,,,,,,,,,,,,,,,,,,,,,,,,,,,
"ClanCrownChest_Arena7","ClanCrownChest","Arena7",,,,,,,,,,,,,,,,,,,,,,,,,,,,,,,,,,,,,,,,,,,,,,,,,,,,,,
"ClanCrownChest_Arena8","ClanCrownChest","Arena8",,,,,,,,,,,,,,,,,,,,,,,,,,,,,,,,,,,,,,,,,,,,,,,,,,,,,,
"ClanCrownChest_Arena9","ClanCrownChest","Arena9",,,,,,,,,,,,,,,,,,,,,,,,,,,,,,,,,,,,,,,,,,,,,,,,,,,,,,
"ClanCrownChest_Arena_L","ClanCrownChest","Arena_L",,,,,,,,,,,,,,,,,,,,,,,,,,,,,,,,,,,,,,,,,,,,,,,,,,,,,,
"Giant_Arena_T","Giant","Arena_T",,,,,,,,,,,,,,,,,,,,,,,,,,,,,,,,,,,,,,,,,,,,,,,,,,,,,,
"Super_Arena_T","Super","Arena_T",,,,,,,,,,,,,,,,,,,,,,,,,,,,,,,,,,,,,,,,,,,,,,,,,,,,,,
"Silver_Arena_T","Silver","Arena_T",,,,,,,,,,,,,,,,,,,,,,,,,,,,,,,,,,,,,,,,,,,,,,,,,,,,,,
"Gold_Arena_T","Gold","Arena_T",,,,,,,,,,,,,,,,,,,,,,,,,,,,,,,,,,,,,,,,,,,,,,,,,,,,,,
"Magic_Arena_T","Magic","Arena_T",,,,,,,,,,,,,,,,,,,,,,,,,,,,,,,,,,,,,,,,,,,,,,,,,,,,,,
"Epic_Arena_T","Epic","Arena_T",,,,,20,5,,,,,,,,,,,,,,,,,,,,,,,,,,,,,,,,,,,,,,,,,,,,,,,,
"Free_Arena_T","Free","Arena_T",,,,,,,,,,,,,,,,,,,,,,,,,,,,,,,,,,,,,,,,,,,,,,,,,,,,,,
"Star_Arena_T","Star","Arena_T",,,,,,,,,,,,,,,,,,,,,,,,,,,,,,,,,,,,,,,,,,,,,,,,,,,,,,
"Tournament1st_Arena_T","Tournament1st","Arena_T",,"TRUE",,,,,,,,,,,,,,,,,,,,,,,,,,,,,,,,,,,,,,,,,,,,,,,,,,,,
"Tournament2nd_Arena_T","Tournament2nd","Arena_T",,"TRUE",,,,,,,,,,,,,,,,,,,,,,,,,,,,,,,,,,,,,,,,,,,,,,,,,,,,
"Tournament3rd_Arena_T","Tournament3rd","Arena_T",,"TRUE",,,,,,,,,,,,,,,,,,,,,,,,,,,,,,,,,,,,,,,,,,,,,,,,,,,,
"TournamentOther_Arena_T","TournamentOther","Arena_T",,"TRUE",,,,,,,,,,,,,,,,,,,,,,,,,,,,,,,,,,,,,,,,,,,,,,,,,,,,
"Tournament1st_Arena_T_2","Tournament1st_2","Arena_T",,"TRUE",,,,,,,,,,,,,,,,,,,,,,,,,,,,,,,,,,,,,,,,,,,,,,,,,,,,
"Tournament2nd_Arena_T_2","Tournament2nd_2","Arena_T",,"TRUE",,,,,,,,,,,,,,,,,,,,,,,,,,,,,,,,,,,,,,,,,,,,,,,,,,,,
"Tournament3rd_Arena_T_2","Tournament3rd_2","Arena_T",,"TRUE",,,,,,,,,,,,,,,,,,,,,,,,,,,,,,,,,,,,,,,,,,,,,,,,,,,,
"TournamentOther_Arena_T_2","TournamentOther_2","Arena_T",,"TRUE",,,,,,,,,,,,,,,,,,,,,,,,,,,,,,,,,,,,,,,,,,,,,,,,,,,,
"Survival_Bronze_Arena_T","Survival_Bronze","Arena_T",,,"TRUE",,,,,,,,,,,,,,,,,,,,,,,,,,,,,,,,,,,,,,,,,,,,,,,,,,,
"Survival_Gold_Arena_T","Survival_Gold","Arena_T",,,"TRUE",,,,,,,,,,,,,,,,,,,,,,,,,,,,,,,,,,,,,,,,,,,,,,,,,,,
"ClanCrownChest_Arena_T","ClanCrownChest","Arena_T",,,,,,,,,,,,,,,,,,,,,,,,,,,,,,,,,,,,,,,,,,,,,,,,,,,,,,
"SeasonReward_L1",,"Arena_L1",,,,,101,5,,2,10,200,,,,19,21,"sc/ui_chest.sc","chest_draft_closed","chest_draft_open","get_magic_chest","chest_open_draft","chest_landing_magic","openChest_draft","tap_champions_chest","sound_openChest_champion",,"TID_CHEST_SEASON_1",,100,"TRUE","sc/ui.sc","icon_chests_draft_small",,,,,,,,,,,,,,,,,,,,,,,
"SeasonReward_L2",,"Arena_L2",,,,,151,5,,2,10,200,,,,19,21,"sc/ui_chest.sc","chest_draft_closed","chest_draft_open","get_magic_chest","chest_open_draft","chest_landing_magic","openChest_draft","tap_champions_chest","sound_openChest_champion",,"TID_CHEST_SEASON_2",,101,"TRUE","sc/ui.sc","icon_chests_draft_small",,,,,,,,,,,,,,,,,,,,,,,
"SeasonReward_L3",,"Arena_L3",,,,,201,6,,2,10,200,,,,19,21,"sc/ui_chest.sc","chest_draft_closed","chest_draft_open","get_magic_chest","chest_open_draft","chest_landing_magic","openChest_draft","tap_champions_chest","sound_openChest_champion",,"TID_CHEST_SEASON_3",,102,"TRUE","sc/ui.sc","icon_chests_draft_small",,,,,,,,,,,,,,,,,,,,,,,
"SeasonReward_L4",,"Arena_L4",,,,,251,6,,2,10,200,,,,19,21,"sc/ui_chest.sc","chest_draft_closed","chest_draft_open","get_magic_chest","chest_open_draft","chest_landing_magic","openChest_draft","tap_champions_chest","sound_openChest_champion",,"TID_CHEST_SEASON_4",,103,"TRUE","sc/ui.sc","icon_chests_draft_small",,,,,,,,,,,,,,,,,,,,,,,
"SeasonReward_L5",,"Arena_L5",,,,,301,7,,2,10,200,,,,19,21,"sc/ui_chest.sc","chest_draft_closed","chest_draft_open","get_magic_chest","chest_open_draft","chest_landing_magic","openChest_draft","tap_champions_chest","sound_openChest_champion",,"TID_CHEST_SEASON_5",,104,"TRUE","sc/ui.sc","icon_chests_draft_small",,,,,,,,,,,,,,,,,,,,,,,
"SeasonReward_L6",,"Arena_L6",,,,,351,7,,2,10,200,,,,19,21,"sc/ui_chest.sc","chest_draft_closed","chest_draft_open","get_magic_chest","chest_open_draft","chest_landing_magic","openChest_draft","tap_champions_chest","sound_openChest_champion",,"TID_CHEST_SEASON_6",,105,"TRUE","sc/ui.sc","icon_chests_draft_small",,,,,,,,,,,,,,,,,,,,,,,
"SeasonReward_L7",,"Arena_L7",,,,,401,8,,2,10,200,,,,19,21,"sc/ui_chest.sc","chest_draft_closed","chest_draft_open","get_magic_chest","chest_open_draft","chest_landing_magic","openChest_draft","tap_champions_chest","sound_openChest_champion",,"TID_CHEST_SEASON_7",,106,"TRUE","sc/ui.sc","icon_chests_draft_small",,,,,,,,,,,,,,,,,,,,,,,
"SeasonReward_L8",,"Arena_L8",,,,,451,8,,2,10,200,,,,19,21,"sc/ui_chest.sc","chest_draft_closed","chest_draft_open","get_magic_chest","chest_open_draft","chest_landing_magic","openChest_draft","tap_champions_chest","sound_openChest_champion",,"TID_CHEST_SEASON_8",,107,"TRUE","sc/ui.sc","icon_chests_draft_small",,,,,,,,,,,,,,,,,,,,,,,
"SeasonReward_L9",,"Arena_L9",,,,,501,9,,2,10,200,,,,19,21,"sc/ui_chest.sc","chest_draft_closed","chest_draft_open","get_magic_chest","chest_open_draft","chest_landing_magic","openChest_draft","tap_champions_chest","sound_openChest_champion",,"TID_CHEST_SEASON_9",,108,"TRUE","sc/ui.sc","icon_chests_draft_small",,,,,,,,,,,,,,,,,,,,,,,
"Draft",,"TrainingCamp",,,,,170,5,,5,30,600,,,,7,8,"sc/ui_chest.sc","chest_draft_closed","chest_draft_open","get_magic_chest","chest_open_draft","chest_landing_magic","openChest_draft","tap_champions_chest","sound_openChest_champion",,"TID_CHEST_DRAFT",,200,"TRUE","sc/ui.sc","icon_chests_draft_small",,,,,,,,,,,,,,,,,,,,,,,
"Draft_Arena1",,"Arena1",,,,,170,5,,5,,,,,,7,8,"sc/ui_chest.sc","chest_draft_closed","chest_draft_open","get_magic_chest","chest_open_draft","chest_landing_magic","openChest_draft","tap_champions_chest","sound_openChest_champion",,"TID_CHEST_DRAFT",,201,"TRUE","sc/ui.sc","icon_chests_draft_small",,,,,,,,,,,,,,,,,,,,,,,
"Draft_Arena2",,"Arena2",,,,,170,5,,5,,,,,,7,8,"sc/ui_chest.sc","chest_draft_closed","chest_draft_open","get_magic_chest","chest_open_draft","chest_landing_magic","openChest_draft","tap_champions_chest","sound_openChest_champion",,"TID_CHEST_DRAFT",,202,"TRUE","sc/ui.sc","icon_chests_draft_small",,,,,,,,,,,,,,,,,,,,,,,
"Draft_Arena3",,"Arena3",,,,,170,5,,5,30,,,,,7,8,"sc/ui_chest.sc","chest_draft_closed","chest_draft_open","get_magic_chest","chest_open_draft","chest_landing_magic","openChest_draft","tap_champions_chest","sound_openChest_champion",,"TID_CHEST_DRAFT",,203,"TRUE","sc/ui.sc","icon_chests_draft_small",,,,,,,,,,,,,,,,,,,,,,,
"Draft_Arena4",,"Arena4",,,,,170,5,,5,30,,,,,7,8,"sc/ui_chest.sc","chest_draft_closed","chest_draft_open","get_magic_chest","chest_open_draft","chest_landing_magic","openChest_draft","tap_champions_chest","sound_openChest_champion",,"TID_CHEST_DRAFT",,204,"TRUE","sc/ui.sc","icon_chests_draft_small",,,,,,,,,,,,,,,,,,,,,,,
"Draft_Arena5",,"Arena5",,,,,170,5,,5,30,600,,,,7,8,"sc/ui_chest.sc","chest_draft_closed","chest_draft_open","get_magic_chest","chest_open_draft","chest_landing_magic","openChest_draft","tap_champions_chest","sound_openChest_champion",,"TID_CHEST_DRAFT",,205,"TRUE","sc/ui.sc","icon_chests_draft_small",,,,,,,,,,,,,,,,,,,,,,,
"Draft_Arena6",,"Arena6",,,,,170,5,,5,30,600,,,,7,8,"sc/ui_chest.sc","chest_draft_closed","chest_draft_open","get_magic_chest","chest_open_draft","chest_landing_magic","openChest_draft","tap_champions_chest","sound_openChest_champion",,"TID_CHEST_DRAFT",,206,"TRUE","sc/ui.sc","icon_chests_draft_small",,,,,,,,,,,,,,,,,,,,,,,
"Draft_Arena7",,"Arena7",,,,,170,5,,5,30,600,,,,7,8,"sc/ui_chest.sc","chest_draft_closed","chest_draft_open","get_magic_chest","chest_open_draft","chest_landing_magic","openChest_draft","tap_champions_chest","sound_openChest_champion",,"TID_CHEST_DRAFT",,207,"TRUE","sc/ui.sc","icon_chests_draft_small",,,,,,,,,,,,,,,,,,,,,,,
"Draft_Arena8",,"Arena8",,,,,170,5,,5,30,600,,,,7,8,"sc/ui_chest.sc","chest_draft_closed","chest_draft_open","get_magic_chest","chest_open_draft","chest_landing_magic","openChest_draft","tap_champions_chest","sound_openChest_champion",,"TID_CHEST_DRAFT",,208,"TRUE","sc/ui.sc","icon_chests_draft_small",,,,,,,,,,,,,,,,,,,,,,,
"Draft_Arena9",,"Arena9",,,,,170,5,,5,30,600,,,,7,8,"sc/ui_chest.sc","chest_draft_closed","chest_draft_open","get_magic_chest","chest_open_draft","chest_landing_magic","openChest_draft","tap_champions_chest","sound_openChest_champion",,"TID_CHEST_DRAFT",,209,"TRUE","sc/ui.sc","icon_chests_draft_small",,,,,,,,,,,,,,,,,,,,,,,
"Draft_Arena_L",,"Arena_L",,,,,170,5,,5,30,600,,,,7,8,"sc/ui_chest.sc","chest_draft_closed","chest_draft_open","get_magic_chest","chest_open_draft","chest_landing_magic","openChest_draft","tap_champions_chest","sound_openChest_champion",,"TID_CHEST_DRAFT",,210,"TRUE","sc/ui.sc","icon_chests_draft_small",,,,,,,,,,,,,,,,,,,,,,,
"Draft_Arena_T",,"Arena_T",,,,,170,5,,5,30,600,,,,7,8,"sc/ui_chest.sc","chest_draft_closed","chest_draft_open","get_magic_chest","chest_open_draft","chest_landing_magic","openChest_draft","tap_champions_chest","sound_openChest_champion",,"TID_CHEST_DRAFT",,211,"TRUE","sc/ui.sc","icon_chests_draft_small",,,,,,,,,,,,,,,,,,,,,,,
"Draft_StarterPack_T",,"Arena_T",,,,,501,9,,2,10,200,,,,19,21,"sc/ui_chest.sc","chest_draft_closed","chest_draft_open","get_magic_chest","chest_open_draft","chest_landing_magic","openChest_draft","tap_champions_chest","sound_openChest_champion",,"TID_CHEST_SEASON_9",,300,"TRUE","sc/ui.sc","icon_chests_draft_small",,,,,,,,,,,,,,,,,,,,,,,
"Newbie3_1",,"TrainingCamp",,,,5,5,5,,,,,"Knight",,,6,6,"sc/ui_chest.sc","Chest_wood",,"get_wood_chest","chest_open_wooden","chest_landing_wood","openChest_wood","tap_wooden_chest","sound_openChest_wood",,"TID_CHEST_WOOD","TID_CHEST_WOOD_NOTIFICATION",,,"sc/ui.sc","icon_chests_wooden_small",,,,,,,,,,,,,,,,,,,,,,,
,,,,,,,,,,,,,"Arrows",,,,,,,,,,,,,,,,,,,,,,,,,,,,,,,,,,,,,,,,,,,
"Newbie3_2",,"TrainingCamp",,,,5,9,6,,,8,,"Musketeer",,,6,6,"sc/ui_chest.sc","Chest_wood",,"get_wood_chest","chest_open_wooden","chest_landing_wood","openChest_wood","tap_wooden_chest","sound_openChest_wood",,"TID_CHEST_WOOD","TID_CHEST_WOOD_NOTIFICATION",,,"sc/ui.sc","icon_chests_wooden_small",,,,,,,,,,,,,,,,,,,,,,,
"Newbie5_1",,"TrainingCamp",,,,5,3,3,,,,,"Knight",,,6,6,"sc/ui_chest.sc","Chest_wood",,"get_wood_chest","chest_open_wooden","chest_landing_wood","openChest_wood","tap_wooden_chest","sound_openChest_wood",,"TID_CHEST_WOOD","TID_CHEST_WOOD_NOTIFICATION",,,"sc/ui.sc","icon_chests_wooden_small",,,,,,,,,,,,,,,,,,,,,,,
,,,,,,,,,,,,,"Arrows",,,,,,,,,,,,,,,,,,,,,,,,,,,,,,,,,,,,,,,,,,,
"Newbie5_2",,"TrainingCamp",,,,5,3,3,,,,,"Musketeer",,,6,6,"sc/ui_chest.sc","Chest_wood",,"get_wood_chest","chest_open_wooden","chest_landing_wood","openChest_wood","tap_wooden_chest","sound_openChest_wood",,"TID_CHEST_WOOD","TID_CHEST_WOOD_NOTIFICATION",,,"sc/ui.sc","icon_chests_wooden_small",,,,,,,,,,,,,,,,,,,,,,,
"Newbie5_3",,"TrainingCamp",,,,5,3,3,,,,,"MiniPekka",,,6,6,"sc/ui_chest.sc","Chest_wood",,"get_wood_chest","chest_open_wooden","chest_landing_wood","openChest_wood","tap_wooden_chest","sound_openChest_wood",,"TID_CHEST_WOOD","TID_CHEST_WOOD_NOTIFICATION",,,"sc/ui.sc","icon_chests_wooden_small",,,,,,,,,,,,,,,,,,,,,,,
"Newbie5_Random",,"TrainingCamp",,,,5,3,3,,8,,,,,,6,6,"sc/ui_chest.sc","Chest_wood",,"get_wood_chest","chest_open_wooden","chest_landing_wood","openChest_wood","tap_wooden_chest","sound_openChest_wood",,"TID_CHEST_WOOD","TID_CHEST_WOOD_NOTIFICATION",,,"sc/ui.sc","icon_chests_wooden_small",,,,,,,,,,,,,,,,,,,,,,,
"Skin",,"Arena1",,,,,0,0,,,,,,,,0,0,"sc/ui_chest.sc","chest_legendary_closed","chest_legendary_open","get_legendary_chest","chest_open_legendary","chest_landing_legendary","openChest_mega","tap_mega_chest","sound_openChest_bigmagical",,"TID_CHEST_SKIN","TID_CHEST_SKIN_NOTIFICATION",,,"sc/ui_chest.sc","chest_item_generic",,,,,,,,,,,,,,,,,,,,,,,
"StarBoosted",,"TrainingCamp",,,,,32,6,,6,120,2400,,,,14,16,"sc/ui_chest.sc","chest_star_closed",,"get_gold_chest","chest_open_star","chest_landing_magic","openChest_star","tap_magic_chest","sound_openChest_magical",,"TID_CHEST_GOLD","TID_CHEST_GOLD_NOTIFICATION",4,,"sc/ui_chest.sc","chest_item_generic",,,,,,,,,,,"TRUE",,,,,,,,,,,,
"StarBoosted_Arena1","StarBoosted","Arena1",,,,,,,,,,,,,,,,,,,,,,,,,,,,,,,,,,,,,,,,,,,,,,,,,,,,,,
"StarBoosted_Arena2","StarBoosted","Arena2",,,,,,,,,,,,,,,,,,,,,,,,,,,,,,,,,,,,,,,,,,,,,,,,,,,,,,
"StarBoosted_Arena3","StarBoosted","Arena3",,,,,,,,,,,,,,,,,,,,,,,,,,,,,,,,,,,,,,,,,,,,,,,,,,,,,,
"StarBoosted_Arena4","StarBoosted","Arena4",,,,,,,,,,,,,,,,,,,,,,,,,,,,,,,,,,,,,,,,,,,,,,,,,,,,,,
"StarBoosted_Arena5","StarBoosted","Arena5",,,,,,,,,,,,,,,,,,,,,,,,,,,,,,,,,,,,,,,,,,,,,,,,,,,,,,
"StarBoosted_Arena6","StarBoosted","Arena6",,,,,,,,,,,,,,,,,,,,,,,,,,,,,,,,,,,,,,,,,,,,,,,,,,,,,,
"StarBoosted_Arena7","StarBoosted","Arena7",,,,,,,,,,,,,,,,,,,,,,,,,,,,,,,,,,,,,,,,,,,,,,,,,,,,,,
"StarBoosted_Arena8","StarBoosted","Arena8",,,,,,,,,,,,,,,,,,,,,,,,,,,,,,,,,,,,,,,,,,,,,,,,,,,,,,
"StarBoosted_Arena9","StarBoosted","Arena9",,,,,,,,,,,,,,,,,,,,,,,,,,,,,,,,,,,,,,,,,,,,,,,,,,,,,,
"StarBoosted_Arena_L","StarBoosted","Arena_L",,,,,,,,,,,,,,,,,,,,,,,,,,,,,,,,,,,,,,,,,,,,,,,,,,,,,,
"StarBoosted_Arena_T","StarBoosted","Arena_T",,,,,,,,,,,,,,,,,,,,,,,,,,,,,,,,,,,,,,,,,,,,,,,,,,,,,,
"Giant_Arena_Electric","Giant","Arena_Electric",,,,,,,,,,,,,,,,,,,,,,,,,,,,,,,,,,,,,,,,,,,,,,,,,,,,,,
"Super_Arena_Electric","Super","Arena_Electric",,,,,,,,,,,,,,,,,,,,,,,,,,,,,,,,,,,,,,,,,,,,,,,,,,,,,,
"Silver_Arena_Electric","Silver","Arena_Electric",,,,,,,,,,,,,,,,,,,,,,,,,,,,,,,,,,,,,,,,,,,,,,,,,,,,,,
"Gold_Arena_Electric","Gold","Arena_Electric",,,,,,,,,,,,,,,,,,,,,,,,,,,,,,,,,,,,,,,,,,,,,,,,,,,,,,
"Magic_Arena_Electric","Magic","Arena_Electric",,,,,,,,,,,,,,,,,,,,,,,,,,,,,,,,,,,,,,,,,,,,,,,,,,,,,,
"Free_Arena_Electric","Free","Arena_Electric",,,,,,,,,,,,,,,,,,,,,,,,,,,,,,,,,,,,,,,,,,,,,,,,,,,,,,
"Star_Arena_Electric","Star","Arena_Electric",,,,,,,,,,,,,,,,,,,,,,,,,,,,,,,,,,,,,,,,,,,,,,,,,,,,,,
"Epic_Arena_Electric","Epic","Arena_Electric",,,,,20,5,,,,,,,,,,,,,,,,,,,,,,,,,,,,,,,,,,,,,,,,,,,,,,,,
"Survival_Bronze_Arena_Electric","Survival_Bronze","Arena_Electric",,,"TRUE",,,,,,,,,,,,,,,,,,,,,,,,,,,,,,,,,,,,,,,,,,,,,,,,,,,
"Survival_Gold_Arena_Electric","Survival_Gold","Arena_Electric",,,"TRUE",,,,,,,,,,,,,,,,,,,,,,,,,,,,,,,,,,,,,,,,,,,,,,,,,,,
"SeasonReward_Electric",,"Arena_Electric",,,,,101,5,,2,10,200,,,,19,21,"sc/ui_chest.sc","chest_draft_closed","chest_draft_open","get_magic_chest","chest_open_draft","chest_landing_magic","openChest_draft","tap_champions_chest","sound_openChest_champion",,"TID_CHEST_SEASON_8",,107,"TRUE","sc/ui.sc","icon_chests_draft_small",,,,,,,,,,,,,,,,,,,,,,,
"Draft_Arena_Electric",,"Arena_Electric",,,,,170,5,,5,30,600,,,,7,8,"sc/ui_chest.sc","chest_draft_closed","chest_draft_open","get_magic_chest","chest_open_draft","chest_landing_magic","openChest_draft","tap_champions_chest","sound_openChest_champion",,"TID_CHEST_DRAFT",,208,"TRUE","sc/ui.sc","icon_chests_draft_small",,,,,,,,,,,,,,,,,,,,,,,
"StarBoosted_Arena_Electric","StarBoosted","Arena_Electric",,,,,,,,,,,,,,,,,,,,,,,,,,,,,,,,,,,,,,,,,,,,,,,,,,,,,,
"ClanCrownChest_Arena_Electric","ClanCrownChest","Arena_Electric",,,,,,,,,,,,,,,,,,,,,,,,,,,,,,,,,,,,,,,,,,,,,,,,,,,,,,
"Tournament1st_Arena_Electric","Tournament1st","Arena_Electric",,"TRUE",,,,,,,,,,,,,,,,,,,,,,,,,,,,,,,,,,,,,,,,,,,,,,,,,,,,
"Tournament2nd_Arena_Electric","Tournament2nd","Arena_Electric",,"TRUE",,,,,,,,,,,,,,,,,,,,,,,,,,,,,,,,,,,,,,,,,,,,,,,,,,,,
"Tournament3rd_Arena_Electric","Tournament3rd","Arena_Electric",,"TRUE",,,,,,,,,,,,,,,,,,,,,,,,,,,,,,,,,,,,,,,,,,,,,,,,,,,,
"TournamentOther_Arena_Electric","TournamentOther","Arena_Electric",,"TRUE",,,,,,,,,,,,,,,,,,,,,,,,,,,,,,,,,,,,,,,,,,,,,,,,,,,,
"Tournament1st_Arena_Electric_2","Tournament1st_2","Arena_Electric",,"TRUE",,,,,,,,,,,,,,,,,,,,,,,,,,,,,,,,,,,,,,,,,,,,,,,,,,,,
"Tournament2nd_Arena_Electric_2","Tournament2nd_2","Arena_Electric",,"TRUE",,,,,,,,,,,,,,,,,,,,,,,,,,,,,,,,,,,,,,,,,,,,,,,,,,,,
"Tournament3rd_Arena_Electric_2","Tournament3rd_2","Arena_Electric",,"TRUE",,,,,,,,,,,,,,,,,,,,,,,,,,,,,,,,,,,,,,,,,,,,,,,,,,,,
"TournamentOther_Arena_Electric_2","TournamentOther_2","Arena_Electric",,"TRUE",,,,,,,,,,,,,,,,,,,,,,,,,,,,,,,,,,,,,,,,,,,,,,,,,,,,
"Shop_Small_1_Arena1",,"Arena1","Lightning",,,,81,4,,6,50,8000,,,,5,5,"sc/ui_chest.sc","chest_lightning_open","chest_lightning_open","get_magic_chest","chest_lightning_open","chest_landing_magic","openChest_lightning","tap_magic_chest","sound_openChest_lightning",,"TID_CHEST_SHOP_SMALL",,5,,"sc/ui.sc","icon_chests_lightning_small",,,,,,,,,,2,,"Lightning",,"TRUE","TRUE","TRUE","TRUE","TRUE",,,,,
"Shop_Small_1_Arena2",,"Arena2","Lightning",,,,85,4,,6,50,8000,,,,5,5,"sc/ui_chest.sc","chest_lightning_open","chest_lightning_open","get_magic_chest","chest_lightning_open","chest_landing_magic","openChest_lightning","tap_magic_chest","sound_openChest_lightning",,"TID_CHEST_SHOP_SMALL",,5,,"sc/ui.sc","icon_chests_lightning_small",,,,,,,,,,2,,"Lightning",,"TRUE","TRUE","TRUE","TRUE","TRUE",,,,,
"Shop_Small_1_Arena3",,"Arena3","Lightning",,,,89,4,,6,50,8000,,,,5,5,"sc/ui_chest.sc","chest_lightning_open","chest_lightning_open","get_magic_chest","chest_lightning_open","chest_landing_magic","openChest_lightning","tap_magic_chest","sound_openChest_lightning",,"TID_CHEST_SHOP_SMALL",,5,,"sc/ui.sc","icon_chests_lightning_small",,,,,,,,,,2,,"Lightning",,"TRUE","TRUE","TRUE","TRUE","TRUE",,,,,
"Shop_Small_1_Arena4",,"Arena4","Lightning",,,,93,4,,6,50,8000,,,,5,5,"sc/ui_chest.sc","chest_lightning_open","chest_lightning_open","get_magic_chest","chest_lightning_open","chest_landing_magic","openChest_lightning","tap_magic_chest","sound_openChest_lightning",,"TID_CHEST_SHOP_SMALL",,5,,"sc/ui.sc","icon_chests_lightning_small",,,,,,,,,,3,,"Lightning",,"TRUE","TRUE","TRUE","TRUE","TRUE",,,,,
"Shop_Small_1_Arena5",,"Arena5","Lightning",,,,97,4,,6,50,8000,,,,5,5,"sc/ui_chest.sc","chest_lightning_open","chest_lightning_open","get_magic_chest","chest_lightning_open","chest_landing_magic","openChest_lightning","tap_magic_chest","sound_openChest_lightning",,"TID_CHEST_SHOP_SMALL",,5,,"sc/ui.sc","icon_chests_lightning_small",,,,,,,,,,3,,"Lightning",,"TRUE","TRUE","TRUE","TRUE","TRUE",,,,,
"Shop_Small_1_Arena6",,"Arena6","Lightning",,,,101,4,,6,50,8000,,,,5,5,"sc/ui_chest.sc","chest_lightning_open","chest_lightning_open","get_magic_chest","chest_lightning_open","chest_landing_magic","openChest_lightning","tap_magic_chest","sound_openChest_lightning",,"TID_CHEST_SHOP_SMALL",,5,,"sc/ui.sc","icon_chests_lightning_small",,,,,,,,,,4,,"Lightning",,"TRUE","TRUE","TRUE","TRUE","TRUE",,,,,
"Shop_Small_1_Arena7",,"Arena7","Lightning",,,,105,4,,6,50,8000,,,,5,5,"sc/ui_chest.sc","chest_lightning_open","chest_lightning_open","get_magic_chest","chest_lightning_open","chest_landing_magic","openChest_lightning","tap_magic_chest","sound_openChest_lightning",,"TID_CHEST_SHOP_SMALL",,5,,"sc/ui.sc","icon_chests_lightning_small",,,,,,,,,,4,,"Lightning",,"TRUE","TRUE","TRUE","TRUE","TRUE",,,,,
"Shop_Small_1_Arena8",,"Arena8","Lightning",,,,109,4,,6,50,8000,,,,5,5,"sc/ui_chest.sc","chest_lightning_open","chest_lightning_open","get_magic_chest","chest_lightning_open","chest_landing_magic","openChest_lightning","tap_magic_chest","sound_openChest_lightning",,"TID_CHEST_SHOP_SMALL",,5,,"sc/ui.sc","icon_chests_lightning_small",,,,,,,,,,4,,"Lightning",,"TRUE","TRUE","TRUE","TRUE","TRUE",,,,,
"Shop_Small_1_Arena9",,"Arena9","Lightning",,,,113,4,,6,50,8000,,,,5,5,"sc/ui_chest.sc","chest_lightning_open","chest_lightning_open","get_magic_chest","chest_lightning_open","chest_landing_magic","openChest_lightning","tap_magic_chest","sound_openChest_lightning",,"TID_CHEST_SHOP_SMALL",,5,,"sc/ui.sc","icon_chests_lightning_small",,,,,,,,,,4,,"Lightning",,"TRUE","TRUE","TRUE","TRUE","TRUE",,,,,
"Shop_Small_1_Arena_L",,"Arena_L","Lightning",,,,117,4,,6,50,8000,,,,5,5,"sc/ui_chest.sc","chest_lightning_open","chest_lightning_open","get_magic_chest","chest_lightning_open","chest_landing_magic","openChest_lightning","tap_magic_chest","sound_openChest_lightning",,"TID_CHEST_SHOP_SMALL",,5,,"sc/ui.sc","icon_chests_lightning_small",,,,,,,,,,5,,"Lightning",,"TRUE","TRUE","TRUE","TRUE","TRUE",,,,,
"Shop_Small_1_Arena_Electric",,"Arena_Electric","Lightning",,,,121,4,,6,50,8000,,,,5,5,"sc/ui_chest.sc","chest_lightning_open","chest_lightning_open","get_magic_chest","chest_lightning_open","chest_landing_magic","openChest_lightning","tap_magic_chest","sound_openChest_lightning",,"TID_CHEST_SHOP_SMALL",,5,,"sc/ui.sc","icon_chests_lightning_small",,,,,,,,,,5,,"Lightning",,"TRUE","TRUE","TRUE","TRUE","TRUE",,,,,
"Shop_Small_1_Arena_T",,"Arena_T","Lightning",,,,125,4,,6,50,8000,,,,5,5,"sc/ui_chest.sc","chest_lightning_open","chest_lightning_open","get_magic_chest","chest_lightning_open","chest_landing_magic","openChest_lightning","tap_magic_chest","sound_openChest_lightning",,"TID_CHEST_SHOP_SMALL",,5,,"sc/ui.sc","icon_chests_lightning_small",,,,,,,,,,5,,"Lightning",,"TRUE","TRUE","TRUE","TRUE","TRUE",,,,,
"Shop_Medium_0_Arena1",,"Arena1","FortuneLock",,,,162,5,,5,30,1600,,,,7,7,"sc/ui_chest.sc","chest_fortune_open","chest_fortune_open","get_magic_chest","chest_fortune_open","chest_landing_magic","openChest_fortune","tap_magic_chest","sound_openChest_fortune",,"TID_CHEST_SHOP_MEDIUM",,5,,"sc/ui.sc","icon_chests_fortune_small",,,,,,,,,,,,"Fortune",,"TRUE","TRUE","TRUE",,"TRUE",,,,,
"Shop_Medium_0_Arena2",,"Arena2","FortuneLock",,,,170,5,,5,30,1600,,,,7,7,"sc/ui_chest.sc","chest_fortune_open","chest_fortune_open","get_magic_chest","chest_fortune_open","chest_landing_magic","openChest_fortune","tap_magic_chest","sound_openChest_fortune",,"TID_CHEST_SHOP_MEDIUM",,5,,"sc/ui.sc","icon_chests_fortune_small",,,,,,,,,,,,"Fortune",,"TRUE","TRUE","TRUE",,"TRUE",,,,,
"Shop_Medium_0_Arena3",,"Arena3","FortuneLock",,,,178,5,,5,30,1600,,,,7,7,"sc/ui_chest.sc","chest_fortune_open","chest_fortune_open","get_magic_chest","chest_fortune_open","chest_landing_magic","openChest_fortune","tap_magic_chest","sound_openChest_fortune",,"TID_CHEST_SHOP_MEDIUM",,5,,"sc/ui.sc","icon_chests_fortune_small",,,,,,,,,,,,"Fortune",,"TRUE","TRUE","TRUE",,"TRUE",,,,,
"Shop_Medium_0_Arena4",,"Arena4","FortuneLock",,,,186,5,,5,30,1600,,,,7,7,"sc/ui_chest.sc","chest_fortune_open","chest_fortune_open","get_magic_chest","chest_fortune_open","chest_landing_magic","openChest_fortune_boost","tap_magic_chest","sound_openChest_fortune_boost",,"TID_CHEST_SHOP_MEDIUM",,5,,"sc/ui.sc","icon_chests_fortune_small",50,,,,,,,,,,,"Fortune",,"TRUE","TRUE","TRUE",,"TRUE",,,,,
"Shop_Medium_1_Arena5",,"Arena5","Fortune",,,,194,5,,5,30,1600,,,,7,7,"sc/ui_chest.sc","chest_fortune_open","chest_fortune_open","get_magic_chest","chest_fortune_open","chest_landing_magic","openChest_fortune_boost","tap_magic_chest","sound_openChest_fortune_boost",,"TID_CHEST_SHOP_MEDIUM",,5,,"sc/ui.sc","icon_chests_fortune_small",20,,,,,,,,,,,"Fortune",,"TRUE","TRUE","TRUE",,"TRUE",,,,,
"Shop_Medium_1_Arena6",,"Arena6","Fortune",,,,202,5,,5,30,1600,,,,7,7,"sc/ui_chest.sc","chest_fortune_open","chest_fortune_open","get_magic_chest","chest_fortune_open","chest_landing_magic","openChest_fortune_boost","tap_magic_chest","sound_openChest_fortune_boost",,"TID_CHEST_SHOP_MEDIUM",,5,,"sc/ui.sc","icon_chests_fortune_small",20,,,,,,,,,,,"Fortune",,"TRUE","TRUE","TRUE",,"TRUE",,,,,
"Shop_Medium_1_Arena7",,"Arena7","Fortune",,,,210,5,,5,30,1600,,,,7,7,"sc/ui_chest.sc","chest_fortune_open","chest_fortune_open","get_magic_chest","chest_fortune_open","chest_landing_magic","openChest_fortune_boost","tap_magic_chest","sound_openChest_fortune_boost",,"TID_CHEST_SHOP_MEDIUM",,5,,"sc/ui.sc","icon_chests_fortune_small",15,,,,,,,,,,,"Fortune",,"TRUE","TRUE","TRUE",,"TRUE",,,,,
"Shop_Medium_1_Arena8",,"Arena8","Fortune",,,,218,5,,5,30,1600,,,,7,7,"sc/ui_chest.sc","chest_fortune_open","chest_fortune_open","get_magic_chest","chest_fortune_open","chest_landing_magic","openChest_fortune_boost","tap_magic_chest","sound_openChest_fortune_boost",,"TID_CHEST_SHOP_MEDIUM",,5,,"sc/ui.sc","icon_chests_fortune_small",15,,,,,,,,,,,"Fortune",,"TRUE","TRUE","TRUE",,"TRUE",,,,,
"Shop_Medium_1_Arena9",,"Arena9","Fortune",,,,226,5,,5,30,1600,,,,7,7,"sc/ui_chest.sc","chest_fortune_open","chest_fortune_open","get_magic_chest","chest_fortune_open","chest_landing_magic","openChest_fortune_boost","tap_magic_chest","sound_openChest_fortune_boost",,"TID_CHEST_SHOP_MEDIUM",,5,,"sc/ui.sc","icon_chests_fortune_small",15,,,,,,,,,,,"Fortune",,"TRUE","TRUE","TRUE",,"TRUE",,,,,
"Shop_Medium_1_Arena_L",,"Arena_L","Fortune",,,,234,5,,5,30,1600,,,,7,7,"sc/ui_chest.sc","chest_fortune_open","chest_fortune_open","get_magic_chest","chest_fortune_open","chest_landing_magic","openChest_fortune_boost","tap_magic_chest","sound_openChest_fortune_boost",,"TID_CHEST_SHOP_MEDIUM",,5,,"sc/ui.sc","icon_chests_fortune_small",10,,,,,,,,,,,"Fortune",,"TRUE","TRUE","TRUE",,"TRUE",,,,,
"Shop_Medium_1_Arena_Electric",,"Arena_Electric","Fortune",,,,242,5,,5,30,1600,,,,7,7,"sc/ui_chest.sc","chest_fortune_open","chest_fortune_open","get_magic_chest","chest_fortune_open","chest_landing_magic","openChest_fortune_boost","tap_magic_chest","sound_openChest_fortune_boost",,"TID_CHEST_SHOP_MEDIUM",,5,,"sc/ui.sc","icon_chests_fortune_small",10,,,,,,,,,,,"Fortune",,"TRUE","TRUE","TRUE",,"TRUE",,,,,
"Shop_Medium_1_Arena_T",,"Arena_T","Fortune",,,,250,5,,5,30,1600,,,,7,7,"sc/ui_chest.sc","chest_fortune_open","chest_fortune_open","get_magic_chest","chest_fortune_open","chest_landing_magic","openChest_fortune_boost","tap_magic_chest","sound_openChest_fortune_boost",,"TID_CHEST_SHOP_MEDIUM",,5,,"sc/ui.sc","icon_chests_fortune_small",10,,,,,,,,,,,"Fortune",,"TRUE","TRUE","TRUE",,"TRUE",,,,,
"Shop_Large_Arena1",,"Arena1","Kings",,,,240,8,,5,15,400,,,,12,12,"sc/ui_chest.sc","chest_king_open","chest_king_open","get_magic_chest","chest_king_open","chest_landing_magic","openChest_kings","tap_magic_chest","sound_openChest_kings",,"TID_CHEST_SHOP_LARGE",,5,,"sc/ui.sc","icon_chests_kings_small",,,,,,,,,,,,"Kings",,"TRUE","TRUE","TRUE",,"TRUE",,,,,
"Shop_Large_Arena2",,"Arena2","Kings",,,,250,8,,5,15,400,,,,12,12,"sc/ui_chest.sc","chest_king_open","chest_king_open","get_magic_chest","chest_king_open","chest_landing_magic","openChest_kings","tap_magic_chest","sound_openChest_kings",,"TID_CHEST_SHOP_LARGE",,5,,"sc/ui.sc","icon_chests_kings_small",,,,,,,,,,,,"Kings",,"TRUE","TRUE","TRUE",,"TRUE",,,,,
"Shop_Large_Arena3",,"Arena3","Kings",,,,260,8,,5,15,400,,,,12,12,"sc/ui_chest.sc","chest_king_open","chest_king_open","get_magic_chest","chest_king_open","chest_landing_magic","openChest_kings","tap_magic_chest","sound_openChest_kings",,"TID_CHEST_SHOP_LARGE",,5,,"sc/ui.sc","icon_chests_kings_small",,,,,,,,,,,,"Kings",,"TRUE","TRUE","TRUE",,"TRUE",,,,,
"Shop_Large_Arena4",,"Arena4","Kings",,,,270,8,,5,15,400,,,,12,12,"sc/ui_chest.sc","chest_king_open","chest_king_open","get_magic_chest","chest_king_open","chest_landing_magic","openChest_kings","tap_magic_chest","sound_openChest_kings",,"TID_CHEST_SHOP_LARGE",,5,,"sc/ui.sc","icon_chests_kings_small",10,,,,,,,,,,,"Kings",,"TRUE","TRUE","TRUE",,"TRUE","TRUE",49,14,5,
"Shop_Large_Arena5",,"Arena5","Kings",,,,280,8,,5,15,400,,,,12,12,"sc/ui_chest.sc","chest_king_open","chest_king_open","get_magic_chest","chest_king_open","chest_landing_magic","openChest_kings","tap_magic_chest","sound_openChest_kings",,"TID_CHEST_SHOP_LARGE",,5,,"sc/ui.sc","icon_chests_kings_small",5,,,,,,,,,,,"Kings",,"TRUE","TRUE","TRUE",,"TRUE","TRUE",51,14,5,
"Shop_Large_Arena6",,"Arena6","Kings",,,,290,8,,5,15,400,,,,12,12,"sc/ui_chest.sc","chest_king_open","chest_king_open","get_magic_chest","chest_king_open","chest_landing_magic","openChest_kings","tap_magic_chest","sound_openChest_kings",,"TID_CHEST_SHOP_LARGE",,5,,"sc/ui.sc","icon_chests_kings_small",3,,,,,,,,,,,"Kings",,"TRUE","TRUE","TRUE",,"TRUE","TRUE",53,15,5,
"Shop_Large_Legendary_Arena7",,"Arena7","LegendaryKings",,,,300,8,,5,15,400,,,,12,12,"sc/ui_chest.sc","chest_legendary_king_open","chest_legendary_king_open","get_magic_chest","chest_legendary_king_open","chest_landing_magic","openChest_legend_kings","tap_magic_chest","sound_openChest_legend_kings",,"TID_CHEST_SHOP_LARGE_LEGENDARY",,5,"TRUE","sc/ui.sc","icon_chests_legendarykings_small",1,,,,,,,,,,,"Kings",,"TRUE","TRUE","TRUE",,"TRUE","TRUE",55,15,5,1
"Shop_Large_Legendary_Arena8",,"Arena8","LegendaryKings",,,,310,8,,5,15,400,,,,12,12,"sc/ui_chest.sc","chest_legendary_king_open","chest_legendary_king_open","get_magic_chest","chest_legendary_king_open","chest_landing_magic","openChest_legend_kings","tap_magic_chest","sound_openChest_legend_kings",,"TID_CHEST_SHOP_LARGE_LEGENDARY",,5,"TRUE","sc/ui.sc","icon_chests_legendarykings_small",1,,,,,,,,,,,"Kings",,"TRUE","TRUE","TRUE",,"TRUE","TRUE",57,16,5,1
"Shop_Large_Legendary_Arena9",,"Arena9","LegendaryKings",,,,320,8,,5,15,400,,,,12,12,"sc/ui_chest.sc","chest_legendary_king_open","chest_legendary_king_open","get_magic_chest","chest_legendary_king_open","chest_landing_magic","openChest_legend_kings","tap_magic_chest","sound_openChest_legend_kings",,"TID_CHEST_SHOP_LARGE_LEGENDARY",,5,"TRUE","sc/ui.sc","icon_chests_legendarykings_small",1,,,,,,,,,,,"Kings",,"TRUE","TRUE","TRUE",,"TRUE","TRUE",59,16,5,1
"Shop_Large_Legendary_Arena_L",,"Arena_L","LegendaryKings",,,,330,8,,5,15,400,,,,12,12,"sc/ui_chest.sc","chest_legendary_king_open","chest_legendary_king_open","get_magic_chest","chest_legendary_king_open","chest_landing_magic","openChest_legend_kings","tap_magic_chest","sound_openChest_legend_kings",,"TID_CHEST_SHOP_LARGE_LEGENDARY",,5,"TRUE","sc/ui.sc","icon_chests_legendarykings_small",1,,,,,,,,,,,"Kings",,"TRUE","TRUE","TRUE",,"TRUE","TRUE",60,17,6,1
"Shop_Large_Legendary_Arena_Electric",,"Arena_Electric","LegendaryKings",,,,340,8,,5,15,400,,,,12,12,"sc/ui_chest.sc","chest_legendary_king_open","chest_legendary_king_open","get_magic_chest","chest_legendary_king_open","chest_landing_magic","openChest_legend_kings","tap_magic_chest","sound_openChest_legend_kings",,"TID_CHEST_SHOP_LARGE_LEGENDARY",,5,"TRUE","sc/ui.sc","icon_chests_legendarykings_small",1,,,,,,,,,,,"Kings",,"TRUE","TRUE","TRUE",,"TRUE","TRUE",62,17,6,1
"Shop_Large_Legendary_Arena_T",,"Arena_T","LegendaryKings",,,,350,8,,5,15,400,,,,12,12,"sc/ui_chest.sc","chest_legendary_king_open","chest_legendary_king_open","get_magic_chest","chest_legendary_king_open","chest_landing_magic","openChest_legend_kings","tap_magic_chest","sound_openChest_legend_kings",,"TID_CHEST_SHOP_LARGE_LEGENDARY",,5,"TRUE","sc/ui.sc","icon_chests_legendarykings_small",1,,,,,,,,,,,"Kings",,"TRUE","TRUE","TRUE",,"TRUE","TRUE",64,18,6,1
"Shop_Medium_1_Arena1",,"Arena1","Fortune",,,,162,5,,5,30,1600,,,,7,7,"sc/ui_chest.sc","chest_fortune_open","chest_fortune_open","get_magic_chest","chest_fortune_open","chest_landing_magic","openChest_fortune_boost","tap_magic_chest","sound_openChest_fortune_boost",,"TID_CHEST_SHOP_MEDIUM",,5,,"sc/ui.sc","icon_chests_fortune_small",,,,,,,,,,,,"Fortune",,"TRUE","TRUE","TRUE",,"TRUE",,,,,
"Shop_Medium_1_Arena2",,"Arena2","Fortune",,,,170,5,,5,30,1600,,,,7,7,"sc/ui_chest.sc","chest_fortune_open","chest_fortune_open","get_magic_chest","chest_fortune_open","chest_landing_magic","openChest_fortune_boost","tap_magic_chest","sound_openChest_fortune_boost",,"TID_CHEST_SHOP_MEDIUM",,5,,"sc/ui.sc","icon_chests_fortune_small",,,,,,,,,,,,"Fortune",,"TRUE","TRUE","TRUE",,"TRUE",,,,,
"Shop_Medium_1_Arena3",,"Arena3","Fortune",,,,178,5,,5,30,1600,,,,7,7,"sc/ui_chest.sc","chest_fortune_open","chest_fortune_open","get_magic_chest","chest_fortune_open","chest_landing_magic","openChest_fortune_boost","tap_magic_chest","sound_openChest_fortune_boost",,"TID_CHEST_SHOP_MEDIUM",,5,,"sc/ui.sc","icon_chests_fortune_small",,,,,,,,,,,,"Fortune",,"TRUE","TRUE","TRUE",,"TRUE",,,,,
"Shop_Medium_1_Arena4",,"Arena4","Fortune",,,,186,5,,5,30,1600,,,,7,7,"sc/ui_chest.sc","chest_fortune_open","chest_fortune_open","get_magic_chest","chest_fortune_open","chest_landing_magic","openChest_fortune_boost","tap_magic_chest","sound_openChest_fortune_boost",,"TID_CHEST_SHOP_MEDIUM",,5,,"sc/ui.sc","icon_chests_fortune_small",50,,,,,,,,,,,"Fortune",,"TRUE","TRUE","TRUE",,"TRUE",,,,,
"CollectionDayWin",,"TrainingCamp",,,,,3,3,60,12,500,10000,,,,5,7,"sc/ui_chest.sc","chest_collection_win_closed","chest_collection_win_closed","get_metal_chest","chest_open_collection_win","chest_landing_iron","openChest_win","tap_iron_chest","sound_openChest_iron",,"TID_COLLECTION_CHEST_WIN",,,,"sc/ui_chest.sc","chest_item_generic",,,,,,,,,,,,,,,,,,,,,,,
"CollectionDayLose",,"TrainingCamp",,,,,3,3,60,12,500,10000,,,,5,7,"sc/ui_chest.sc","chest_wooden_loser_closed","chest_wooden_loser_closed","get_metal_chest","chest_open_loser_wooden","chest_landing_iron","openChest_lose","tap_iron_chest","sound_openChest_iron",,"TID_COLLECTION_CHEST_LOSE",,,,"sc/ui_chest.sc","chest_item_generic",,,,,,,,,,,,,,,,,,,,,,,
"WarSeasonBronze",,"TrainingCamp","WarSeason",,,,90,4,,5,40,0,,,,14,14,"sc/ui_chest.sc","chest_star_closed",,"get_gold_chest","chest_open_gold","chest_landing_magic","openChest_unranked","tap_magic_chest","sound_openChest_magical",,"TID_CLAN_CROWN_CHEST",,,,"sc/ui_chest.sc","chest_item_generic",,,,,,,,,,,,,"TRUE","TRUE",,,,,,,,,
"WarSeason3rdBronze",,"TrainingCamp","WarSeason3rd",,,,150,5,,5,40,0,,,,14,14,"sc/ui_chest.sc","chest_star_closed",,"get_gold_chest","chest_open_gold","chest_landing_magic","openChest_ranked","tap_magic_chest","sound_openChest_magical",,"TID_CLAN_CROWN_CHEST",,,,"sc/ui_chest.sc","chest_item_generic",,,,,,,,,,,,,"TRUE","TRUE",,,,,,,,,
"WarSeason2ndBronze",,"TrainingCamp","WarSeason2nd",,,,210,6,,5,40,0,,,,14,14,"sc/ui_chest.sc","chest_star_closed",,"get_gold_chest","chest_open_gold","chest_landing_magic","openChest_ranked","tap_magic_chest","sound_openChest_magical",,"TID_CLAN_CROWN_CHEST",,,,"sc/ui_chest.sc","chest_item_generic",,,,,,,,,,,,,"TRUE","TRUE",,,,,,,,,
"WarSeason1stBronze",,"TrainingCamp","WarSeason1st",,,,270,6,,5,40,4000,,,,14,14,"sc/ui_chest.sc","chest_star_closed",,"get_gold_chest","chest_open_gold","chest_landing_magic","openChest_ranked","tap_magic_chest","sound_openChest_magical",,"TID_CLAN_CROWN_CHEST",,,,"sc/ui_chest.sc","chest_item_generic",10,,,,,,,,,,,,"TRUE","TRUE",,,,,,,,,
"WarSeasonSilver",,"TrainingCamp","WarSeason",,,,210,6,,5,40,0,,,,14,14,"sc/ui_chest.sc","chest_star_closed",,"get_gold_chest","chest_open_gold","chest_landing_magic","openChest_unranked","tap_magic_chest","sound_openChest_magical",,"TID_CLAN_CROWN_CHEST",,,,"sc/ui_chest.sc","chest_item_generic",,,,,,,,,,,,,"TRUE","TRUE",,,,,,,,,
"WarSeason3rdSilver",,"TrainingCamp","WarSeason3rd",,,,270,6,,5,40,4000,,,,14,14,"sc/ui_chest.sc","chest_star_closed",,"get_gold_chest","chest_open_gold","chest_landing_magic","openChest_ranked","tap_magic_chest","sound_openChest_magical",,"TID_CLAN_CROWN_CHEST",,,,"sc/ui_chest.sc","chest_item_generic",10,,,,,,,,,,,,"TRUE","TRUE",,,,,,,,,
"WarSeason2ndSilver",,"TrainingCamp","WarSeason2nd",,,,330,7,,5,40,4000,,,,14,14,"sc/ui_chest.sc","chest_star_closed",,"get_gold_chest","chest_open_gold","chest_landing_magic","openChest_ranked","tap_magic_chest","sound_openChest_magical",,"TID_CLAN_CROWN_CHEST",,,,"sc/ui_chest.sc","chest_item_generic",8,,,,,,,,,,,,"TRUE","TRUE",,,,,,,,,
"WarSeason1stSilver",,"TrainingCamp","WarSeason1st",,,,390,7,,5,40,4000,,,,14,14,"sc/ui_chest.sc","chest_star_closed",,"get_gold_chest","chest_open_gold","chest_landing_magic","openChest_ranked","tap_magic_chest","sound_openChest_magical",,"TID_CLAN_CROWN_CHEST",,,,"sc/ui_chest.sc","chest_item_generic",5,,,,,,,,,,,,"TRUE","TRUE",,,,,,,,,
"WarSeasonGold",,"TrainingCamp","WarSeason",,,,330,7,,5,40,4000,,,,14,14,"sc/ui_chest.sc","chest_star_closed",,"get_gold_chest","chest_open_gold","chest_landing_magic","openChest_unranked","tap_magic_chest","sound_openChest_magical",,"TID_CLAN_CROWN_CHEST",,,,"sc/ui_chest.sc","chest_item_generic",8,,,,,,,,,,,,"TRUE","TRUE",,,,,,,,,
"WarSeason3rdGold",,"TrainingCamp","WarSeason3rd",,,,390,7,,5,40,4000,,,,14,14,"sc/ui_chest.sc","chest_star_closed",,"get_gold_chest","chest_open_gold","chest_landing_magic","openChest_ranked","tap_magic_chest","sound_openChest_magical",,"TID_CLAN_CROWN_CHEST",,,,"sc/ui_chest.sc","chest_item_generic",5,,,,,,,,,,,,"TRUE","TRUE",,,,,,,,,
"WarSeason2ndGold",,"TrainingCamp","WarSeason2nd",,,,450,8,,5,40,4000,,,,14,14,"sc/ui_chest.sc","chest_star_closed",,"get_gold_chest","chest_open_gold","chest_landing_magic","openChest_ranked","tap_magic_chest","sound_openChest_magical",,"TID_CLAN_CROWN_CHEST",,,,"sc/ui_chest.sc","chest_item_generic",4,,,,,,,,,,,,"TRUE","TRUE",,,,,,,,,
"WarSeason1stGold",,"TrainingCamp","WarSeason1st",,,,510,8,,5,40,4000,,,,14,14,"sc/ui_chest.sc","chest_star_closed",,"get_gold_chest","chest_open_gold","chest_landing_magic","openChest_ranked","tap_magic_chest","sound_openChest_magical",,"TID_CLAN_CROWN_CHEST",,,,"sc/ui_chest.sc","chest_item_generic",3,,,,,,,,,,,,"TRUE","TRUE",,,,,,,,,
"WarSeasonLegendary",,"TrainingCamp","WarSeason",,,,450,8,,5,40,4000,,,,14,14,"sc/ui_chest.sc","chest_star_closed",,"get_gold_chest","chest_open_gold","chest_landing_magic","openChest_unranked","tap_magic_chest","sound_openChest_magical",,"TID_CLAN_CROWN_CHEST",,,,"sc/ui_chest.sc","chest_item_generic",4,,,,,,,,,,,,"TRUE","TRUE",,,,,,,,,
"WarSeason3rdLegendary",,"TrainingCamp","WarSeason3rd",,,,510,8,,5,40,4000,,,,14,14,"sc/ui_chest.sc","chest_star_closed",,"get_gold_chest","chest_open_gold","chest_landing_magic","openChest_ranked","tap_magic_chest","sound_openChest_magical",,"TID_CLAN_CROWN_CHEST",,,,"sc/ui_chest.sc","chest_item_generic",3,,,,,,,,,,,,"TRUE","TRUE",,,,,,,,,
"WarSeason2ndLegendary",,"TrainingCamp","WarSeason2nd",,,,570,9,,5,40,4000,,,,14,14,"sc/ui_chest.sc","chest_star_closed",,"get_gold_chest","chest_open_gold","chest_landing_magic","openChest_ranked","tap_magic_chest","sound_openChest_magical",,"TID_CLAN_CROWN_CHEST",,,,"sc/ui_chest.sc","chest_item_generic",2,,,,,,,,,,,,"TRUE","TRUE",,,,,,,,,
"WarSeason1stLegendary",,"TrainingCamp","WarSeason1st",,,,630,9,,5,40,4000,,,,14,14,"sc/ui_chest.sc","chest_star_closed",,"get_gold_chest","chest_open_gold","chest_landing_magic","openChest_ranked","tap_magic_chest","sound_openChest_magical",,"TID_CLAN_CROWN_CHEST",,,,"sc/ui_chest.sc","chest_item_generic",1,,,,,,,,,,,,"TRUE","TRUE",,,,,,,,,
"WarEndChest_Bronze",,"TrainingCamp",,,,,,,,,,,,,,,,"sc/ui_chest.sc","war_win_pouch_closed","war_win_pouch_closed","war_win_pouch_closed","chest_open_war_pouch","chest_landing_iron","openSack_warEnd","tap_iron_chest","sound_openWar_bounty",,"TID_CLAN_WAR_CHEST",,,,"sc/ui_chest.sc","chest_item_generic",,10,40,30,20,10,"TRUE",80,120,,,,"TRUE","TRUE",,,,,,,,,
"WarEndChest_Silver",,"TrainingCamp",,,,,,,,,,,,,,,,"sc/ui_chest.sc","war_win_pouch_closed","war_win_pouch_closed","war_win_pouch_closed","chest_open_war_pouch","chest_landing_iron","openSack_warEnd","tap_iron_chest","sound_openWar_bounty",,"TID_CLAN_WAR_CHEST",,,,"sc/ui_chest.sc","chest_item_generic",,10,40,30,20,10,"TRUE",80,120,,,,"TRUE","TRUE",,,,,,,,,
"WarEndChest_Gold",,"TrainingCamp",,,,,,,,,,,,,,,,"sc/ui_chest.sc","war_win_pouch_closed","war_win_pouch_closed","war_win_pouch_closed","chest_open_war_pouch","chest_landing_iron","openSack_warEnd","tap_iron_chest","sound_openWar_bounty",,"TID_CLAN_WAR_CHEST",,,,"sc/ui_chest.sc","chest_item_generic",,10,40,30,20,10,"TRUE",80,120,,,,"TRUE","TRUE",,,,,,,,,
"WarEndChest_Legendary",,"TrainingCamp",,,,,,,,,,,,,,,,"sc/ui_chest.sc","war_win_pouch_closed","war_win_pouch_closed","war_win_pouch_closed","chest_open_war_pouch","chest_landing_iron","openSack_warEnd","tap_iron_chest","sound_openWar_bounty",,"TID_CLAN_WAR_CHEST",,,,"sc/ui_chest.sc","chest_item_generic",,10,40,30,20,10,"TRUE",80,120,,,,"TRUE","TRUE",,,,,,,,,
"SuperLightning",,"TrainingCamp",,,,86400,180,8,1,5,30,600,,,,9,9,"sc/ui_chest.sc","chest_lightmega_closed","chest_lightmega_open","get_lightmega_chest","chest_open_lightmega","chest_landing_mega","openChest_mega","tap_mega_chest","sound_openChest_bigmagical",,"TID_CHEST_SUPER_LIGHTNING","TID_CHEST_SUPER_LIGHTNING_NOTIFICATION",7,,"sc/ui.sc","icon_chests_superlightning_small",,,,,,,,,,,,,,,,,,,,,,,
"SuperLightning_Arena1","SuperLightning","Arena1",,,,,,,,,,,,,,,,,,,,,,,,,,,,,,,,,,,,,,,,,3,,,,,,,,,,,,,
"SuperLightning_Arena2","SuperLightning","Arena2",,,,,,,,,,,,,,,,,,,,,,,,,,,,,,,,,,,,,,,,,3,,,,,,,,,,,,,
"SuperLightning_Arena3","SuperLightning","Arena3",,,,,,,,,,,,,,,,,,,,,,,,,,,,,,,,,,,,,,,,,4,,,,,,,,,,,,,
"SuperLightning_Arena4","SuperLightning","Arena4",,,,,,,,,,,,,,,,,,,,,,,,,,,,,,,,,,,,,,,,,4,,,,,,,,,,,,,
"SuperLightning_Arena5","SuperLightning","Arena5",,,,,,,,,,,,,,,,,,,,,,,,,,,,,,,,,,,,,,,,,5,,,,,,,,,,,,,
"SuperLightning_Arena6","SuperLightning","Arena6",,,,,,,,,,,,,,,,,,,,,,,,,,,,,,,,,,,,,,,,,5,,,,,,,,,,,,,
"SuperLightning_Arena7","SuperLightning","Arena7",,,,,,,,,,,,,,,,,,,,,,,,,,,,,,,,,,,,,,,,,6,,,,,,,,,,,,,
"SuperLightning_Arena8","SuperLightning","Arena8",,,,,,,,,,,,,,,,,,,,,,,,,,,,,,,,,,,,,,,,,6,,,,,,,,,,,,,
"SuperLightning_Arena9","SuperLightning","Arena9",,,,,,,,,,,,,,,,,,,,,,,,,,,,,,,,,,,,,,,,,7,,,,,,,,,,,,,
"SuperLightning_Arena_L","SuperLightning","Arena_L",,,,,,,,,,,,,,,,,,,,,,,,,,,,,,,,,,,,,,,,,7,,,,,,,,,,,,,
"SuperLightning_Arena_Electric","SuperLightning","Arena_Electric",,,,,,,,,,,,,,,,,,,,,,,,,,,,,,,,,,,,,,,,,8,,,,,,,,,,,,,
"SuperLightning_Arena_T","SuperLightning","Arena_T",,,,,,,,,,,,,,,,,,,,,,,,,,,,,,,,,,,,,,,,,8,,,,,,,,,,,,,
"Giant_Arena_L1","Giant","Arena_L1",,,,,,,,,,,,,,,,,,,,,,,,,,,,,,,,,,,,,,,,,,,,,,,,,,,,,,
"Super_Arena_L1","Super","Arena_L1",,,,,,,,,,,,,,,,,,,,,,,,,,,,,,,,,,,,,,,,,,,,,,,,,,,,,,
"Silver_Arena_L1","Silver","Arena_L1",,,,,,,,,,,,,,,,,,,,,,,,,,,,,,,,,,,,,,,,,,,,,,,,,,,,,,
"Gold_Arena_L1","Gold","Arena_L1",,,,,,,,,,,,,,,,,,,,,,,,,,,,,,,,,,,,,,,,,,,,,,,,,,,,,,
"Magic_Arena_L1","Magic","Arena_L1",,,,,,,,,,,,,,,,,,,,,,,,,,,,,,,,,,,,,,,,,,,,,,,,,,,,,,
"Free_Arena_L1","Free","Arena_L1",,,,,,,,,,,,,,,,,,,,,,,,,,,,,,,,,,,,,,,,,,,,,,,,,,,,,,
"Star_Arena_L1","Star","Arena_L1",,,,,,,,,,,,,,,,,,,,,,,,,,,,,,,,,,,,,,,,,,,,,,,,,,,,,,
"Epic_Arena_L1","Epic","Arena_L1",,,,,20,5,,,,,,,,,,,,,,,,,,,,,,,,,,,,,,,,,,,,,,,,,,,,,,,,
"Survival_Bronze_Arena_L1","Survival_Bronze","Arena_L1",,,"TRUE",,,,,,,,,,,,,,,,,,,,,,,,,,,,,,,,,,,,,,,,,,,,,,,,,,,
"Survival_Gold_Arena_L1","Survival_Gold","Arena_L1",,,"TRUE",,,,,,,,,,,,,,,,,,,,,,,,,,,,,,,,,,,,,,,,,,,,,,,,,,,
"Draft_Arena_L1",,"Arena_L1",,,,,170,5,,5,30,600,,,,7,8,"sc/ui_chest.sc","chest_draft_closed","chest_draft_open","get_magic_chest","chest_open_draft","chest_landing_magic","openChest_draft","tap_champions_chest","sound_openChest_champion",,"TID_CHEST_DRAFT",,208,"TRUE","sc/ui.sc","icon_chests_draft_small",,,,,,,,,,,,,,,,,,,,,,,
"StarBoosted_Arena_L1","StarBoosted","Arena_L1",,,,,,,,,,,,,,,,,,,,,,,,,,,,,,,,,,,,,,,,,,,,,,,,,,,,,,
"ClanCrownChest_Arena_L1","ClanCrownChest","Arena_L1",,,,,,,,,,,,,,,,,,,,,,,,,,,,,,,,,,,,,,,,,,,,,,,,,,,,,,
"Tournament1st_Arena_L1","Tournament1st","Arena_L1",,"TRUE",,,,,,,,,,,,,,,,,,,,,,,,,,,,,,,,,,,,,,,,,,,,,,,,,,,,
"Tournament2nd_Arena_L1","Tournament2nd","Arena_L1",,"TRUE",,,,,,,,,,,,,,,,,,,,,,,,,,,,,,,,,,,,,,,,,,,,,,,,,,,,
"Tournament3rd_Arena_L1","Tournament3rd","Arena_L1",,"TRUE",,,,,,,,,,,,,,,,,,,,,,,,,,,,,,,,,,,,,,,,,,,,,,,,,,,,
"TournamentOther_Arena_L1","TournamentOther","Arena_L1",,"TRUE",,,,,,,,,,,,,,,,,,,,,,,,,,,,,,,,,,,,,,,,,,,,,,,,,,,,
"Tournament1st_Arena_L1_2","Tournament1st_2","Arena_L1",,"TRUE",,,,,,,,,,,,,,,,,,,,,,,,,,,,,,,,,,,,,,,,,,,,,,,,,,,,
"Tournament2nd_Arena_L1_2","Tournament2nd_2","Arena_L1",,"TRUE",,,,,,,,,,,,,,,,,,,,,,,,,,,,,,,,,,,,,,,,,,,,,,,,,,,,
"Tournament3rd_Arena_L1_2","Tournament3rd_2","Arena_L1",,"TRUE",,,,,,,,,,,,,,,,,,,,,,,,,,,,,,,,,,,,,,,,,,,,,,,,,,,,
"TournamentOther_Arena_L1_2","TournamentOther_2","Arena_L1",,"TRUE",,,,,,,,,,,,,,,,,,,,,,,,,,,,,,,,,,,,,,,,,,,,,,,,,,,,
"Shop_Small_1_Arena_L1",,"Arena_L1","Lightning",,,,137,4,,6,50,8000,,,,5,5,"sc/ui_chest.sc","chest_lightning_open","chest_lightning_open","get_magic_chest","chest_lightning_open","chest_landing_magic","openChest_lightning","tap_magic_chest","sound_openChest_lightning",,"TID_CHEST_SHOP_SMALL",,5,,"sc/ui.sc","icon_chests_lightning_small",,,,,,,,,,6,,"Lightning",,"TRUE","TRUE","TRUE","TRUE","TRUE",,,,,
"Shop_Medium_1_Arena_L1",,"Arena_L1","Fortune",,,,274,5,,5,30,1600,,,,7,7,"sc/ui_chest.sc","chest_fortune_open","chest_fortune_open","get_magic_chest","chest_fortune_open","chest_landing_magic","openChest_fortune_boost","tap_magic_chest","sound_openChest_fortune_boost",,"TID_CHEST_SHOP_MEDIUM",,5,,"sc/ui.sc","icon_chests_fortune_small",10,,,,,,,,,,,"Fortune",,"TRUE","TRUE","TRUE",,"TRUE",,,,,
"Shop_Large_Legendary_Arena_L1",,"Arena_L1","LegendaryKings",,,,380,8,,5,15,400,,,,12,12,"sc/ui_chest.sc","chest_legendary_king_open","chest_legendary_king_open","get_magic_chest","chest_legendary_king_open","chest_landing_magic","openChest_legend_kings","tap_magic_chest","sound_openChest_legend_kings",,"TID_CHEST_SHOP_LARGE_LEGENDARY",,5,"TRUE","sc/ui.sc","icon_chests_legendarykings_small",1,,,,,,,,,,,"Kings",,"TRUE","TRUE","TRUE",,"TRUE","TRUE",70,19,6,1
"SuperLightning_Arena_L1","SuperLightning","Arena_L1",,,,,,,,,,,,,,,,,,,,,,,,,,,,,,,,,,,,,,,,,9,,,,,,,,,,,,,
"SeasonPass_Pro_T1",,"TrainingCamp",,,,,120,4,,15,,12500,,,,,,"sc/ui_chest.sc","chest_pass_common_closed","chest_pass_common_open","get_gold_chest","chest_open_pass_common","chest_landing_gold","openChest_magical","tap_magic_chest","sound_openChest_magical",,"TID_CHEST_SEASON_T1",,,,"sc/ui_chest.sc","chest_item_generic",,,,,,,,,,,"TRUE",,"TRUE","TRUE",,,,"TRUE",,,,,
"SeasonPass_Pro_T2",,"TrainingCamp",,,,,35,4,,1,,1500,,,,,,"sc/ui_chest.sc","chest_pass_rare_closed","chest_pass_rare_open","get_gold_chest","chest_open_pass_rare","chest_landing_gold","openChest_magical","tap_magic_chest","sound_openChest_magical",,"TID_CHEST_SEASON_T2",,,,"sc/ui_chest.sc","chest_item_generic",,,,,,,,,,,"TRUE",,"TRUE","TRUE",,,,"TRUE",,,,,
"SeasonPass_Pro_T3",,"TrainingCamp",,,,,18,4,,,1,160,,,,,,"sc/ui_chest.sc","chest_pass_epic_closed","chest_pass_epic_open","get_gold_chest","chest_open_pass_epic","chest_landing_gold","openChest_magical","tap_magic_chest","sound_openChest_magical",,"TID_CHEST_SEASON_T3",,,,"sc/ui_chest.sc","chest_item_generic",,,,,,,,,,,"TRUE",,"TRUE","TRUE",,,,"TRUE",,,,,
"SeasonPass_Pro_T4",,"Arena_L",,,,,1,1,,,,1,,,,,,"sc/ui_chest.sc","chest_light_legendary_closed","chest_light_legendary_open","get_legendary_chest","chest_open_lightning_legendary","chest_landing_legendary","openChest_magical","tap_magic_chest","sound_openChest_magical",,"TID_CHEST_SEASON_T4",,,,"sc/ui_chest.sc","chest_item_generic",1,,,,,,,,,,"TRUE",,,"TRUE",,,,"TRUE",,,,,
"SeasonPass_Rookie_T1",,"TrainingCamp",,,,,80,4,,16,,,,,,,,"sc/ui_chest.sc","chest_pass_common_closed","chest_pass_common_open","get_gold_chest","chest_open_pass_common","chest_landing_gold","openChest_magical","tap_magic_chest","sound_openChest_magical",,"TID_CHEST_SEASON_T1",,,,"sc/ui_chest.sc","chest_item_generic",,,,,,,,,,,"TRUE",,"TRUE","TRUE",,,,"TRUE",,,,,
"SeasonPass_Rookie_T2",,"TrainingCamp",,,,,25,4,,1,,,,,,,,"sc/ui_chest.sc","chest_pass_rare_closed","chest_pass_rare_open","get_gold_chest","chest_open_pass_rare","chest_landing_gold","openChest_magical","tap_magic_chest","sound_openChest_magical",,"TID_CHEST_SEASON_T2",,,,"sc/ui_chest.sc","chest_item_generic",,,,,,,,,,,"TRUE",,"TRUE","TRUE",,,,"TRUE",,,,,
"SeasonPass_Rookie_T3",,"TrainingCamp",,,,,9,4,,,1,,,,,,,"sc/ui_chest.sc","chest_pass_epic_closed","chest_pass_epic_open","get_gold_chest","chest_open_pass_epic","chest_landing_gold","openChest_magical","tap_magic_chest","sound_openChest_magical",,"TID_CHEST_SEASON_T3",,,,"sc/ui_chest.sc","chest_item_generic",,,,,,,,,,,"TRUE",,"TRUE","TRUE",,,,"TRUE",,,,,
"SeasonPass_Rookie_T4",,"Arena_L",,,,,1,1,,,,1,,,,,,"sc/ui_chest.sc","chest_light_legendary_closed","chest_light_legendary_open","get_legendary_chest","chest_open_lightning_legendary","chest_landing_legendary","openChest_magical","tap_magic_chest","sound_openChest_magical",,"TID_CHEST_SEASON_T4",,,,"sc/ui_chest.sc","chest_item_generic",1,,,,,,,,,,"TRUE",,,"TRUE",,,,"TRUE",,,,,
"WarSectionEndBronze",,"TrainingCamp","WarSectionEnd",,,,90,5,,5,40,0,,,,7,7,"sc/ui_clan_wars.sc","chest_league1_rank4",,"get_gold_chest","chest_open_gold","chest_landing_magic","openChest_unranked","tap_magic_chest","sound_openChest_magical",,"TID_CLAN_CROWN_CHEST",,,,"sc/ui_chest.sc","chest_item_generic",4,,,,,,,,,,,,"TRUE","TRUE",,,,"TRUE",,,,,
"WarSectionEnd3rdBronze",,"TrainingCamp","WarSectionEnd3rd",,,,150,5,,5,40,0,,,,7,7,"sc/ui_clan_wars.sc","chest_league1_rank3",,"get_gold_chest","chest_open_gold","chest_landing_magic","openChest_ranked","tap_magic_chest","sound_openChest_magical",,"TID_CLAN_CROWN_CHEST",,,,"sc/ui_chest.sc","chest_item_generic",3,,,,,,,,,,,,"TRUE","TRUE",,,,"TRUE",,,,,
"WarSectionEnd2ndBronze",,"TrainingCamp","WarSectionEnd2nd",,,,210,5,,5,40,0,,,,7,7,"sc/ui_clan_wars.sc","chest_league1_rank2",,"get_gold_chest","chest_open_gold","chest_landing_magic","openChest_ranked","tap_magic_chest","sound_openChest_magical",,"TID_CLAN_CROWN_CHEST",,,,"sc/ui_chest.sc","chest_item_generic",2,,,,,,,,,,,,"TRUE","TRUE",,,,"TRUE",,,,,
"WarSectionEnd1stBronze",,"TrainingCamp","WarSectionEnd1st",,,,270,5,,5,40,0,,,,7,7,"sc/ui_clan_wars.sc","chest_league1_rank1",,"get_gold_chest","chest_open_gold","chest_landing_magic","openChest_ranked","tap_magic_chest","sound_openChest_magical",,"TID_CLAN_CROWN_CHEST",,,,"sc/ui_chest.sc","chest_item_generic",1,,,,,,,,,,,,"TRUE","TRUE",,,,"TRUE",,,,,
"WarSectionEndSilver",,"TrainingCamp","WarSectionEnd",,,,210,5,,5,40,0,,,,7,7,"sc/ui_clan_wars.sc","chest_league2_rank4",,"get_gold_chest","chest_open_gold","chest_landing_magic","openChest_unranked","tap_magic_chest","sound_openChest_magical",,"TID_CLAN_CROWN_CHEST",,,,"sc/ui_chest.sc","chest_item_generic",4,,,,,,,,,,,,"TRUE","TRUE",,,,"TRUE",,,,,
"WarSectionEnd3rdSilver",,"TrainingCamp","WarSectionEnd3rd",,,,270,5,,5,40,0,,,,7,7,"sc/ui_clan_wars.sc","chest_league2_rank3",,"get_gold_chest","chest_open_gold","chest_landing_magic","openChest_ranked","tap_magic_chest","sound_openChest_magical",,"TID_CLAN_CROWN_CHEST",,,,"sc/ui_chest.sc","chest_item_generic",3,,,,,,,,,,,,"TRUE","TRUE",,,,"TRUE",,,,,
"WarSectionEnd2ndSilver",,"TrainingCamp","WarSectionEnd2nd",,,,330,5,,5,40,0,,,,7,7,"sc/ui_clan_wars.sc","chest_league2_rank2",,"get_gold_chest","chest_open_gold","chest_landing_magic","openChest_ranked","tap_magic_chest","sound_openChest_magical",,"TID_CLAN_CROWN_CHEST",,,,"sc/ui_chest.sc","chest_item_generic",2,,,,,,,,,,,,"TRUE","TRUE",,,,"TRUE",,,,,
"WarSectionEnd1stSilver",,"TrainingCamp","WarSectionEnd1st",,,,390,5,,5,40,0,,,,7,7,"sc/ui_clan_wars.sc","chest_league2_rank1",,"get_gold_chest","chest_open_gold","chest_landing_magic","openChest_ranked","tap_magic_chest","sound_openChest_magical",,"TID_CLAN_CROWN_CHEST",,,,"sc/ui_chest.sc","chest_item_generic",1,,,,,,,,,,,,"TRUE","TRUE",,,,"TRUE",,,,,
"WarSectionEndGold",,"TrainingCamp","WarSectionEnd",,,,330,5,,5,40,0,,,,7,7,"sc/ui_clan_wars.sc","chest_league3_rank4",,"get_gold_chest","chest_open_gold","chest_landing_magic","openChest_unranked","tap_magic_chest","sound_openChest_magical",,"TID_CLAN_CROWN_CHEST",,,,"sc/ui_chest.sc","chest_item_generic",4,,,,,,,,,,,,"TRUE","TRUE",,,,"TRUE",,,,,
"WarSectionEnd3rdGold",,"TrainingCamp","WarSectionEnd3rd",,,,390,5,,5,40,0,,,,7,7,"sc/ui_clan_wars.sc","chest_league3_rank3",,"get_gold_chest","chest_open_gold","chest_landing_magic","openChest_ranked","tap_magic_chest","sound_openChest_magical",,"TID_CLAN_CROWN_CHEST",,,,"sc/ui_chest.sc","chest_item_generic",3,,,,,,,,,,,,"TRUE","TRUE",,,,"TRUE",,,,,
"WarSectionEnd2ndGold",,"TrainingCamp","WarSectionEnd2nd",,,,450,5,,5,40,0,,,,7,7,"sc/ui_clan_wars.sc","chest_league3_rank2",,"get_gold_chest","chest_open_gold","chest_landing_magic","openChest_ranked","tap_magic_chest","sound_openChest_magical",,"TID_CLAN_CROWN_CHEST",,,,"sc/ui_chest.sc","chest_item_generic",2,,,,,,,,,,,,"TRUE","TRUE",,,,"TRUE",,,,,
"WarSectionEnd1stGold",,"TrainingCamp","WarSectionEnd1st",,,,510,5,,5,40,0,,,,7,7,"sc/ui_clan_wars.sc","chest_league3_rank1",,"get_gold_chest","chest_open_gold","chest_landing_magic","openChest_ranked","tap_magic_chest","sound_openChest_magical",,"TID_CLAN_CROWN_CHEST",,,,"sc/ui_chest.sc","chest_item_generic",1,,,,,,,,,,,,"TRUE","TRUE",,,,"TRUE",,,,,
"WarSectionEndLegendary",,"TrainingCamp","WarSectionEnd",,,,450,5,,5,40,0,,,,7,7,"sc/ui_clan_wars.sc","chest_league4_rank4",,"get_gold_chest","chest_open_gold","chest_landing_magic","openChest_unranked","tap_magic_chest","sound_openChest_magical",,"TID_CLAN_CROWN_CHEST",,,,"sc/ui_chest.sc","chest_item_generic",3,,,,,,,,,,,,"TRUE","TRUE",,,,"TRUE",,,,,
"WarSectionEnd3rdLegendary",,"TrainingCamp","WarSectionEnd3rd",,,,510,5,,5,40,0,,,,7,7,"sc/ui_clan_wars.sc","chest_league4_rank3",,"get_gold_chest","chest_open_gold","chest_landing_magic","openChest_ranked","tap_magic_chest","sound_openChest_magical",,"TID_CLAN_CROWN_CHEST",,,,"sc/ui_chest.sc","chest_item_generic",2,,,,,,,,,,,,"TRUE","TRUE",,,,"TRUE",,,,,
"WarSectionEnd2ndLegendary",,"TrainingCamp","WarSectionEnd2nd",,,,570,5,,5,40,0,,,,7,7,"sc/ui_clan_wars.sc","chest_league4_rank2",,"get_gold_chest","chest_open_gold","chest_landing_magic","openChest_ranked","tap_magic_chest","sound_openChest_magical",,"TID_CLAN_CROWN_CHEST",,,,"sc/ui_chest.sc","chest_item_generic",1,,,,,,,,,,,,"TRUE","TRUE",,,,"TRUE",,,,,
"WarSectionEnd1stLegendary",,"TrainingCamp","WarSectionEnd1st",,,,630,5,,5,40,0,,,,7,7,"sc/ui_clan_wars.sc","chest_league4_rank1",,"get_gold_chest","chest_open_gold","chest_landing_magic","openChest_ranked","tap_magic_chest","sound_openChest_magical",,"TID_CLAN_CROWN_CHEST",,,,"sc/ui_chest.sc","chest_item_generic",1,,,,,,,,,,,,"TRUE","TRUE",,,,"TRUE",,,,,
"WarSectionEndDNFBronze",,"TrainingCamp",,,,,30,5,,10,40,0,,,,5,5,"sc/ui_clan_wars.sc","chest_boot",,"cw2_boot_open","cw2_boot_open","chest_landing_iron","openSack_warEnd","tap_iron_chest","sound_openWar_bounty",,"TID_CLAN_WAR_CHEST",,,,"sc/ui_chest.sc","chest_item_generic",,,,,,,,,,,,,"TRUE","TRUE",,,,"TRUE",,,,,
"WarSectionEndDNFSilver",,"TrainingCamp",,,,,70,5,,10,40,0,,,,5,5,"sc/ui_clan_wars.sc","chest_boot",,"cw2_boot_open","cw2_boot_open","chest_landing_iron","openSack_warEnd","tap_iron_chest","sound_openWar_bounty",,"TID_CLAN_WAR_CHEST",,,,"sc/ui_chest.sc","chest_item_generic",,,,,,,,,,,,,"TRUE","TRUE",,,,"TRUE",,,,,
"WarSectionEndDNFGold",,"TrainingCamp",,,,,110,5,,10,40,0,,,,5,5,"sc/ui_clan_wars.sc","chest_boot",,"cw2_boot_open","cw2_boot_open","chest_landing_iron","openSack_warEnd","tap_iron_chest","sound_openWar_bounty",,"TID_CLAN_WAR_CHEST",,,,"sc/ui_chest.sc","chest_item_generic",,,,,,,,,,,,,"TRUE","TRUE",,,,"TRUE",,,,,
"WarSectionEndDNFLegendary",,"TrainingCamp",,,,,150,5,,10,40,0,,,,5,5,"sc/ui_clan_wars.sc","chest_boot",,"cw2_boot_open","cw2_boot_open","chest_landing_iron","openSack_warEnd","tap_iron_chest","sound_openWar_bounty",,"TID_CLAN_WAR_CHEST",,,,"sc/ui_chest.sc","chest_item_generic",,,,,,,,,,,,,"TRUE","TRUE",,,,"TRUE",,,,,
"Giant_Arena13","Giant","Arena13",,,,,,,,,,,,,,,,,,,,,,,,,,,,,,,,,,,,,,,,,,,,,,,,,,,,,,
"Super_Arena13","Super","Arena13",,,,,,,,,,,,,,,,,,,,,,,,,,,,,,,,,,,,,,,,,,,,,,,,,,,,,,
"Silver_Arena13","Silver","Arena13",,,,,,,,,,,,,,,,,,,,,,,,,,,,,,,,,,,,,,,,,,,,,,,,,,,,,,
"Gold_Arena13","Gold","Arena13",,,,,,,,,,,,,,,,,,,,,,,,,,,,,,,,,,,,,,,,,,,,,,,,,,,,,,
"Magic_Arena13","Magic","Arena13",,,,,,,,,,,,,,,,,,,,,,,,,,,,,,,,,,,,,,,,,,,,,,,,,,,,,,
"Free_Arena13","Free","Arena13",,,,,,,,,,,,,,,,,,,,,,,,,,,,,,,,,,,,,,,,,,,,,,,,,,,,,,
"Star_Arena13","Star","Arena13",,,,,,,,,,,,,,,,,,,,,,,,,,,,,,,,,,,,,,,,,,,,,,,,,,,,,,
"Epic_Arena13","Epic","Arena13",,,,,20,5,,,,,,,,,,,,,,,,,,,,,,,,,,,,,,,,,,,,,,,,,,,,,,,,
"Survival_Bronze_Arena13","Survival_Bronze","Arena13",,,"TRUE",,,,,,,,,,,,,,,,,,,,,,,,,,,,,,,,,,,,,,,,,,,,,,,,,,,
"Survival_Gold_Arena13","Survival_Gold","Arena13",,,"TRUE",,,,,,,,,,,,,,,,,,,,,,,,,,,,,,,,,,,,,,,,,,,,,,,,,,,
"Draft_Arena13",,"Arena13",,,,,170,5,,5,30,600,,,,7,8,"sc/ui_chest.sc","chest_draft_closed","chest_draft_open","get_magic_chest","chest_open_draft","chest_landing_magic","openChest_draft","tap_champions_chest","sound_openChest_champion",,"TID_CHEST_DRAFT",,208,"TRUE","sc/ui.sc","icon_chests_draft_small",,,,,,,,,,,,,,,,,,,,,,,
"StarBoosted_Arena13","StarBoosted","Arena13",,,,,,,,,,,,,,,,,,,,,,,,,,,,,,,,,,,,,,,,,,,,,,,,,,,,,,
"ClanCrownChest_Arena13","ClanCrownChest","Arena13",,,,,,,,,,,,,,,,,,,,,,,,,,,,,,,,,,,,,,,,,,,,,,,,,,,,,,
"Tournament1st_Arena13","Tournament1st","Arena13",,"TRUE",,,,,,,,,,,,,,,,,,,,,,,,,,,,,,,,,,,,,,,,,,,,,,,,,,,,
"Tournament2nd_Arena13","Tournament2nd","Arena13",,"TRUE",,,,,,,,,,,,,,,,,,,,,,,,,,,,,,,,,,,,,,,,,,,,,,,,,,,,
"Tournament3rd_Arena13","Tournament3rd","Arena13",,"TRUE",,,,,,,,,,,,,,,,,,,,,,,,,,,,,,,,,,,,,,,,,,,,,,,,,,,,
"TournamentOther_Arena13","TournamentOther","Arena13",,"TRUE",,,,,,,,,,,,,,,,,,,,,,,,,,,,,,,,,,,,,,,,,,,,,,,,,,,,
"Tournament1st_Arena13_2","Tournament1st_2","Arena13",,"TRUE",,,,,,,,,,,,,,,,,,,,,,,,,,,,,,,,,,,,,,,,,,,,,,,,,,,,
"Tournament2nd_Arena13_2","Tournament2nd_2","Arena13",,"TRUE",,,,,,,,,,,,,,,,,,,,,,,,,,,,,,,,,,,,,,,,,,,,,,,,,,,,
"Tournament3rd_Arena13_2","Tournament3rd_2","Arena13",,"TRUE",,,,,,,,,,,,,,,,,,,,,,,,,,,,,,,,,,,,,,,,,,,,,,,,,,,,
"TournamentOther_Arena13_2","TournamentOther_2","Arena13",,"TRUE",,,,,,,,,,,,,,,,,,,,,,,,,,,,,,,,,,,,,,,,,,,,,,,,,,,,
"Shop_Small_1_Arena13",,"Arena13","Lightning",,,,129,4,,6,50,8000,,,,5,5,"sc/ui_chest.sc","chest_lightning_open","chest_lightning_open","get_magic_chest","chest_lightning_open","chest_landing_magic","openChest_lightning","tap_magic_chest","sound_openChest_lightning",,"TID_CHEST_SHOP_SMALL",,5,,"sc/ui.sc","icon_chests_lightning_small",,,,,,,,,,5,,"Lightning",,"TRUE","TRUE","TRUE","TRUE","TRUE",,,,,
"Shop_Medium_1_Arena13",,"Arena13","Fortune",,,,258,5,,5,30,1600,,,,7,7,"sc/ui_chest.sc","chest_fortune_open","chest_fortune_open","get_magic_chest","chest_fortune_open","chest_landing_magic","openChest_fortune_boost","tap_magic_chest","sound_openChest_fortune_boost",,"TID_CHEST_SHOP_MEDIUM",,5,,"sc/ui.sc","icon_chests_fortune_small",10,,,,,,,,,,,"Fortune",,"TRUE","TRUE","TRUE",,"TRUE",,,,,
"Shop_Large_Legendary_Arena13",,"Arena13","LegendaryKings",,,,360,8,,5,15,400,,,,12,12,"sc/ui_chest.sc","chest_legendary_king_open","chest_legendary_king_open","get_magic_chest","chest_legendary_king_open","chest_landing_magic","openChest_legend_kings","tap_magic_chest","sound_openChest_legend_kings",,"TID_CHEST_SHOP_LARGE_LEGENDARY",,5,"TRUE","sc/ui.sc","icon_chests_legendarykings_small",1,,,,,,,,,,,"Kings",,"TRUE","TRUE","TRUE",,"TRUE","TRUE",66,18,6,1
"SuperLightning_Arena13","SuperLightning","Arena13",,,,,,,,,,,,,,,,,,,,,,,,,,,,,,,,,,,,,,,,,9,,,,,,,,,,,,,
"Giant_Arena14","Giant","Arena14",,,,,,,,,,,,,,,,,,,,,,,,,,,,,,,,,,,,,,,,,,,,,,,,,,,,,,
"Super_Arena14","Super","Arena14",,,,,,,,,,,,,,,,,,,,,,,,,,,,,,,,,,,,,,,,,,,,,,,,,,,,,,
"Silver_Arena14","Silver","Arena14",,,,,,,,,,,,,,,,,,,,,,,,,,,,,,,,,,,,,,,,,,,,,,,,,,,,,,
"Gold_Arena14","Gold","Arena14",,,,,,,,,,,,,,,,,,,,,,,,,,,,,,,,,,,,,,,,,,,,,,,,,,,,,,
"Magic_Arena14","Magic","Arena14",,,,,,,,,,,,,,,,,,,,,,,,,,,,,,,,,,,,,,,,,,,,,,,,,,,,,,
"Free_Arena14","Free","Arena14",,,,,,,,,,,,,,,,,,,,,,,,,,,,,,,,,,,,,,,,,,,,,,,,,,,,,,
"Star_Arena14","Star","Arena14",,,,,,,,,,,,,,,,,,,,,,,,,,,,,,,,,,,,,,,,,,,,,,,,,,,,,,
"Epic_Arena14","Epic","Arena14",,,,,20,5,,,,,,,,,,,,,,,,,,,,,,,,,,,,,,,,,,,,,,,,,,,,,,,,
"Survival_Bronze_Arena14","Survival_Bronze","Arena14",,,"TRUE",,,,,,,,,,,,,,,,,,,,,,,,,,,,,,,,,,,,,,,,,,,,,,,,,,,
"Survival_Gold_Arena14","Survival_Gold","Arena14",,,"TRUE",,,,,,,,,,,,,,,,,,,,,,,,,,,,,,,,,,,,,,,,,,,,,,,,,,,
"Draft_Arena14",,"Arena14",,,,,170,5,,5,30,600,,,,7,8,"sc/ui_chest.sc","chest_draft_closed","chest_draft_open","get_magic_chest","chest_open_draft","chest_landing_magic","openChest_draft","tap_champions_chest","sound_openChest_champion",,"TID_CHEST_DRAFT",,208,"TRUE","sc/ui.sc","icon_chests_draft_small",,,,,,,,,,,,,,,,,,,,,,,
"StarBoosted_Arena14","StarBoosted","Arena14",,,,,,,,,,,,,,,,,,,,,,,,,,,,,,,,,,,,,,,,,,,,,,,,,,,,,,
"ClanCrownChest_Arena14","ClanCrownChest","Arena14",,,,,,,,,,,,,,,,,,,,,,,,,,,,,,,,,,,,,,,,,,,,,,,,,,,,,,
"Tournament1st_Arena14","Tournament1st","Arena14",,"TRUE",,,,,,,,,,,,,,,,,,,,,,,,,,,,,,,,,,,,,,,,,,,,,,,,,,,,
"Tournament2nd_Arena14","Tournament2nd","Arena14",,"TRUE",,,,,,,,,,,,,,,,,,,,,,,,,,,,,,,,,,,,,,,,,,,,,,,,,,,,
"Tournament3rd_Arena14","Tournament3rd","Arena14",,"TRUE",,,,,,,,,,,,,,,,,,,,,,,,,,,,,,,,,,,,,,,,,,,,,,,,,,,,
"TournamentOther_Arena14","TournamentOther","Arena14",,"TRUE",,,,,,,,,,,,,,,,,,,,,,,,,,,,,,,,,,,,,,,,,,,,,,,,,,,,
"Tournament1st_Arena14_2","Tournament1st_2","Arena14",,"TRUE",,,,,,,,,,,,,,,,,,,,,,,,,,,,,,,,,,,,,,,,,,,,,,,,,,,,
"Tournament2nd_Arena14_2","Tournament2nd_2","Arena14",,"TRUE",,,,,,,,,,,,,,,,,,,,,,,,,,,,,,,,,,,,,,,,,,,,,,,,,,,,
"Tournament3rd_Arena14_2","Tournament3rd_2","Arena14",,"TRUE",,,,,,,,,,,,,,,,,,,,,,,,,,,,,,,,,,,,,,,,,,,,,,,,,,,,
"TournamentOther_Arena14_2","TournamentOther_2","Arena14",,"TRUE",,,,,,,,,,,,,,,,,,,,,,,,,,,,,,,,,,,,,,,,,,,,,,,,,,,,
"Shop_Small_1_Arena14",,"Arena14","Lightning",,,,133,4,,6,50,8000,,,,5,5,"sc/ui_chest.sc","chest_lightning_open","chest_lightning_open","get_magic_chest","chest_lightning_open","chest_landing_magic","openChest_lightning","tap_magic_chest","sound_openChest_lightning",,"TID_CHEST_SHOP_SMALL",,5,,"sc/ui.sc","icon_chests_lightning_small",,,,,,,,,,6,,"Lightning",,"TRUE","TRUE","TRUE","TRUE","TRUE",,,,,
"Shop_Medium_1_Arena14",,"Arena14","Fortune",,,,266,5,,5,30,1600,,,,7,7,"sc/ui_chest.sc","chest_fortune_open","chest_fortune_open","get_magic_chest","chest_fortune_open","chest_landing_magic","openChest_fortune_boost","tap_magic_chest","sound_openChest_fortune_boost",,"TID_CHEST_SHOP_MEDIUM",,5,,"sc/ui.sc","icon_chests_fortune_small",10,,,,,,,,,,,"Fortune",,"TRUE","TRUE","TRUE",,"TRUE",,,,,
"Shop_Large_Legendary_Arena14",,"Arena14","LegendaryKings",,,,370,8,,5,15,400,,,,12,12,"sc/ui_chest.sc","chest_legendary_king_open","chest_legendary_king_open","get_magic_chest","chest_legendary_king_open","chest_landing_magic","openChest_legend_kings","tap_magic_chest","sound_openChest_legend_kings",,"TID_CHEST_SHOP_LARGE_LEGENDARY",,5,"TRUE","sc/ui.sc","icon_chests_legendarykings_small",1,,,,,,,,,,,"Kings",,"TRUE","TRUE","TRUE",,"TRUE","TRUE",68,19,6,1
"SuperLightning_Arena14","SuperLightning","Arena14",,,,,,,,,,,,,,,,,,,,,,,,,,,,,,,,,,,,,,,,,9,,,,,,,,,,,,,
"GoldCage_Small",,"TrainingCamp",,,,10800,0,0,,0,0,0,,100,200,,,"sc/ui_chest.sc","gold_cage_static_lv1",,"get_gold_crate_bronze","gold_cage_open_collection_win_lv1","chest_landing_iron","openChest_ranked","tap_iron_chest","sound_openWar_bounty",,"TID_GOLD_CAGE_SMALL","TID_CHEST_GOLD_CAGE_SMALL_NOTIFICATION",,,"sc/ui_chest.sc","chest_item_generic",,,,,,,,,,,,,,"TRUE",,,,,"TRUE",,,,
"GoldCage_Medium",,"TrainingCamp",,,,28800,0,0,,0,0,0,,200,500,,,"sc/ui_chest.sc","gold_cage_static_lv2",,"get_gold_crate_silver","gold_cage_open_collection_win_lv2","chest_landing_iron","openChest_ranked","tap_iron_chest","sound_openWar_bounty",,"TID_GOLD_CAGE_MEDIUM","TID_CHEST_GOLD_CAGE_MEDIUM_NOTIFICATION",,,"sc/ui_chest.sc","chest_item_generic",,,,,,,,,,,,,,"TRUE",,,,,"TRUE",,,,
"GoldCage_Large",,"TrainingCamp",,,,43200,0,0,,0,0,0,,500,1500,,,"sc/ui_chest.sc","gold_cage_static_lv3",,"get_gold_crate_golden","gold_cage_open_collection_win_lv3","chest_landing_iron","openChest_ranked","tap_iron_chest","sound_openWar_bounty",,"TID_GOLD_CAGE_LARGE","TID_CHEST_GOLD_CAGE_LARGE_NOTIFICATION",,,"sc/ui_chest.sc","chest_item_generic",,,,,,,,,,,,,,"TRUE",,,,,"TRUE",,,,
"GoldCage_Small_Arena1","GoldCage_Small","Arena1",,,,,,,,,,,,100,200,,,,,,,,,,,,,,,,,,,,,,,,,,,,,,,,,,,,,,,,,
"GoldCage_Medium_Arena1","GoldCage_Medium","Arena1",,,,,,,,,,,,200,500,,,,,,,,,,,,,,,,,,,,,,,,,,,,,,,,,,,,,,,,,
"GoldCage_Large_Arena1","GoldCage_Large","Arena1",,,,,,,,,,,,500,1500,,,,,,,,,,,,,,,,,,,,,,,,,,,,,,,,,,,,,,,,,
"GoldCage_Small_Arena2","GoldCage_Small","Arena2",,,,,,,,,,,,100,200,,,,,,,,,,,,,,,,,,,,,,,,,,,,,,,,,,,,,,,,,
"GoldCage_Medium_Arena2","GoldCage_Medium","Arena2",,,,,,,,,,,,200,500,,,,,,,,,,,,,,,,,,,,,,,,,,,,,,,,,,,,,,,,,
"GoldCage_Large_Arena2","GoldCage_Large","Arena2",,,,,,,,,,,,500,1500,,,,,,,,,,,,,,,,,,,,,,,,,,,,,,,,,,,,,,,,,
"GoldCage_Small_Arena3","GoldCage_Small","Arena3",,,,,,,,,,,,100,200,,,,,,,,,,,,,,,,,,,,,,,,,,,,,,,,,,,,,,,,,
"GoldCage_Medium_Arena3","GoldCage_Medium","Arena3",,,,,,,,,,,,200,500,,,,,,,,,,,,,,,,,,,,,,,,,,,,,,,,,,,,,,,,,
"GoldCage_Large_Arena3","GoldCage_Large","Arena3",,,,,,,,,,,,500,1500,,,,,,,,,,,,,,,,,,,,,,,,,,,,,,,,,,,,,,,,,
"GoldCage_Small_Arena4","GoldCage_Small","Arena4",,,,,,,,,,,,100,200,,,,,,,,,,,,,,,,,,,,,,,,,,,,,,,,,,,,,,,,,
"GoldCage_Medium_Arena4","GoldCage_Medium","Arena4",,,,,,,,,,,,200,500,,,,,,,,,,,,,,,,,,,,,,,,,,,,,,,,,,,,,,,,,
"GoldCage_Large_Arena4","GoldCage_Large","Arena4",,,,,,,,,,,,500,1500,,,,,,,,,,,,,,,,,,,,,,,,,,,,,,,,,,,,,,,,,
"GoldCage_Small_Arena5","GoldCage_Small","Arena5",,,,,,,,,,,,250,500,,,,,,,,,,,,,,,,,,,,,,,,,,,,,,,,,,,,,,,,,
"GoldCage_Medium_Arena5","GoldCage_Medium","Arena5",,,,,,,,,,,,500,1250,,,,,,,,,,,,,,,,,,,,,,,,,,,,,,,,,,,,,,,,,
"GoldCage_Large_Arena5","GoldCage_Large","Arena5",,,,,,,,,,,,1500,3500,,,,,,,,,,,,,,,,,,,,,,,,,,,,,,,,,,,,,,,,,
"GoldCage_Small_Arena6","GoldCage_Small","Arena6",,,,,,,,,,,,250,500,,,,,,,,,,,,,,,,,,,,,,,,,,,,,,,,,,,,,,,,,
"GoldCage_Medium_Arena6","GoldCage_Medium","Arena6",,,,,,,,,,,,500,1250,,,,,,,,,,,,,,,,,,,,,,,,,,,,,,,,,,,,,,,,,
"GoldCage_Large_Arena6","GoldCage_Large","Arena6",,,,,,,,,,,,1500,3500,,,,,,,,,,,,,,,,,,,,,,,,,,,,,,,,,,,,,,,,,
"GoldCage_Small_Arena7","GoldCage_Small","Arena7",,,,,,,,,,,,250,500,,,,,,,,,,,,,,,,,,,,,,,,,,,,,,,,,,,,,,,,,
"GoldCage_Medium_Arena7","GoldCage_Medium","Arena7",,,,,,,,,,,,500,1250,,,,,,,,,,,,,,,,,,,,,,,,,,,,,,,,,,,,,,,,,
"GoldCage_Large_Arena7","GoldCage_Large","Arena7",,,,,,,,,,,,1500,3500,,,,,,,,,,,,,,,,,,,,,,,,,,,,,,,,,,,,,,,,,
"GoldCage_Small_Arena8","GoldCage_Small","Arena8",,,,,,,,,,,,250,500,,,,,,,,,,,,,,,,,,,,,,,,,,,,,,,,,,,,,,,,,
"GoldCage_Medium_Arena8","GoldCage_Medium","Arena8",,,,,,,,,,,,500,1250,,,,,,,,,,,,,,,,,,,,,,,,,,,,,,,,,,,,,,,,,
"GoldCage_Large_Arena8","GoldCage_Large","Arena8",,,,,,,,,,,,1500,3500,,,,,,,,,,,,,,,,,,,,,,,,,,,,,,,,,,,,,,,,,
"GoldCage_Small_Arena9","GoldCage_Small","Arena9",,,,,,,,,,,,500,1000,,,,,,,,,,,,,,,,,,,,,,,,,,,,,,,,,,,,,,,,,
"GoldCage_Medium_Arena9","GoldCage_Medium","Arena9",,,,,,,,,,,,1000,2500,,,,,,,,,,,,,,,,,,,,,,,,,,,,,,,,,,,,,,,,,
"GoldCage_Large_Arena9","GoldCage_Large","Arena9",,,,,,,,,,,,3500,6500,,,,,,,,,,,,,,,,,,,,,,,,,,,,,,,,,,,,,,,,,
"GoldCage_Small_Arena_L","GoldCage_Small","Arena_L",,,,,,,,,,,,500,1000,,,,,,,,,,,,,,,,,,,,,,,,,,,,,,,,,,,,,,,,,
"GoldCage_Medium_Arena_L","GoldCage_Medium","Arena_L",,,,,,,,,,,,1000,2500,,,,,,,,,,,,,,,,,,,,,,,,,,,,,,,,,,,,,,,,,
"GoldCage_Large_Arena_L","GoldCage_Large","Arena_L",,,,,,,,,,,,3500,6500,,,,,,,,,,,,,,,,,,,,,,,,,,,,,,,,,,,,,,,,,
"GoldCage_Small_Arena_Electric","GoldCage_Small","Arena_Electric",,,,,,,,,,,,500,1000,,,,,,,,,,,,,,,,,,,,,,,,,,,,,,,,,,,,,,,,,
"GoldCage_Medium_Arena_Electric","GoldCage_Medium","Arena_Electric",,,,,,,,,,,,1000,2500,,,,,,,,,,,,,,,,,,,,,,,,,,,,,,,,,,,,,,,,,
"GoldCage_Large_Arena_Electric","GoldCage_Large","Arena_Electric",,,,,,,,,,,,3500,6500,,,,,,,,,,,,,,,,,,,,,,,,,,,,,,,,,,,,,,,,,
"GoldCage_Small_Arena_T","GoldCage_Small","Arena_T",,,,,,,,,,,,500,1000,,,,,,,,,,,,,,,,,,,,,,,,,,,,,,,,,,,,,,,,,
"GoldCage_Medium_Arena_T","GoldCage_Medium","Arena_T",,,,,,,,,,,,1000,2500,,,,,,,,,,,,,,,,,,,,,,,,,,,,,,,,,,,,,,,,,
"GoldCage_Large_Arena_T","GoldCage_Large","Arena_T",,,,,,,,,,,,3500,6500,,,,,,,,,,,,,,,,,,,,,,,,,,,,,,,,,,,,,,,,,
"GoldCage_Small_Arena13","GoldCage_Small","Arena13",,,,,,,,,,,,1000,2000,,,,,,,,,,,,,,,,,,,,,,,,,,,,,,,,,,,,,,,,,
"GoldCage_Medium_Arena13","GoldCage_Medium","Arena13",,,,,,,,,,,,2000,5000,,,,,,,,,,,,,,,,,,,,,,,,,,,,,,,,,,,,,,,,,
"GoldCage_Large_Arena13","GoldCage_Large","Arena13",,,,,,,,,,,,7500,12500,,,,,,,,,,,,,,,,,,,,,,,,,,,,,,,,,,,,,,,,,
"GoldCage_Small_Arena14","GoldCage_Small","Arena14",,,,,,,,,,,,1000,2000,,,,,,,,,,,,,,,,,,,,,,,,,,,,,,,,,,,,,,,,,
"GoldCage_Medium_Arena14","GoldCage_Medium","Arena14",,,,,,,,,,,,2000,5000,,,,,,,,,,,,,,,,,,,,,,,,,,,,,,,,,,,,,,,,,
"GoldCage_Large_Arena14","GoldCage_Large","Arena14",,,,,,,,,,,,7500,12500,,,,,,,,,,,,,,,,,,,,,,,,,,,,,,,,,,,,,,,,,
"GoldCage_Small_Arena_L1","GoldCage_Small","Arena_L1",,,,,,,,,,,,1000,2000,,,,,,,,,,,,,,,,,,,,,,,,,,,,,,,,,,,,,,,,,
"GoldCage_Medium_Arena_L1","GoldCage_Medium","Arena_L1",,,,,,,,,,,,2000,5000,,,,,,,,,,,,,,,,,,,,,,,,,,,,,,,,,,,,,,,,,
"GoldCage_Large_Arena_L1","GoldCage_Large","Arena_L1",,,,,,,,,,,,7500,12500,,,,,,,,,,,,,,,,,,,,,,,,,,,,,,,,,,,,,,,,,
