"Name","FileNames","MinVolume","MaxVolume","MinPitch","MaxPitch","Priority","MaximumByType","MaxRepeatMs","Loop","PlayVariationsInSequence","PlayVariationsInSequenceManualReset","StartDelayMinMs","StartDelayMaxMs","PlayOnlyWhenInView","MaxVolumeScaleLimit","NoSoundScaleLimit","PadEmpyToEndMs"
"string","string","int","int","int","int","int","int","int","boolean","boolean","boolean","int","int","boolean","int","int","int"
"60sec_warn_01","sfx/60_sec_warn_02_v2.ogg",80,80,100,100,1,1,,,,,,,,,,
"30sec_warn_01","sfx/60_sec_warn_02_v2.ogg",90,90,119,119,1,1,,,,,,,,,,
"ScrollAmb01","sfx/dummy_01.ogg",1,1,100,100,1,1,,,,,,,,,,
"Menu swipe","sfx/menu_swipe_09.ogg",30,30,98,102,1,2,,,,,,,,,,
"Menu updown swipe","sfx/up_down_swipe_01.ogg",25,28,97,103,1,1,,,,,,,,,,
"Countdown_10","sfx/10_cd_02.ogg",84,84,100,100,1,3,,,,,,,,,,
"Countdown_9","sfx/9_cd_02.ogg",86,86,100,100,1,3,,,,,,,,,,
"Countdown_8","sfx/8_cd_02.ogg",88,88,100,100,1,3,,,,,,,,,,
"Countdown_7","sfx/7_cd_02.ogg",90,90,100,100,1,3,,,,,,,,,,
"Countdown_6","sfx/6_cd_02.ogg",92,92,100,100,1,3,,,,,,,,,,
"Countdown_5","sfx/5_cd_02.ogg",94,94,100,100,1,3,,,,,,,,,,
"Countdown_4","sfx/4_cd_02.ogg",96,96,100,100,1,3,,,,,,,,,,
"Countdown_3","sfx/3_cd_02.ogg",100,100,100,100,1,3,,,,,,,,,,
"Countdown_2","sfx/2_cd_02.ogg",100,100,100,100,1,3,,,,,,,,,,
"Countdown_1","sfx/1_cd_02.ogg",100,100,100,100,1,3,,,,,,,,,,
"ButtonClick","sfx/button_click_02.ogg",60,60,100,100,1,3,,,,,,,,,,
"ButtonClick2","sfx/menu_click_06.ogg",50,50,100,100,1,3,,,,,,,,,,
"AttackButton","sfx/attack_button_01.ogg",60,60,100,100,1,3,,,,,,,,,,
"SpellCasting","sfx/spellcast01.ogg",30,35,96,104,1,2,,,,,,,,,,
"CharacterDeploy","sfx/dummy_01.ogg",1,1,98,102,3,1,,,,,,,,,,
"Arrow fire","sfx/archer_queen_attack_02.ogg",45,50,98,102,1,3,,,,,,,,,,
"Fire ball","sfx/fire_ball_02.ogg",50,60,98,102,1,3,,,,,,,,,,
"Fire ball explo","sfx/fire_ball_explo_02.ogg",50,60,97,103,1,2,,,,,,,,,,
"Arrow volley hit","sfx/arrow_norm_impact_06.ogg",55,60,95,105,2,1,,,,,,,,,,
"Spell available","sfx/card_ready_02.ogg",40,40,100,100,1,1,,,,,,,,,,
"Legendary spell available","sfx/legendary_available_02.ogg",50,50,100,100,1,1,,,,,,,,,,
"Select legendary spell","sfx/legendary_available_01.ogg",35,35,100,100,1,1,3000,,,,,,,,,
"Spell not ready","sfx/spell_not_ready_01.ogg",50,50,100,100,1,1,,,,,,,,,,
"Boulder impact","sfx/boulder_impact_01.ogg",80,90,95,105,1,2,,,,,,,,,,
"Select spell","sfx/grabcard_01.ogg",50,50,98,102,1,2,,,,,,,,,,
"Archer deploy","sfx/clash_archer_deploy_01.ogg",50,50,98,102,1,1,,,,,,,,,,
"Archer steps","sfx/archer_step_06.ogg",10,15,96,106,2,1,100,,,,,,,,,
"Archer attack","sfx/archer_attack_07.ogg",22,32,97,103,1,2,,,,,,,,,,
"Arrow hit","sfx/arrow_hit_13.ogg",20,25,95,105,1,2,,,,,,,,,,
"Archer attack start","sfx/target_01.ogg",1,1,97,103,1,3,,,,,,,,,,
"Archer die","sfx/npc_die_02.ogg",1,1,97,103,1,5,,,,,,,,,,
"Magic_archer_attack","sfx/magic_archer_fire_01.ogg",60,70,94,106,1,4,,,,,,,,,,
"Get diamonds","sfx/get_diamonds_01.ogg",35,40,84,84,1,2,,,,,,,,,,
"get mana","sfx/get_mana_01.ogg",50,50,97,103,1,2,,,,,,,,,,
"ArcherTower attack","sfx/archer_tower_fire_05.ogg",40,50,96,103,1,3,,,,,,,,,,
"Scroll open","sfx/scroll_open_01v3333.ogg",50,50,99,101,1,4,,,,,,,,,,
"Scroll close","sfx/scroll_close_08.ogg",40,40,97,103,1,4,,,,,,,,,,
"Chest unlockstart","sfx/unlock_chest_start_01.ogg",50,50,100,100,4,1,,,,,,,,,,
"Claim chest","sfx/dummy_01.ogg",1,1,100,100,4,1,,,,,,,,,,
"No workers","sfx/tap_locked_chest_01.ogg",40,40,100,100,1,2,,,,,,,,,,
"WizardProjectileHit","sfx/dummy_01.ogg",1,1,100,100,1,1,,,,,,,,,,
"Spell fuse","sfx/scroll_fusion_01.ogg",60,60,100,100,1,4,,,,,,,,,,
"Enemy on range","sfx/bad_drop_03.ogg",60,60,100,100,1,2,,,,,,,,,,
"Unlock with diamonds","sfx/open_chest_diamonds_02.ogg",50,50,100,100,1,3,,,,,,,,,,
"SellChest","sfx/get_gold_04.ogg",50,50,99,99,1,3,,,,,,,,,,
"Cannon Fire","sfx/cannon_fire_03.ogg",35,45,96,104,1,3,,,,,,,,,,
"Cannon Deploy","sfx/cannon_deploy_01.ogg",70,70,98,102,1,3,,,,,,,,,,
"sound_knight_deploy","sfx/knight_deploy_31111.ogg",70,70,100,100,1,3,,,,,,,,,,
"sound_knight_deploy_end","sfx/knight_deploy_end_01.ogg",60,60,100,100,1,3,,,,,1000,1000,,,,
"sound_knight_steps","sfx/knight_footstep_01.ogg",40,50,98,102,1,2,,,,,,,,,,
,"sfx/knight_footstep_02.ogg",40,50,98,102,1,2,,,,,,,,,,
,"sfx/knight_footstep_03.ogg",40,50,98,102,1,2,,,,,,,,,,
,"sfx/knight_footstep_04.ogg",40,50,98,102,1,3,,,,,,,,,,
"sound_knight_attack_start","sfx/knight_attack_start_05.ogg",45,55,97,101,1,2,,,,,360,360,,,,
,"sfx/knight_attack_start_02.ogg",45,55,97,101,1,2,,,,,430,430,,,,
,"sfx/knight_attack_start_03.ogg",45,55,97,101,1,2,,,,,320,320,,,,
,"sfx/knight_attack_start_04.ogg",45,55,97,101,1,2,,,,,320,320,,,,
,"sfx/knight_attack_start_01.ogg",45,55,97,101,1,2,,,,,300,300,,,,
"sound_knight_hit","sfx/knight_hit_01.ogg",30,40,98,102,1,3,,,,,,,,,,
"sound_knight_die","sfx/knight_death_01.ogg",60,60,100,100,3,1,,,,,,,,,,
"sound_barbarian_deploy","sfx/deploy_barbarians_01.ogg",70,70,98,102,1,1,500,,,,,,,,,
"sound_barbarian_steps","sfx/barb_footstep_03_no_vo.ogg",20,25,97,103,2,1,400,,,,,,,,,
,"sfx/barb_footstep_01.ogg",20,25,97,103,2,1,400,,,,,,,,,
,"sfx/barb_footstep_03_no_vo.ogg",20,25,97,103,2,1,400,,,,,,,,,
,"sfx/barb_footstep_02.ogg",20,25,97,103,2,1,400,,,,,,,,,
,"sfx/barb_footstep_03_no_vo.ogg",20,25,97,103,2,1,400,,,,,,,,,
,"sfx/barb_footstep_04.ogg",20,25,97,103,2,1,400,,,,,,,,,
,"sfx/barb_footstep_03_no_vo.ogg",20,25,97,103,2,1,400,,,,,,,,,
,"sfx/barb_footstep_05.ogg",20,25,97,103,2,1,400,,,,,,,,,
,"sfx/barb_footstep_03_no_vo.ogg",20,25,97,103,2,1,400,,,,,,,,,
,"sfx/barb_footstep_06.ogg",20,25,97,103,2,1,400,,,,,,,,,
"sound_barbarian_attack_start","sfx/barbarian_attack_02.ogg",40,40,98,102,1,2,300,,,,300,300,,,,
,"sfx/barbarian_attack_03.ogg",40,40,98,102,1,2,300,,,,300,300,,,,
,"sfx/barbarian_attack_04.ogg",40,40,98,102,1,2,300,,,,300,300,,,,
,"sfx/barbarian_attack_05.ogg",40,40,98,102,1,2,300,,,,300,300,,,,
,"sfx/barbarian_attack_06.ogg",40,40,98,102,1,2,300,,,,300,300,,,,
,"sfx/barbarian_attack_07.ogg",40,40,98,102,1,2,300,,,,300,300,,,,
,"sfx/barbarian_attack_08.ogg",40,40,98,102,1,2,300,,,,300,300,,,,
"sound_angry_barbarian_attack_start","sfx/barbarian_attack_02.ogg",50,55,72,80,1,2,100,,,,,,,,,
,"sfx/barbarian_attack_03.ogg",50,55,72,80,1,2,100,,,,,,,,,
,"sfx/barbarian_attack_04.ogg",50,55,72,80,1,2,100,,,,,,,,,
,"sfx/barbarian_attack_05.ogg",50,55,72,80,1,2,100,,,,,,,,,
,"sfx/barbarian_attack_06.ogg",50,55,72,80,1,2,100,,,,,,,,,
,"sfx/barbarian_attack_07.ogg",50,55,72,80,1,2,100,,,,,,,,,
,"sfx/barbarian_attack_08.ogg",50,55,72,80,1,2,100,,,,,,,,,
"sound_angry_barbarian_steps","sfx/barb_footstep_03_no_vo.ogg",25,30,75,85,2,1,300,,,,,,,,,
,"sfx/barb_footstep_01.ogg",25,30,75,85,2,1,300,,,,,,,,,
,"sfx/barb_footstep_03_no_vo.ogg",25,30,75,85,2,1,300,,,,,,,,,
,"sfx/barb_footstep_02.ogg",25,30,75,85,2,1,300,,,,,,,,,
,"sfx/barb_footstep_03_no_vo.ogg",25,30,75,85,2,1,300,,,,,,,,,
,"sfx/barb_footstep_04.ogg",25,30,75,85,2,1,300,,,,,,,,,
,"sfx/barb_footstep_03_no_vo.ogg",25,30,75,85,2,1,300,,,,,,,,,
,"sfx/barb_footstep_05.ogg",25,30,75,85,2,1,300,,,,,,,,,
,"sfx/barb_footstep_03_no_vo.ogg",25,30,75,85,2,1,300,,,,,,,,,
,"sfx/barb_footstep_06.ogg",25,30,75,85,2,1,300,,,,,,,,,
"sound_barbarian_hit","sfx/knight_attack_hack_01.ogg",1,1,98,102,1,3,,,,,,,,,,
"sound_barbarian_die","sfx/npc_die_02.ogg",1,1,97,103,1,5,,,,,,,,,,
"sound_ragebarbarian_deploy","sfx/woodsman_deploy_01.ogg",60,60,98,102,1,1,300,,,,,,,,,
"sound_ragebarbarian_deploy_sfx","sfx/rage_barb_deploy_02.ogg",60,60,98,102,2,1,300,,,,,,,,,
"sound_ragebarbarian_attack_start_vo","sfx/woodsman_atk_01.ogg",60,60,98,102,1,1,2000,,,,,,,,,
,"sfx/woodsman_atk_02.ogg",60,60,98,102,1,1,2000,,,,,,,,,
,"sfx/woodsman_atk_03.ogg",60,60,98,102,1,1,2000,,,,,,,,,
,"sfx/woodsman_atk_04.ogg",60,60,98,102,1,1,2000,,,,,,,,,
,"sfx/woodsman_atk_05.ogg",60,60,98,102,1,1,2000,,,,,,,,,
,"sfx/woodsman_atk_06.ogg",60,60,98,102,1,1,2000,,,,,,,,,
,"sfx/woodsman_atk_07.ogg",60,60,98,102,1,1,2000,,,,,,,,,
"sound_ragebarbarian_attack_start","sfx/axeswing_01.ogg",60,60,96,104,1,3,100,,,,200,200,,,,
"sound_ragebarbarian_attack_hit","sfx/axe_impact_01.ogg",40,50,98,102,1,3,100,,,,,,,,,
"sound_ragebarbarian_steps","sfx/rage_barb_step_01.ogg",30,40,95,105,4,2,200,,,,,,,,,
"sound_executioner_deploy","sfx/deploy_executioner_01.ogg",70,70,98,102,1,1,300,,,,,,,,,
"sound_executioner_steps","sfx/executioner_footstep_01.ogg",20,30,95,105,2,6,200,,,,,,,,,
"sound_executioner_attack","sfx/executioner_atk_01.ogg",80,80,98,102,2,2,200,,,,,,,,,
"sound_goblins_deploy","sfx/goblin_deploy_14.ogg",50,50,98,102,1,1,,,,,,,,,,
"sound_goblins_steps","sfx/gob_step_01_v5.ogg",10,15,95,105,2,1,350,,,,,,,,,
,"sfx/gob_step_01_v1.ogg",10,15,95,105,2,1,350,,,,,,,,,
,"sfx/gob_step_01_v5.ogg",10,15,95,105,2,1,350,,,,,,,,,
,"sfx/gob_step_01_v2.ogg",10,15,95,105,2,1,350,,,,,,,,,
,"sfx/gob_step_01_v5.ogg",10,15,95,105,2,1,350,,,,,,,,,
,"sfx/gob_step_01_v3.ogg",10,15,95,105,2,1,350,,,,,,,,,
,"sfx/gob_step_01_v5.ogg",10,15,95,105,2,1,350,,,,,,,,,
,"sfx/gob_step_01_v4.ogg",10,15,95,105,2,1,350,,,,,,,,,
"sound_goblins_attack_start","sfx/gob_attack_01v2.ogg",30,40,97,103,1,3,,,,,,,,,,
,"sfx/gob_attack_02v2.ogg",30,40,97,103,1,3,,,,,,,,,,
,"sfx/gob_attack_03v2.ogg",30,40,97,103,1,3,,,,,,,,,,
"sound_goblins_hit","sfx/footman_attack_hit_01.ogg",10,20,96,104,2,3,,,,,,,,,,
,"sfx/footman_attack_hit_02.ogg",10,20,96,104,2,3,,,,,,,,,,
,"sfx/footman_attack_hit_03.ogg",10,20,96,104,2,3,,,,,,,,,,
,"sfx/footman_attack_hit_04.ogg",10,20,96,104,2,3,,,,,,,,,,
"sound_goblins_die","sfx/npc_die_02.ogg",1,1,97,103,1,5,,,,,,,,,,
"sound_giant_deploy","sfx/giant_deploy_01.ogg",90,90,100,100,1,2,,,,,,,,,,
"sound_giant_deploy_vo","sfx/giant_skelly_dep_vo_01.ogg",90,90,98,102,1,2,,,,,600,600,,,,
"sound_giant_steps","sfx/demon_step_01.ogg",40,60,95,105,1,2,,,,,,,,,,
"sound_giant_attack_start","sfx/giant_attack_swing_01.ogg",65,80,98,102,1,1,,,,,,,,,,
,"sfx/giant_attack_swing_02.ogg",65,80,98,102,1,1,,,,,,,,,,
,"sfx/giant_attack_swing_03.ogg",65,80,98,102,1,1,,,,,,,,,,
"sound_giant_hit","sfx/giant_hit_01.ogg",60,70,95,105,1,2,,,,,,,,,,
"sound_giant_die","sfx/npc_die_02.ogg",1,1,97,103,1,5,,,,,,,,,,
"sound_pekka_deploy","sfx/pekka_deploy_01.ogg",80,80,100,100,1,3,,,,,,,,,,
"sound_pekka_deploy_end","sfx/pekka_deploy_end_03.ogg",100,100,100,100,1,3,,,,,3000,3000,,,,
"sound_pekka_steps","sfx/pekka_footstep_02.ogg",40,45,96,104,1,3,,,,,,,,,,
"sound_pekka_attack_start","sfx/pekka_atk_01.ogg",60,60,97,103,1,3,,,,,,,,,,
"sound_pekka_hit","sfx/pekka_attack_hit_03.ogg",50,60,98,102,1,3,,,,,,,,,,
"sound_pekka_die","sfx/npc_die_02.ogg",1,1,97,103,1,5,,,,,,,,,,
"sound_minion_deploy","sfx/minion_deploy_01.ogg",40,40,98,102,1,1,,,,,,,,,,
"sound_minion_steps","sfx/minion_wing_02.ogg",15,30,93,107,2,2,100,,,,,,,,,
"sound_minion_attack_start","sfx/tinymite_attack_04.ogg",1,1,96,104,1,3,,,,,,,,,,
"sound_minion_attack","sfx/tinymite_attack_04.ogg",50,55,95,105,1,1,,,,,,,,,,
,"sfx/tinymite_attack_05.ogg",50,55,95,105,1,1,,,,,,,,,,
,"sfx/tinymite_attack_06.ogg",50,55,95,105,1,1,,,,,,,,,,
"sound_minion_die","sfx/npc_die_02.ogg",1,1,97,103,1,5,,,,,,,,,,
"Gameend Horn","sfx/big_horn_end_02_v2.ogg",80,80,100,100,1,1,,,,,,,,,,
"sound_mortar_attack","sfx/mortar_fire_03.ogg",80,80,98,102,1,2,,,,,,,,,,
"sound_mortar_hit","sfx/boulder_impact_01.ogg",80,90,95,105,1,2,,,,,,,,,,
"sound_mortar_die","sfx/building_destroyed_05.ogg",50,50,100,100,1,3,,,,,,,,,,
"sound_mortar_deploy","sfx/mortar_deploy.ogg",80,80,97,103,1,2,,,,,,,,,,
"sound_balloon_deploy","sfx/deploy_balloon_06.ogg",90,90,98,102,1,2,,,,,,,,,,
"sound_balloon_steps","sfx/balloon_fly_loop_01.ogg",55,55,98,102,2,2,,,,,,,,,,
"sound_balloon_attack_start","sfx/drop_bomb_03.ogg",70,70,100,100,1,3,,,,,,,,,,
"sound_balloon_hit","sfx/boulder_impact_01.ogg",80,90,95,105,1,2,,,,,,,,,,
"sound_balloon_die","sfx/building_destroyed_05.ogg",40,40,100,100,1,3,,,,,,,,,,
"sound_goblin_hut_deploy","sfx/building_place_01.ogg",80,80,98,102,1,2,,,,,,,,,,
"sound_goblin_hut_die","sfx/boulder_impact_01.ogg",80,90,95,105,1,2,,,,,,,,,,
"sound_elixircollector_die","sfx/building_destroyed_05.ogg",50,50,98,102,1,3,,,,,,,,,,
"sound_elixircollector_deploy","sfx/elixir_collector_place_02.ogg",80,80,95,105,1,2,,,,,,,,,,
"sound_elixircollector_get","sfx/get_elixir_02.ogg",45,45,86,86,1,2,100,,,,,,,,,
"sound_witch_deploy","sfx/summon_witch_01.ogg",70,70,100,100,1,3,,,,,,,,,,
"sound_witch_steps","sfx/witch_step_01.ogg",10,20,94,106,2,2,500,,,,,,,,,
"sound_witch_attack_start","sfx/witch_attack_02.ogg",35,45,101,99,1,3,,,,,,,,,,
"sound_witch_hit","sfx/knight_attack_hack_01.ogg",60,80,98,102,1,3,,,,,,,,,,
"sound_witch_die","sfx/npc_die_02.ogg",1,1,97,103,1,5,,,,,,,,,,
"sound_witch_deploy_skeleton","sfx/witch_summon_02.ogg",60,60,98,102,1,1,1000,,,,,,,,,
"sound_skeleton_deploy","sfx/skeleton_deploy_03.ogg",55,55,100,100,1,1,500,,,,,,,,,
"sound_skeleton_steps","sfx/skeleton_step_02.ogg",10,12,95,105,2,4,150,,,,,,,,,
"sound_skeleton_attack_start","sfx/skeleton_atk_03.ogg",40,50,97,103,1,2,,,,,,,,,,
"sound_skeleton_hit","sfx/footman_attack_hit_01.ogg",10,20,96,104,2,3,,,,,,,,,,
,"sfx/footman_attack_hit_02.ogg",10,20,96,104,2,3,,,,,,,,,,
,"sfx/footman_attack_hit_03.ogg",10,20,96,104,2,3,,,,,,,,,,
,"sfx/footman_attack_hit_04.ogg",10,20,96,104,2,3,,,,,,,,,,
"sound_skeleton_die","sfx/npc_die_02.ogg",1,1,97,103,1,5,,,,,,,,,,
"sound_golem_deploy","sfx/golem_deploy_01.ogg",90,90,98,102,1,2,,,,,,,,,,
"sound_golem_deploy_end","sfx/stone_golem_deploy_02.ogg",98,102,100,100,1,3,,,,,3000,3000,,,,
"sound_small_golem_deploy","sfx/stone_golem_deploy_02.ogg",70,70,165,175,1,2,,,,,,,,,,
"sound_golem_steps","sfx/golem_walk_02.ogg",40,50,96,104,1,3,,,,,,,,,,
"sound_golem_attack_start","sfx/golem_atk_01.ogg",80,80,98,102,1,2,,,,,,,,,,
"sound_small_golem_attack_start","sfx/golem_atk_01.ogg",65,65,170,180,1,2,,,,,,,,,,
"sound_golem_hit","sfx/golem_atk_hit_01.ogg",80,80,98,102,1,2,,,,,,,,,,
"sound_small_golem_hit","sfx/golem_atk_hit_01.ogg",65,65,170,180,1,2,,,,,,,,,,
"sound_golem_die","sfx/golem_die_01.ogg",90,90,98,102,1,3,,,,,,,,,,
"sound_small_golem_die","sfx/golem_die_01.ogg",65,65,115,125,1,3,,,,,,,,,,
"sound_get_star_player","sfx/get_star_equence_01_v2.ogg",75,75,100,100,1,2,,,,,,,,,,
"sound_get_star_enemy","sfx/get_star_equence_01boo.ogg",70,70,100,100,1,2,,,,,,,,,,
"sound_generic_death","sfx/npc_die_04.ogg",35,45,95,104,1,3,,,,,,,,,,
"deploy timer tick","sfx/deploy_timer_tick_01v4.ogg",20,20,100,100,1,2,,,,,,,,,,
"deploy timer ding","sfx/deploy_timer_ding_03.ogg",30,20,100,100,1,2,,,,,,,,,,
"enemy deploy timer tick","sfx/enemy_deploy_timer_tick_01.ogg",20,20,100,100,1,2,,,,,,,,,,
"enemy deploy timer ding","sfx/enemy_deploy_timer_ding_04.ogg",30,30,100,100,1,2,,,,,,,,,,
"match start","sfx/big_horn_start_02_v2.ogg",90,90,100,100,1,1,,,,,,,,,,
"Goblin_arena_start","sfx/goblin_arena_jingle_01.ogg",90,90,100,100,1,1,,,,,,,,,,
"Cake_arena_start","sfx/royale_cake_jingle_01_dl.ogg",90,90,100,100,1,1,,,,,,,,,,
"Spooky_arena_start","sfx/st_jingle_01.ogg",90,90,100,100,1,1,,,,,,,,,,
"Bone_pit_arena_start","sfx/bone_pit_arena_jingle_01.ogg",85,85,100,100,1,1,,,,,,,,,,
"Dark_arena_start","sfx/dark_arena_jingle_02.ogg",90,90,100,100,1,1,,,,,,,,,,
"Barbarian_arena_start","sfx/barbarian_jingle_01.ogg",90,90,100,100,1,1,,,,,,,,,,
"Builder_arena_start","sfx/builder_arena_new_01.ogg",85,85,100,100,1,1,,,,,,,,,,
"Spell_arena_start","sfx/spellarena_jing_01.ogg",90,90,100,100,1,1,,,,,,,,,,
"Ice_arena_start","sfx/arctic_arena_jingle_01.ogg",90,90,100,100,1,1,,,,,,,,,,
"Legendary_arena_start","sfx/legendary_arena_jingle_01.ogg",90,90,100,100,1,1,,,,,,,,,,
"Jungle_arena_start","sfx/jungle_arena_jingle_01.ogg",90,90,100,100,1,1,,,,,,,,,,
"Hog_arena_start","sfx/hog_arena_jingle_01.ogg",90,90,100,100,1,1,,,,,,,,,,
"Electric_arena_start","sfx/electric_zone_load_01.ogg",90,90,100,100,1,1,,,,,,,,,,
"Boat_arena_start","sfx/boat_arena_jingle_01.ogg",90,90,100,100,1,1,,,,,,,,,,
"inferno_loop","sfx/laser_loop_02.ogg",42,42,100,100,1,1,,"TRUE",,,,,,,,
"sound_place_inferno_tower","sfx/place_inferno_02.ogg",80,80,100,100,1,2,,,,,,,,,,
"sound_tower_take_damage","sfx/tower_attacked_02.ogg",50,50,100,100,1,1,30000,,,,,,,,,
"sound_tower_take_damage_enemy","sfx/enemy_tower_attacked_03.ogg",55,55,100,100,1,1,30000,,,,,,,,,
"sound_enemy_die_jingle","sfx/dummy_01.ogg",1,1,100,100,5,1,300,,,,,,,,,
"sound_own_die_jingle","sfx/dummy_01.ogg",1,1,100,100,5,1,300,,,,,,,,,
"sound_rage_effect","sfx/rage_spell_01.ogg",60,60,98,102,1,1,,,,,,,,,,
"sound_valkyrie_deploy","sfx/valkyrie_deploy_02.ogg",70,70,100,100,1,3,,,,,,,,,,
"sound_valkyrie_deploy_end","sfx/valkyrie_deploy_end_02.ogg",50,50,100,100,1,3,,,,,1000,1000,,,,
"sound_valkyrie_steps","sfx/valk_step_02.ogg",12,15,96,104,2,2,300,,,,,,,,,
"sound_valkyrie_attack_start","sfx/valkyrie_atk_04.ogg",60,65,97,103,1,3,,,,,,,,,,
,"sfx/valkyrie_atk_05.ogg",60,65,97,103,1,3,,,,,,,,,,
,"sfx/valkyrie_atk_04.ogg",60,65,97,103,1,3,,,,,,,,,,
,"sfx/valkyrie_atk_06.ogg",60,65,97,103,1,3,,,,,,,,,,
,"sfx/valkyrie_atk_07.ogg",60,65,97,103,1,3,,,,,,,,,,
,"sfx/valkyrie_atk_08.ogg",60,65,97,103,1,3,,,,,,,,,,
,"sfx/valkyrie_atk_09.ogg",60,65,97,103,1,3,,,,,,,,,,
,"sfx/valkyrie_atk_10.ogg",60,65,97,103,1,3,,,,,,,,,,
"sound_valkyrie_hit","sfx/valkyrie_hit_01.ogg",20,35,98,102,1,3,,,,,,,,,,
"sound_valkyrie_die","sfx/npc_die_02.ogg",1,1,97,103,1,5,,,,,,,,,,
"sound_summon_own_big","sfx/summon_own_07.ogg",80,80,97,102,1,2,,,,,1000,1000,,,,
"sound_summon_enemy_big","sfx/enemy_summon_01.ogg",55,55,97,103,1,2,,,,,3000,3200,,,,
"sound_summon_enemy_big_die","sfx/kill_enemy_big_summon_02.ogg",55,55,97,103,1,2,,,,,2000,2500,,,,
"sound_summon_own_big_die","sfx/own_summon_die_03.ogg",55,55,97,103,1,2,,,,,2000,2500,,,,
"sound_bomber_deploy","sfx/deploy_skeleton_01.ogg",70,70,100,100,1,2,,,,,,,,,,
"sound_bomber_deploy_end","sfx/skeleton_deploy_end_01.ogg",70,70,100,100,1,2,,,,,1000,1000,,,,
"sound_bomber_steps","sfx/bomb_skeleton_01v3.ogg",25,35,95,105,3,2,,,,,,,,,,
"sound_bomber_attack",,,,,,,,,,,,,,,,,
"sound_bomber_attack_start","sfx/bomb_skeleton_atk_04.ogg",75,80,97,103,1,1,,,,,,,,,,
"sound_bomber_die",,,,,,,,,,,,,,,,,
"sound_BombTower_projectile_hit","sfx/skeleton_bomb_explo_01.ogg",65,70,95,105,1,1,,,,,,,,,,
"sound_goblin_barrel_explosion","sfx/barrel_explosion_02.ogg",65,70,95,105,1,1,,,,,,,,,,
"sound_goblin_barrel_spawn","sfx/barrel_drawback_14.ogg",70,70,100,100,1,2,,,,,,,,,,
"sound_rocket_explosion","sfx/rocket_hit_01v2.ogg",75,75,96,104,1,2,,,,,,,,,,
"sound_rocket_spawn","sfx/rocket_launch_02v2.ogg",75,75,96,104,1,2,,,,,,,,,,
"sound_dragon_attack_start","sfx/tinymite_attack_04.ogg",1,1,96,104,1,3,,,,,,,,,,
"chat_donate","sfx/donate_01.ogg",40,40,100,100,1,3,,,,,,,,,,
"chat_new_msg","sfx/scroll_chat_01.ogg",20,20,100,100,1,5,,,,,,,,,,
"sound_openChest_wood","sfx/wooden_chest_open_01.ogg",80,80,100,100,1,5,,,,,,,,,,
"sound_openChest_iron","sfx/iron_chest_open_01.ogg",80,80,100,100,1,5,,,,,,,,,,
"sound_openChest_gold","sfx/gold_chest_open_01.ogg",80,80,100,100,1,5,,,,,,,,,,
"sound_openChest_magical","sfx/magic_chest_open_01.ogg",80,80,100,100,1,5,,,,,,,,,,
"sound_openChest_star","sfx/star_chest_open_01.ogg",80,80,100,100,1,5,,,,,,,,,,
"sound_openChest_bigmagical","sfx/huge_magical_land_01.ogg",90,90,100,100,1,5,,,,,,,,,,
"sound_openChest_giant","sfx/hugewooden_land_open_01.ogg",90,90,100,100,1,5,,,,,,,,,,
"sound_openChest_champion","sfx/champions_chest_land_open_01.ogg",90,90,100,100,1,5,,,,,,,,,,
"sound_openChest_lightning","sfx/electro_chest_01.ogg",90,90,100,100,1,5,,,,,,,,,,
"sound_openChest_fortune","sfx/fortune_chest_01.ogg",90,90,100,100,1,5,,,,,,,,,,
"sound_openChest_fortune_boost","sfx/fortune_chest_01.ogg",90,90,100,100,1,5,,,,,,,,,,
"sound_openChest_kings","sfx/kings_chest_01.ogg",90,90,100,100,1,5,,,,,,,,,,
"sound_openChest_legend_kings","sfx/kings_chest_01.ogg",90,90,100,100,1,5,,,,,,,,,,
"sound_openChest_ranked","sfx/getranked_01.ogg",90,90,100,100,1,5,,,,,,,,,,
"sound_openChest_unranked","sfx/getunranked_01.ogg",100,100,100,100,1,5,,,,,,,,,,
"sound_openChest_win","sfx/iron_chest_open_01.ogg",80,80,100,100,1,5,,,,,,,,,,
"sound_openChest_lose","sfx/iron_chest_open_01.ogg",80,80,100,100,1,5,,,,,,,,,,
"sound_openChest_get_gold","sfx/get_card_gold_01.ogg",60,60,100,100,1,5,,,,,,,,,,
"sound_openChest_get_gem","sfx/get_card_gems_01.ogg",80,80,100,100,1,5,,,,,,,,,,
"sound_openChest_get_common","sfx/get_card_comon_01.ogg",65,65,100,100,1,5,,,,,,,,,,
"sound_openChest_get_rare","sfx/get_card_rare_01.ogg",75,75,100,100,1,5,,,,,,,,,,
"sound_openChest_get_epic","sfx/get_epic_rare_01.ogg",100,100,100,100,1,5,,,,,,,,,,
"sound_openChest_get_legendary","sfx/new_leg_reveal_01.ogg",100,100,100,100,1,5,,,,,,,,,,
"sound_openChest_get_fortune","sfx/fortune_card_reveal_01.ogg",80,80,100,100,1,3,,,,,,,,,,
"sound_openChest_loop_gold","sfx/chest_loop_02.ogg",60,60,100,100,1,1,,"TRUE",,,,,,,,
"sound_openChest_loop_gem","sfx/chest_loop_02.ogg",60,60,100,100,1,1,,"TRUE",,,,,,,,
"sound_openChest_loop_common",,60,60,100,100,1,1,,"TRUE",,,,,,,,
"sound_openChest_loop_rare",,60,60,100,100,1,1,,"TRUE",,,,,,,,
"sound_openChest_loop_epic",,60,60,100,100,1,1,,"TRUE",,,,,,,,
"sound_musketeer_deploy","sfx/musketeer_deploy_01.ogg",70,70,100,100,1,3,,,,,,,,,,
"sound_musketeer_deploy_end","sfx/musketeer_reload_01.ogg",60,60,97,103,1,3,,,,,1200,1200,,,,
"sound_musketeer_steps","sfx/knight_footstep_01.ogg",30,45,120,125,2,2,,,,,,,,,,
,"sfx/knight_footstep_02.ogg",30,45,120,125,2,2,,,,,,,,,,
,"sfx/knight_footstep_03.ogg",30,45,120,125,2,2,,,,,,,,,,
,"sfx/knight_footstep_04.ogg",30,45,120,125,2,2,,,,,,,,,,
"sound_musketeer_attack","sfx/musket_fire_02.ogg",65,75,94,106,2,4,,,,,,,,,,
"sound_musketeer_attack_start",,,,,,,,,,,,,,,,,
"sound_musketeer_hit","sfx/musket_impact_01.ogg",40,50,96,104,2,3,,,,,,,,,,
"sound_musketeer_die",,,,,,,,,,,,,,,,,
"sound_upgradeCard_start","sfx/upgrade_card_01.ogg",80,80,100,100,1,5,,,,,,,,,,
"sound_upgradeCard_ready","sfx/card_upgrade_hit_01.ogg",60,60,100,100,1,5,,,,,,,,,,
"sound_upgradeCard_stat_appear","sfx/card_upgrade_stat_05.ogg",60,60,100,100,1,3,,,,,,,,,,
"sound_upgradeCard_stat_change","sfx/card_upgrade_counter_01.ogg",25,25,100,100,1,20,20,,,,,,,,,
"sound_shop_new_spell","sfx/new_cards_01.ogg",70,70,100,100,1,10,,,,,,,,,,
"sound_freeze_deploy","sfx/freeze_04.ogg",65,65,98,102,1,2,,,,,,,,,,
"sound_tesla_deploy","sfx/building_place_01.ogg",80,80,98,102,1,2,,,,,,,,,,
"sound_tesla_up","sfx/tesla_open_02.ogg",80,80,98,102,1,3,,,,,,,,,,
"sound_tesla_down","sfx/tesla_close_02.ogg",70,70,98,102,1,3,,,,,,,,,,
"sound_tesla_attack","sfx/tesla_zap_01.ogg",40,40,96,103,1,5,,,,,,,,,,
"sound_tesla_hit","sfx/dummy_01.ogg",1,1,95,105,1,2,,,,,,,,,,
"sound_chr_wizard_deploy","sfx/deploy_wizard_01.ogg",70,70,100,100,1,1,,,,,,,,,,
"sound_chr_wizard_deploy_end","sfx/dummy_01.ogg",1,1,100,100,2,1,,,,,1000,1000,,,,
,"sfx/wiz_deploy_vo_01.ogg",55,55,99,101,1,1,5000,,,,,,,,,
,"sfx/wiz_deploy_vo_02.ogg",55,55,99,101,1,1,5000,,,,1000,1000,,,,
"sound_chr_wizard_steps","sfx/wiz_steps_01v2.ogg",10,15,92,106,2,3,,,,,,,,,,
"sound_chr_wizard_attack_start","sfx/wiz_fireball_01v9.ogg",60,60,98,102,1,3,,,,,,,,,,
"sound_chr_wizard_attack_vo","sfx/wiz_atk_vo_01.ogg",50,50,99,101,1,1,7000,,,,550,550,,,,
,"sfx/wiz_atk_vo_02.ogg",50,60,99,101,1,1,7000,,,,550,550,,,,
,"sfx/wiz_atk_vo_03.ogg",50,60,99,101,1,1,7000,,,,550,550,,,,
,"sfx/wiz_atk_vo_04.ogg",50,60,99,101,1,1,7000,,,,550,550,,,,
"sound_chr_wizard_projectile_hit","sfx/fireball_hit_01.ogg",50,50,95,105,1,3,,,,,,,,,,
"sound_chr_wizard_hit","sfx/dummy_01.ogg",1,1,100,100,1,1,,,,,,,,,,
"sound_chr_wizard_die","sfx/dummy_01.ogg",1,1,100,100,1,1,,,,,5000,6000,,,,3000
"sound_card_fly_in","sfx/card_fly_in_06.ogg",40,40,100,100,2,4,,,,,,,,,,
"sound_prince_deploy","sfx/prince_deploy_01.ogg",65,65,100,100,1,3,,,,,,,,,,
"sound_prince_deploy_end","sfx/horse_blow_01.ogg",65,65,100,100,1,3,,,,,1000,1000,,,,
"sound_prince_steps","sfx/horse_gallop_01.ogg",40,45,97,102,2,2,,,,,,,,,,
,"sfx/horse_gallop_02.ogg",40,45,97,102,2,2,,,,,,,,,,
"sound_prince_charge","sfx/rider_charge_03.ogg",70,70,100,100,1,2,,,,,,,,,,
"sound_prince_charge_hit","sfx/prince_charge_hit_01.ogg",80,80,100,100,1,3,,,,,,,,,,
"sound_prince_attack_start","sfx/prince_use_04.ogg",65,65,99,101,1,2,,,,,220,220,,,,
,"sfx/prince_use_02.ogg",65,65,99,101,1,2,,,,,220,220,,,,
,"sfx/prince_use_09.ogg",65,65,99,101,1,2,,,,,220,220,,,,
,"sfx/prince_use_10.ogg",65,65,99,101,1,2,,,,,220,220,,,,
"sound_prince_hit","sfx/prince_hit_01.ogg",70,75,95,105,1,2,,,,,,,,,,
"sound_spear_goblin_deploy","sfx/spear_gob_dep_01v2.ogg",45,45,96,104,1,2,,,,,,,,,,
"sound_spear_goblin_steps","sfx/spear_gob_step_01.ogg",10,15,94,106,2,1,80,,,,,,,,,
"sound_spear_goblin_attack_start","sfx/spear_gob_atk_swish_01.ogg",55,55,98,108,1,2,,,,,550,550,,,,
"sound_spear_goblin_attack","sfx/spear_gob_atk_01.ogg",33,33,96,104,1,2,,,,,,,,,,
,"sfx/spear_gob_atk_02.ogg",33,33,96,104,1,2,,,,,,,,,,
,"sfx/spear_gob_atk_03.ogg",33,33,96,104,1,2,,,,,,,,,,
"sound_spear_goblin_die",,,,,,,,,,,,,,,,,
"sound_spear_goblin_projectile_hit","sfx/spear_gob_atk_hit_01.ogg",20,20,95,105,2,4,,,,,,,,,,
"sound_giant_skeleton_deploy","sfx/big_skeleton_summon_01.ogg",90,90,100,100,1,3,,,,,,,,,,
"sound_king_skeleton_deploy","sfx/skele_king_deploy_01.ogg",90,90,100,100,1,3,,,,,,,,,,
"sound_giant_skeleton_steps","sfx/big_skeleton_walk_05.ogg",45,55,92,106,1,4,,,,,,,,,,
"sound_giant_skeleton_attack_start","sfx/skeleton_arm_swing_02.ogg",60,60,96,104,1,3,,,,,200,200,,,,
"sound_giant_skeleton_hit","sfx/big_skeleton_hit_01.ogg",80,80,96,104,1,3,,,,,,,,,,
"sound_giant_skeleton_die",,,,,,,,,,,,,,,,,
"sound_minipekka_deploy","sfx/minipekka_deploy_01.ogg",80,80,98,102,1,3,,,,,,,,,,
"sound_minipekka_deploy_end","sfx/mini_pekka_deploy_end_06.ogg",65,65,100,100,1,3,,,,,1100,1100,,,,
"sound_minipekka_steps","sfx/minipekka_step_03.ogg",40,45,96,104,1,3,,,,,,,,,,
"sound_minipekka_attack_start","sfx/mini_pekka_atk_12.ogg",60,60,97,103,1,3,,,,,100,100,,,,
"sound_minipekka_hit","sfx/mini_pekka_hit_03.ogg",60,70,95,105,1,3,,,,,,,,,,
"sound_minipekka_die","sfx/npc_die_02.ogg",1,1,97,103,1,5,,,,,,,,,,
"sound_superminipekka_deploy_end","sfx/evil_pancakes_dep_01.ogg",80,80,100,100,1,3,,,,,1100,1100,,,,
"sound_superminipekka_deploy","sfx/superminipekka_dep_01.ogg",80,80,98,102,1,3,,,,,,,,,,
"sound_superminipekka_attack_start","sfx/superminipekka_atk_01.ogg",75,75,97,103,1,3,,,,,100,100,,,,
"sound_hog_rider_deploy","sfx/hogrider_deploy_01.ogg",80,80,100,100,1,2,,,,,,,,,,
"sound_hog_rider_deploy_end","sfx/dummy_01.ogg",1,1,100,100,1,1,9000,,,,1000,1000,,,,
,"sfx/hogrider_deploy_end_01.ogg",50,50,100,100,1,1,9000,,,,750,750,,,,
,"sfx/dummy_01.ogg",1,1,100,100,1,1,9000,,,,1000,1000,,,,
"sound_hog_rider_steps","sfx/hogrider_step_01.ogg",60,75,97,103,1,3,,,,,,,,,,
"sound_hog_rider_attack_start","sfx/hogrider_atk_01.ogg",50,55,98,105,1,3,,,,,250,250,,,,
"sound_hog_rider_hit","sfx/hogrider_atk_03.ogg",50,55,98,105,1,3,,,,,,,,,,
"sound_hog_rider_die","sfx/npc_die_02.ogg",1,1,97,103,1,5,,,,,,,,,,
"sound_hog_rider_landing","sfx/boulder_impact_01.ogg",70,70,98,102,1,1,,,,,,,,,,
"sound_baby_dragon_deploy","sfx/babydragon_deploy_01.ogg",80,80,98,102,1,3,,,,,,,,,,
"sound_baby_dragon_deploy_end","sfx/baby_dragon_deploy_end_11.ogg",75,75,98,102,2,1,,,,,1100,1100,,,,
"sound_baby_dragon_steps","sfx/babydragon_wing_01.ogg",30,40,95,105,2,4,300,,,,100,100,,,,
"sound_baby_dragon_attack_start","sfx/baby_dragon_fireball_08.ogg",65,70,98,102,1,3,,,,,150,150,,,,
"sound_baby_dragon_die",,,,,,,,,,,,,,,,,
"sound_dragon_projectile_hit","sfx/sound_fireball_hit_01.ogg",55,65,93,106,2,4,,,,,,,,,,
"tap_mega_chest","sfx/huge_magical_chest_tap_01.ogg",80,80,100,100,1,2,,,,,,,,,,
"tap_giant_chest","sfx/hugewooden_land_01.ogg",80,80,100,100,1,2,,,,,,,,,,
"tap_magic_chest","sfx/magic_chest_land_01.ogg",70,70,100,100,1,2,,,,,,,,,,
"tap_wooden_chest","sfx/wooden_chest_land_01.ogg",70,70,100,100,1,2,,,,,,,,,,
"tap_iron_chest","sfx/iron_chest_land_01.ogg",70,70,100,100,1,2,,,,,,,,,,
"tap_gold_chest","sfx/golden_chest_land_01.ogg",70,70,100,100,1,2,,,,,,,,,,
"tap_champions_chest","sfx/champions_chest_tap_01.ogg",75,75,100,100,1,2,,,,,,,,,,
"sound_king_player_activate","sfx/king_activate_01.ogg",100,100,100,100,1,3,,,,,1800,1800,,,,
"sound_king_player_die",,,,,,,,,,,,,,,,,
"sound_king_enemy_activate","sfx/king_activate_01.ogg",100,100,100,100,1,3,,,,,1800,1800,,,,
"sound_king_angry","sfx/king_tower_gone_01.ogg",100,100,100,100,1,3,1500,,,,,,,,,
,"sfx/king_tower_gone_02.ogg",100,100,100,100,1,3,1500,,,,,,,,,
,"sfx/king_tower_gone_03.ogg",100,100,100,100,1,3,1500,,,,,,,,,
,"sfx/king_tower_gone_04.ogg",100,100,100,100,1,3,1500,,,,,,,,,
,"sfx/king_tower_gone_05.ogg",100,100,100,100,1,3,1500,,,,,,,,,
,"sfx/king_tower_gone_06.ogg",100,100,100,100,1,3,1500,,,,,,,,,
,"sfx/king_tower_gone_07.ogg",100,100,100,100,1,3,1500,,,,,,,,,
"sound_king_happy_tower","sfx/king_happy_01.ogg",100,100,100,100,1,3,1500,,,,,,,,,
,"sfx/king_happy_02.ogg",100,100,100,100,1,3,1500,,,,,,,,,
,"sfx/king_happy_03.ogg",100,100,100,100,1,3,1500,,,,,,,,,
,"sfx/king_happy_04.ogg",100,100,100,100,1,3,1500,,,,,,,,,
"sound_king_enemy_die",,,,,,,,,,,,,,,,,
"sound_king_attack","sfx/king_fire_06.ogg",70,75,96,106,1,4,,,,,,,,,,
"Achievement Unlock","sfx/achievement_unlock_01.ogg",60,60,100,100,1,2,,,,,,,,,,
"Claim Achievement","sfx/claim_achievement_01.ogg",60,60,100,100,1,2,,,,,,,,,,
"First_Crown","sfx/1st_crown_01.ogg",60,60,100,100,,2,,,,,,,,,,
"Second_Crown","sfx/2nd_crown_01.ogg",65,65,100,100,,2,,,,,,,,,,
"Third_Crown","sfx/3rd_crown_01.ogg",70,70,100,100,,2,,,,,,,,,,
"sound_chest_fly","sfx/chest_fly_01.ogg",60,60,100,100,1,2,,,,,250,250,,,,
"Tut_jing_start","sfx/tut_jing_01.ogg",90,90,100,100,1,1,,,,,,,,,,
"Tut_jing_time_1","sfx/tut_jing_02.ogg",70,70,100,100,1,1,,,,,,,,,,
"Tut_jing_time_2","sfx/tut_jing_02.ogg",80,80,119,119,1,1,,,,,,,,,,
"Tut_count_01","sfx/tut_count_01.ogg",40,40,100,100,1,4,,,,,,,,,,
"Names_whoosh_out","sfx/tex_whoosh_02.ogg",60,60,100,100,1,4,,,,,50,50,,,,
"Names_whoosh_in","sfx/text_whoosh_in_03.ogg",90,90,100,100,1,4,,,,,200,200,,,,
"sound_spell_zap","sfx/zap_02.ogg",80,80,95,105,1,3,,,,,,,,,,
"sound_board_slide_in","sfx/board_slide_in_01.ogg",55,55,92,92,1,2,,,,,,,,,,
"sound_tombstone_deploy","sfx/tombstone_deploy_01.ogg",60,60,100,100,1,3,,,,,,,,,,
"sound_tombstone_die","sfx/boulder_impact_01.ogg",80,90,95,105,1,2,,,,,,,,,,
"sound_supercell_jingle","sfx/supercell_jingle.ogg",80,80,100,100,1,3,,,,,,,,,,
"sound_tutorial_first_vo","sfx/king_tut_first_vo_01.ogg",90,90,100,100,1,3,,,,,300,300,,,,
"sound_tutorial_second_vo","sfx/king_tut_second_vo_01.ogg",80,80,100,100,1,3,,,,,3200,3200,,,,
"sound_tutorial_first_plink","sfx/dummy_01.ogg",1,1,100,100,1,1,,,,,,,,,,
"sound_tutorial_second_plink","sfx/tutorial_plink_02v2.ogg",65,65,100,100,1,3,,,,,,,,,,
"sound_text_bubble_appear","sfx/speech_bubble_tut_03.ogg",40,40,95,105,1,3,,,,,,,,,,
"sound_press_battle_button","sfx/press_arena_01.ogg",80,80,100,100,1,3,,,,,,,,,,
"sound_tap_gems","sfx/tap_gems_02.ogg",60,60,100,100,1,5,,,,,,,,,,
"sound_tap_coins","sfx/tap_coins_01.ogg",42,42,100,100,1,3,,,,,,,,,,
"sound_buy_card_common","sfx/buy_common_card_01.ogg",80,80,100,100,1,5,,,,,,,,,,
"sound_buy_card_rare","sfx/buy_rare_card_01.ogg",80,80,100,100,1,5,,,,,,,,,,
"sound_buy_card_epic","sfx/buy_epic_card_02.ogg",80,80,100,100,1,5,,,,,,,,,,
"sound_buy_card_legendary","sfx/buy_legnedary_card_01.ogg",90,90,100,100,1,5,,,,,,,,,,
"sound_bomb_tower_die","sfx/building_explode_01.ogg",80,80,95,105,1,3,,,,,,,,,,
"sound_purchase_gems","sfx/buy_gems_02.ogg",60,60,100,100,1,3,,,,,,,,,,
"sound_king_level_up","sfx/king_level_up_01.ogg",95,95,100,100,1,2,,,,,,,,,,
"sound_king_happy","sfx/king_laughter_01.ogg",70,70,98,102,1,2,,,,,,,,,,
,"sfx/king_laughter_02.ogg",70,70,98,102,1,2,,,,,,,,,,
,"sfx/king_laughter_03.ogg",70,70,98,102,1,2,,,,,,,,,,
,"sfx/king_laughter_04.ogg",70,70,98,102,1,2,,,,,,,,,,
"sound_king_crying","sfx/king_crying_01.ogg",70,70,98,102,1,2,,,,,,,,,,
,"sfx/king_crying_02.ogg",70,70,98,102,1,2,,,,,,,,,,
,"sfx/king_crying_03.ogg",70,70,98,102,1,2,,,,,,,,,,
,"sfx/king_crying_04.ogg",70,70,98,102,1,2,,,,,,,,,,
"sound_king_congratulate","sfx/king_congrats_01.ogg",70,70,98,102,1,2,,,,,,,,,,
,"sfx/king_congrats_02.ogg",70,70,98,102,1,2,,,,,,,,,,
,"sfx/king_congrats_03.ogg",70,70,98,102,1,2,,,,,,,,,,
,"sfx/king_congrats_04.ogg",70,70,98,102,1,2,,,,,,,,,,
"sound_king_mad","sfx/king_mad_01.ogg",70,70,98,102,1,2,,,,,,,,,,
,"sfx/king_mad_02.ogg",70,70,98,102,1,2,,,,,,,,,,
,"sfx/king_mad_03.ogg",70,70,98,102,1,2,,,,,,,,,,
,"sfx/king_mad_04.ogg",70,70,98,102,1,2,,,,,,,,,,
"sound_GiantSkeleton_bomb_deploy","sfx/bomb_drop_01.ogg",80,80,100,100,1,2,,,,,,,,,,
"sound_GiantSkeleton_bomb_die","sfx/explosion_01.ogg",80,80,97,103,1,3,,,,,,,,,,
"sound_Balloon_Bomb_deploy","sfx/bomb_drop_01.ogg",80,80,100,100,1,2,,,,,,,,,,
"sound_Balloon_Bomb_die","sfx/explosion_01.ogg",80,80,97,103,1,3,,,,,,,,,,
"sound_extra_time_jingle","sfx/extratime_jingle_02.ogg",100,100,100,100,1,3,,,,,,,,,,
"sound_get_crown_1","sfx/get_crown_03.ogg",60,60,100,100,1,3,,,,,,,,,,
"sound_get_crown_2","sfx/get_crown_03.ogg",60,60,112,112,1,3,,,,,,,,,,
"sound_get_crown_3","sfx/get_crown_03.ogg",60,60,126,126,1,3,,,,,,,,,,
"sound_crown_appear_1","sfx/crown_appear_03.ogg",70,70,100,100,1,3,,,,,,,,,,
"sound_crown_appear_2","sfx/crown_appear_03.ogg",70,70,112,112,1,3,,,,,,,,,,
"sound_crown_appear_3","sfx/crown_appear_03.ogg",70,70,126,126,1,3,,,,,,,,,,
"sound_lightning_1","sfx/lightning_02.ogg",75,75,99,101,1,3,,,,,,,,,,
"sound_poison_spell","sfx/poison_spell_01.ogg",80,80,98,102,1,3,,,,,,,,,,
"sound_get_xp","sfx/get_xp_01.ogg",60,60,100,100,1,3,,,,,,,,,,
"sound_ice_wizard_deploy","sfx/ice_wiz_deploy_01.ogg",80,80,100,100,1,1,,,,,,,,,,
"sound_ice_wizard_deploy_vo","sfx/ice_wiz_dep_01.ogg",60,60,98,102,1,1,3000,,,,800,800,,,,
,"sfx/ice_wiz_dep_04.ogg",60,60,98,102,1,1,3000,,,,100,800,,,,
,"sfx/ice_wiz_land_01.ogg",60,60,98,102,1,1,3000,,,,300,300,,,,
,"sfx/ice_wiz_land_01.ogg",60,60,98,102,1,1,3000,,,,300,300,,,,
"sound_ice_wizard_steps","sfx/ice_wiz_footstep_01.ogg",10,15,92,108,1,3,,,,,,,,,,
"sound_ice_wizard_attack_start","sfx/icemage_attack_03.ogg",60,60,99,101,1,4,,,,,,,,,,
"sound_ice_wizard_attack_vo","sfx/ice_wiz_atk_01.ogg",60,60,98,102,1,1,5000,,,,800,800,,,,
,"sfx/ice_wiz_atk_02.ogg",60,60,98,102,1,1,5000,,,,800,800,,,,
,"sfx/ice_wiz_atk_03.ogg",60,60,98,102,1,1,5000,,,,800,800,,,,
,"sfx/ice_wiz_atk_05.ogg",60,60,98,102,1,1,5000,,,,400,400,,,,
,"sfx/ice_wiz_atk_07.ogg",60,60,98,102,1,1,5000,,,,400,400,,,,
,"sfx/ice_wiz_atk_08.ogg",60,60,98,102,1,1,5000,,,,800,800,,,,
"sound_ice_wizard_projectile_hit","sfx/ice_mage_impact_02.ogg",55,55,95,105,1,4,,,,,,,,,,
"sound_ice_wizard_die","sfx/dummy_01.ogg",1,1,98,102,1,1,,,,,5000,6000,,,,3000
"sound_xbow_fire_1","sfx/xbow_fire_01.ogg",30,35,97,103,1,5,,,,,,,,,,
"sound_xbow_deploy","sfx/xbow_place_02.ogg",80,80,98,102,1,3,,,,,,,,,,
"sound_openChest_loop_legendary",,40,40,100,100,1,1,,"TRUE",,,,,,,,
"sound_chest_hit_slot","sfx/chest_land_02.ogg",40,40,100,100,1,6,,,,,,,,,,
"sound_royal_giant_deploy","sfx/royal_giant_deploy_01.ogg",100,100,100,100,1,2,,,,,,,,,,
"sound_royal_giant_deploy_enemy",,,,,,,,,,,,,,,,,
"sound_royal_giant_steps","sfx/demon_step_01.ogg",40,60,95,105,1,2,,,,,,,,,,
"sound_royal_giant_attack_start","sfx/royalgiant_fire_03.ogg",95,95,99,101,1,3,,,,,,,,,,
,"sfx/royalgiant_fire_02.ogg",95,95,99,101,1,3,,,,,,,,,,
,"sfx/royalgiant_fire_01.ogg",95,95,99,101,1,3,,,,,,,,,,
,"sfx/royalgiant_fire_04.ogg",95,95,99,101,1,3,,,,,,,,,,
,"sfx/royalgiant_fire_05.ogg",95,95,99,101,1,3,,,,,,,,,,
"sound_royal_giant_projectile_fx",,,,,,,,,,,,,,,,,
"sound_royal_giant_projectile_hit","sfx/royal_giant_projectile_hit_01.ogg",30,40,95,105,2,2,200,,,,,,,,,
"sound_royal_giant_die",,,,,,,,,,,,,,,,,
"sound_royal_giant_die_enemy",,,,,,,,,,,,,,,,,
"sound_princess_deploy","sfx/p_archer_dep_01.ogg",80,80,99,101,1,1,,,,,,,,,,
"sound_princess_deploy_vo","sfx/princess_archer_dep_vo_01.ogg",60,60,99,101,1,1,3000,,,,1000,1000,,,,
,"sfx/princess_archer_dep_vo_02.ogg",60,60,99,101,1,1,3000,,,,1000,1000,,,,
,"sfx/princess_archer_dep_vo_03.ogg",60,60,99,101,1,1,3000,,,,1000,1000,,,,
,"sfx/princess_archer_dep_vo_04.ogg",60,60,99,101,1,1,3000,,,,,,,,,
"sound_princess_steps","sfx/flamearch_step_01.ogg",15,15,94,106,1,2,,,,,,,,,,
"sound_princess_attack","sfx/p_flame_arrow_03.ogg",70,70,97,103,1,2,,,,,,,,,,
"sound_princess_atk_vo","sfx/princess_archer_atk_vo_06.ogg",50,50,98,102,1,1,8000,,,,150,150,,,,
,"sfx/dummy_01.ogg",1,1,100,100,2,1,,,,,,,,,,
,"sfx/princess_archer_atk_vo_03.ogg",50,50,98,102,1,1,8000,,,,150,150,,,,
,"sfx/dummy_01.ogg",1,1,100,100,2,1,,,,,,,,,,
"sound_princess_hit_vo","sfx/princess_archer_atk_vo_04.ogg",50,50,98,102,1,1,8000,,,,150,150,,,,
,"sfx/dummy_01.ogg",1,1,100,100,2,1,,,,,,,,,,
,"sfx/princess_archer_atk_vo_02.ogg",50,50,98,102,1,1,8000,,,,150,150,,,,
,"sfx/dummy_01.ogg",1,1,100,100,2,1,,,,,,,,,,
"sound_princess_attack_start","sfx/target_01.ogg",1,1,97,103,1,3,,,,,,,,,,
"sound_princess_die","sfx/npc_die_02.ogg",1,1,97,103,1,5,,,,,,,,,,
"sound_PrincessArrowHitGround","sfx/p_archer_hit_01.ogg",55,60,95,105,2,1,,,,,,,,,,
"sound_dark_prince_deploy","sfx/dark_prince_deploy_01.ogg",90,90,100,100,1,1,,,,,,,,,,
"sound_dark_prince_deploy_vo","sfx/b_knight_deploy_01.ogg",90,90,99,101,2,1,,,,,1000,1000,,,,
,"sfx/b_knight_deploy_02.ogg",90,90,99,101,2,1,,,,,1000,1000,,,,
,"sfx/b_knight_deploy_03.ogg",90,90,99,101,2,1,,,,,1000,1000,,,,
"sound_dark_prince_death","sfx/dark_prince_death_01.ogg",100,100,100,100,1,3,,,,,,,,,,
"sound_dark_prince_deploy_end",,,,,,,,,,,,,,,,,
"sound_dark_prince_steps","sfx/dark_prince_step_01.ogg",35,45,92,108,2,4,,,,,,,,,,
"sound_dark_prince_charge_jing","sfx/dark_prince_charge_jing_02.ogg",85,85,100,100,1,3,,,,,,,,,,
"sound_dark_prince_charge","sfx/b_knight_atk_charge_02.ogg",95,95,99,101,1,1,,,,,200,200,,,,
,"sfx/b_knight_atk_charge_01.ogg",95,95,99,101,1,1,,,,,200,200,,,,
"sound_dark_prince_charge_hit","sfx/knighchargehit01.ogg",90,90,98,102,1,3,,,,,,,,,,
"sound_dark_prince_attack_start","sfx/dark_prince_atk_01.ogg",80,80,98,102,1,3,,,,,200,200,,,,
"sound_dark_prince_attack_start_vo","sfx/b_knight_atk_04.ogg",85,85,98,102,1,3,2000,,,,150,150,,,,
,"sfx/b_knight_atk_01.ogg",85,85,98,102,1,3,2000,,,,150,150,,,,
,"sfx/b_knight_atk_03.ogg",85,80,98,102,1,3,2000,,,,150,150,,,,
,"sfx/b_knight_atk_02.ogg",85,85,98,102,1,3,2000,,,,150,150,,,,
"sound_dark_prince_hit","sfx/dark_prince_atk_hit_01.ogg",80,80,97,103,1,3,,,,,,,,,,
"sound_GuardShieldDown","sfx/dark_prince_shield_01.ogg",100,100,100,100,1,3,,,,,,,,,,
"sound_GuardShieldDown_vo","sfx/dark_prince_shield_lost_01.ogg",90,90,98,102,1,3,,,,,,,,,,
"sound_miner_deploy","sfx/miner_dig_down_01.ogg",85,85,100,100,1,1,,,,,,,,,,
"sound_miner_deploy_up","sfx/miner_dig_up_01.ogg",85,85,100,100,1,1,,,,,,,,,,
"sound_miner_deploy_vo","sfx/miner_up_vo_01.ogg",65,70,97,103,1,3,,,,,200,1100,,,,
"sound_miner_steps","sfx/miner_footstep_01.ogg",15,25,94,106,2,2,300,,,,,,,,,
"sound_miner_attack_start","sfx/miner_atk_01.ogg",55,60,98,102,1,3,,,,,200,200,,,,
"sound_miner_attack_start_vo","sfx/miner_atk_vo_01.ogg",40,50,96,104,1,2,,,,,,,,,,
,"sfx/dummy_01.ogg",1,1,100,100,2,1,,,,,,,,,,
"sound_miner_hit","sfx/miner_hit_01.ogg",40,50,95,105,1,3,200,,,,,,,,,
"sound_miner_die",,,,,,,,,,,,,,,,,
"sound_miner_travel_effect","sfx/miner_dig_loop_01.ogg",90,90,100,100,1,1,,"TRUE",,,,,,,,
"sound_skeleton_warrior_deploy","sfx/skele_warrior_dep_02.ogg",70,70,98,102,1,3,,,,,,,,,,
"sound_skeleton_warrior_steps","sfx/skele_warrior_step_02.ogg",20,25,94,106,2,2,300,,,,,,,,,
"sound_skeleton_warrior_attack_start","sfx/shield_skele_atk_02.ogg",45,55,95,105,1,3,200,,,,265,265,,,,
"sound_skeleton_warrior_hit",,,,,,,,,,,,,,,,,
"sound_skeleton_warrior_die",,,,,,,,,,,,,,,,,
"sound_skeleton_warrior_lose_shield","sfx/shield_skele_lost_02.ogg",75,80,95,105,1,2,200,,,,,,,,,
"sound_firespirit_attack","sfx/fire_spirit_attack_01.ogg",50,55,94,106,1,1,200,,,,,,,,,
"sound_firespirit_die",,,,,,,,,,,,,,,,,
"sound_firespirit_steps_sfx","sfx/fire_spirit_step_sfx_01.ogg",25,30,94,106,1,2,300,,,,,,,,,
"sound_firespirit_steps","sfx/fire_spirit_step_vo_01.ogg",25,35,94,106,1,1,500,,,,,,,,,
,"sfx/dummy_01.ogg",1,1,100,100,2,1,,,,,,,,,,
,"sfx/fire_spirit_step_vo_02.ogg",25,35,94,106,1,1,500,,,,,,,,,
,"sfx/dummy_01.ogg",1,1,100,100,2,1,,,,,,,,,,
,"sfx/fire_spirit_step_vo_03.ogg",20,30,94,106,1,1,500,,,,,,,,,
"sound_firespirit_deploy","sfx/fire_spirit_deploy_01.ogg",50,60,96,104,1,3,,,,,,,,,,
,"sfx/fire_spirit_deploy_02.ogg",50,60,96,104,1,3,,,,,,,,,,
,"sfx/fire_spirit_deploy_02.ogg",50,60,96,104,1,3,,,,,,,,,,
"sound_firespirit_projectile_hit","sfx/sound_fireball_hit_01.ogg",45,55,70,80,2,4,,,,,,,,,,
"sound_firespirit_building_spawn","sfx/fire_hut_place_01.ogg",80,80,98,102,1,2,,,,,,,,,,
"sound_lava_hound_deploy","sfx/lava_hound_deploy_01.ogg",85,85,97,103,1,3,,,,,,,,,,
"sound_lava_hound_deploy_end","sfx/deploy_lava_hound_02.ogg",85,85,95,105,1,3,,,,,1100,1100,,,,
"sound_lava_hound_steps","sfx/lava_hound_wing_01.ogg",35,45,95,105,2,4,300,,,,100,100,,,,
"sound_lava_hound_start","sfx/laval_hound_atk_02.ogg",45,55,95,105,1,2,,,,,150,150,,,,
,"sfx/laval_hound_atk_03.ogg",45,55,95,105,1,2,,,,,150,,,,,
"sound_lava_hound_die",,,,,,,,,,,,,,,,,
"sound_lava_hound_projectile_hit","sfx/sound_fireball_hit_01.ogg",30,40,80,90,2,4,,,,,,,,,,
"sound_lava_pups_deploy","sfx/lava_pups_appear_01.ogg",90,90,98,102,1,1,200,,,,,,,,,
"sound_lava_pups_deploy_end","sfx/lava_hound_deploy_01.ogg",1,1,98,102,1,3,,,,,1100,1100,,,,
"sound_lava_pups_steps","sfx/lava_pup_wing_01.ogg",35,45,95,105,2,4,300,,,,100,100,,,,
"sound_lava_pups_start","sfx/lava_pup_atk_01.ogg",30,40,90,110,1,3,300,,,,150,150,,,,
"sound_lava_pups_die",,,,,,,,,,,,,,,,,
"sound_lava_pups_projectile_hit","sfx/sound_fireball_hit_01.ogg",20,30,120,130,2,4,,,,,,,,,,
"sound_spectate_cheer_self_red","sfx/royale_horn_01.ogg",60,60,95,105,2,1,,,,,,,,,,
,"sfx/royale_horn_02.ogg",60,60,95,105,2,1,,,,,,,,,,
,"sfx/royale_horn_03.ogg",60,60,95,105,2,1,,,,,,,,,,
"sound_spectate_cheer_self_blue","sfx/royale_horn_01.ogg",60,60,95,105,2,1,,,,,,,,,,
,"sfx/royale_horn_02.ogg",60,60,95,105,2,1,,,,,,,,,,
,"sfx/royale_horn_03.ogg",60,60,95,105,2,1,,,,,,,,,,
"sound_spectate_cheer_others_red","sfx/royale_horn_01.ogg",60,60,95,105,2,1,,,,,,,,,,
,"sfx/royale_horn_02.ogg",60,60,95,105,2,1,,,,,,,,,,
,"sfx/royale_horn_03.ogg",60,60,95,105,2,1,,,,,,,,,,
"sound_spectate_cheer_others_blue","sfx/royale_horn_01.ogg",60,60,95,105,2,1,,,,,,,,,,
,"sfx/royale_horn_02.ogg",60,60,95,105,2,1,,,,,,,,,,
,"sfx/royale_horn_03.ogg",60,60,95,105,2,1,,,,,,,,,,
"sound_zapmachine_deploy","sfx/zappy_drop_01.ogg",80,80,100,100,1,2,,,,,,,,,,
"sound_zapmachine_deploy_end",,,,,,,,,,,,,,,,,
"sound_zapmachine_deploy_enemy","sfx/zappy_drop_01.ogg",80,80,100,100,1,2,,,,,,,,,,
"sound_zapmachine_deploy_end_enemy",,,,,,,,,,,,,,,,,
"sound_zapmachine_steps","sfx/zap_machine_run_loop_04.ogg",38,38,100,100,2,6,,,,,,,,,,
"sound_zapmachine_load_weapon","sfx/laser_loop_02.ogg",25,25,140,140,2,1,,"TRUE",,,,,,,,
"sound_zapmachine_load_1","sfx/zap_machine_charge_06.ogg",55,55,100,100,3,1,,,,,,,,,,
"sound_zapmachine_load_2","sfx/zap_machine_charge_06.ogg",50,50,119,119,3,1,,,,,,,,,,
"sound_zapmachine_load_3","sfx/zap_machine_charge_06.ogg",50,50,141,141,3,1,,,,,,,,,,
"sound_zapmachine_attack","sfx/zappyshot_01.ogg",65,65,95,105,2,1,,,,,,,,,,
"sound_zapmachine_projectile_hit","sfx/zap_discarge_03.ogg",75,75,95,105,2,1,,,,,,,,,,
"sound_zapmachine_die","sfx/building_destroyed_05.ogg",60,60,95,105,2,3,,,,,,,,,,
"sound_zapmachine_die_enemy",,,,,,,,,,,,,,,,,
"sound_bowler_deploy","sfx/bowler_deploy_vo_01.ogg",85,85,98,102,1,2,,,,,,,,,,
"sound_bowler_steps","sfx/bowler_step_01v2.ogg",40,60,95,105,1,3,,,,,,,,,,
"sound_bowler_steps_vo","sfx/blu_walk_01.ogg",65,75,98,102,1,1,3000,,,,,,,,,
,"sfx/dummy_01.ogg",1,1,100,100,2,1,2000,,,,,,,,,
,"sfx/blu_walk_03.ogg",65,75,98,102,1,1,3000,,,,,,,,,
,"sfx/dummy_01.ogg",1,1,100,100,2,1,2000,,,,,,,,,
"sound_bowler_attack_start","sfx/bowl_atk_01.ogg",85,85,96,103,1,3,,,,,,,,,,
,"sfx/bowl_atk_02.ogg",85,85,96,103,1,3,,,,,350,350,,,,
,"sfx/bowl_atk_05.ogg",75,75,92,98,1,3,,,,,,,,,,
,"sfx/bowl_atk_03.ogg",85,85,96,103,1,3,,,,,350,350,,,,
,"sfx/bowl_atk_05.ogg",75,75,92,98,1,3,,,,,,,,,,
,"sfx/bowl_atk_04.ogg",85,85,96,103,1,3,,,,,350,350,,,,
"sound_bowler_hit","sfx/boulder_impact_01.ogg",70,70,95,105,1,2,200,,,,,,,,,
"sound_bowler_die",,,,,,,,,,,,,,,,,
"sound_log_deploy","sfx/logroll01.ogg",100,100,100,100,1,2,,,,,,,,,,
"sound_log_hit","sfx/log_impact_01.ogg",50,60,90,110,1,2,100,,,,,,,,,
"sound_log_roll",,,,,,,,,"TRUE",,,,,,,,
"sound_log_vocal","sfx/log_vocal_01.ogg",90,90,100,100,1,1,8000,,,,,,,,,
"sound_icespirit_deploy","sfx/ice_sp_deploy_02.ogg",50,60,96,104,1,3,,,,,,,,,,
,"sfx/ice_sp_deploy_01.ogg",50,60,96,104,1,3,,,,,,,,,,
"sound_icespirit_steps_sfx","sfx/fire_spirit_step_sfx_01.ogg",25,30,94,106,1,2,300,,,,,,,,,
"sound_icespirit_steps","sfx/fire_spirit_step_vo_01.ogg",25,35,94,106,1,1,500,,,,,,,,,
,"sfx/dummy_01.ogg",1,1,100,100,2,1,,,,,,,,,,
,"sfx/fire_spirit_step_vo_02.ogg",25,35,94,106,1,1,500,,,,,,,,,
,"sfx/dummy_01.ogg",1,1,100,100,2,1,,,,,,,,,,
,"sfx/fire_spirit_step_vo_03.ogg",20,30,94,106,1,1,500,,,,,,,,,
"sound_icespirit_attack","sfx/fire_spirit_attack_01.ogg",50,55,94,106,1,1,200,,,,,,,,,
"sound_icespirit_projectile_hit","sfx/ice_mage_impact_02.ogg",55,55,95,105,1,4,,,,,,,,,,
"sound_icespirit_die",,,,,,,,,,,,,,,,,
"Tournament_win","sfx/win_tour_01.ogg",90,90,100,100,1,1,,,,,,,,,,
"Tournament_loss","sfx/lose_tour_01.ogg",90,90,100,100,1,1,,,,,,,,,,
"sound_royal_minion_deploy","sfx/royal_min_dep_01.ogg",60,70,98,102,1,1,,,,,,,,,,
"sound_royal_minion_steps","sfx/royal_minion_wing_03.ogg",25,30,98,102,1,4,200,,,,150,150,,,,
"sound_royal_minion_attack_start","sfx/royal_min_atk_01.ogg",80,80,98,102,1,3,,,,,,,,,,
"sound_royal_minion_attack",,,,,,,,,,,,,,,,,
"sound_royal_minion_die","sfx/npc_die_02.ogg",1,1,97,103,1,5,,,,,,,,,,
"sound_inferno_dragon_deploy","sfx/babydragon_deploy_01.ogg",80,80,98,102,1,3,,,,,,,,,,
"sound_inferno_dragon_deploy_end","sfx/baby_dragon_deploy_end_11.ogg",75,75,98,102,2,1,,,,,1100,1100,,,,
"sound_inferno_dragon_steps","sfx/babydragon_wing_01.ogg",30,40,95,105,2,4,300,,,,100,100,,,,
"sound_inferno_dragon_attack_start","sfx/baby_dragon_fireball_08.ogg",65,70,98,102,1,3,,,,,150,150,,,,
"sound_inferno_dragon_attack",,,,,,,,,,,,,,,,,
"sound_inferno_dragon_beam_lvl1","sfx/inferno_dragon_fireloop_01.ogg",50,50,100,100,1,1,,"TRUE",,,,,,,,
"sound_inferno_dragon_beam_lvl2","sfx/inferno_dragon_fireloop_01.ogg",60,60,115,115,1,1,,"TRUE",,,,,,,,
"sound_inferno_dragon_beam_lvl3","sfx/inferno_dragon_fireloop_01.ogg",70,70,130,130,1,1,,"TRUE",,,,,,,,
"sound_inferno_dragon_die",,,,,,,,,,,,,,,,,
"sound_graveyard_deploy","sfx/cemetary_deploy_01.ogg",70,70,100,100,1,3,,,,,,,,,,
"sound_snowman_deploy","sfx/deploy_ice_golem_01.ogg",80,80,98,102,1,3,,,,,,,,,,
"sound_snowman_deploy_end","sfx/dummy_01.ogg",1,1,100,100,3,1,,,,,1000,1000,,,,
"sound_snowman_steps","sfx/snowstep_01.ogg",25,35,95,105,1,2,,,,,,,,,,
"sound_snowman_attack_start","sfx/ice_golem_atk_01.ogg",75,85,98,102,1,2,,,,,360,360,,,,
"sound_snowman_attack",,,,,,,,,,,,,,,,,
"sound_snowman_hit","sfx/dummy_01.ogg",1,1,100,100,3,1,,,,,,,,,,
"sound_snowman_die","sfx/dummy_01.ogg",1,1,98,102,1,1,,,,,5000,6000,,,,3000
"sound_electro_wizard_deploy","sfx/zap_discarge_03.ogg",75,75,130,135,1,1,,,,,300,300,,,,
"sound_electro_wizard_deploy_vo","sfx/electro_wiz_deploy_01.ogg",65,65,98,102,1,1,3000,,,,,,,,,
"sound_electro_wizard_steps","sfx/tesla_zap_01.ogg",10,13,155,165,1,4,150,,,,,,,,,
"sound_electro_wizard_attack_start","sfx/zap_02.ogg",40,45,85,92,1,5,,,,,,,,,,
"sound_electro_wizard_attack_vo","sfx/electro_wiz_atk_01.ogg",55,60,98,102,1,1,4000,,,,,,,,,
,"sfx/electro_wiz_atk_02.ogg",55,60,98,102,1,1,4000,,,,,,,,,
,"sfx/electro_wiz_atk_03.ogg",55,60,98,102,1,1,4000,,,,100,100,,,,
,"sfx/electro_wiz_atk_04.ogg",55,60,98,102,1,1,4000,,,,300,300,,,,
,"sfx/electro_wiz_atk_05.ogg",55,60,98,102,1,1,4000,,,,400,400,,,,
"sound_electro_wizard_beam","sfx/dummy_01.ogg",1,1,98,102,1,1,,,,,,,,,,
"sound_electro_wizard_hit","sfx/tesla_zap_01.ogg",35,40,85,92,1,4,,,,,,,,,,
"sound_electro_wizard_die","sfx/dummy_01.ogg",1,1,98,102,1,1,,,,,5000,6000,,,,3000
"sound_tornado","sfx/royale_tornado_01.ogg",85,85,75,78,1,3,,,,,,,,,,
"sound_clone_spell","sfx/clone_spell_01.ogg",80,80,100,100,1,3,,,,,,,,,,
"sound_angry_barbarian_deploy","sfx/elite_barbs_deploy_01.ogg",85,85,100,100,1,1,,,,,,,,,,
"sound_blowdart_goblin_atk_start","sfx/blowdart_goblin_atk_02.ogg",80,80,98,102,1,3,,,,,510,510,,,,
"sound_blowdart_gob_jump","sfx/blowdart_gob_jump_01.ogg",50,55,97,103,1,3,,,,,300,300,,,,
"sound_blowdart_gob_steps","sfx/gob_step_01_v5.ogg",20,25,88,94,1,3,50,,,,,,,,,
"sound_blowdart_goblin_deploy","sfx/blowdart_deploy_01.ogg",90,90,98,102,1,3,,,,,,,,,,
"sound_blowdart_hit","sfx/blowdart_hit_01.ogg",30,35,97,103,1,3,,,,,,,,,,
"tcc_sound_cards_appear","sfx/get_crown_03.ogg",60,60,100,100,1,1,,,,,,,,,,
"tcc_sound_select_card","sfx/claim_achievement_01.ogg",60,60,133,133,1,3,,,,,,,,,,
"tcc_card_fly_away","sfx/tex_whoosh_02.ogg",30,30,133,133,1,3,,,,,,,,,,
"tcc_card_fly_away_2","sfx/board_slide_in_01.ogg",75,75,75,75,1,3,,,,,,,,,,
"tcc_count_down","sfx/tut_count_01.ogg",20,20,100,100,1,3,,,,,,,,,,
"tcc_hidden_card_appear","sfx/get_xp_01.ogg",30,30,133,133,1,3,,,,,,,,,,
"sound_battleram_deploy","sfx/battleram_deploy_01.ogg",70,70,98,102,1,3,,,,,300,300,,,,
"sound_battleram_charge","sfx/battleram_charge_01.ogg",75,75,98,102,1,3,,,,,,,,,,
"sound_battle_ram_hit","sfx/prince_charge_hit_01.ogg",80,80,70,80,1,3,,,,,,,,,,
"sound_get_chest_show_cards","sfx/get_chest_card_overview_01.ogg",80,80,100,100,1,3,,,,,100,100,,,,
"sound_count_gold","sfx/count_gold_01.ogg",30,30,100,100,1,8,,,,,40,40,,,,
"sound_count_gems","sfx/count_gems_01.ogg",30,30,100,100,1,8,,,,,40,40,,,,
"sound_count_cards","sfx/count_cards_01.ogg",20,20,100,100,1,8,,,,,40,40,,,,
"sound_end_show_cards","sfx/end_card_count_01.ogg",80,80,95,105,1,8,,,,,,,,,,
"water_splash","sfx/water_splash_02.ogg",40,40,98,102,1,3,,,,,,,,,,
"sound_offer_bought","sfx/shop_offer_bought_01.ogg",100,100,100,100,1,3,,,,,,,,,,
"sound_bat_deploy","sfx/bat_deploy_01.ogg",55,55,100,100,1,1,500,,,,,,,,,
"sound_dark_witch_deploy_bat","sfx/bat_deploy_01.ogg",65,65,100,100,1,1,500,,,,,,,,,
"sound_bat_steps","sfx/bat_fly_01.ogg",13,18,95,105,2,5,100,,,,,,,,,
"sound_bat_attack_start","sfx/bat_atk_01.ogg",30,35,97,103,1,2,,,,,,,,,,
"sound_bat_hit","sfx/footman_attack_hit_01.ogg",10,20,96,104,2,3,,,,,,,,,,
"sound_bat_die","sfx/npc_die_02.ogg",1,1,97,103,1,5,,,,,,,,,,
"sound_assassin_deploy","sfx/bandit_deploy_01.ogg",60,60,98,102,1,1,,,,,,,,,,
"sound_assassin_steps","sfx/bandit_step_01.ogg",8,12,95,105,2,4,120,,,,,,,,,
"sound_assassin_attack_start","sfx/bandit_atk_vo_02.ogg",35,45,97,103,1,3,,,,,300,300,,,,
,"sfx/bandit_atk_vo_01.ogg",35,45,97,103,1,3,,,,,300,300,,,,
"sound_assassin_charge","sfx/bandit_sneaky_laugh_05.ogg",40,40,98,102,1,3,,,,,,,,,,
"sound_assassin_dashing","sfx/bandit_dash_03.ogg",80,80,98,102,1,3,,,,,,,,,,
"sound_assassin_dash_end","sfx/p_archer_hit_01.ogg",1,1,95,105,2,1,,,,,,,,,,
"sound_assassin_hit","sfx/bandit_bat_hit_01.ogg",80,85,94,106,2,4,,,,,,,,,,
"sound_assassin_hit_special","sfx/bandit_slam_01.ogg",90,90,95,105,1,3,,,,,,,,,,
"sound_assassin_die","sfx/npc_die_02.ogg",1,1,97,103,1,5,,,,,,,,,,
"sound_dark_witch_deploy","sfx/dw_deploy_01.ogg",70,70,100,100,1,3,,,,,,,,,,
"sound_dark_witch_steps","sfx/witch_step_01.ogg",10,20,94,106,2,2,500,,,,,,,,,
"sound_dark_witch_attack_start","sfx/dw_atk_01.ogg",60,60,92,96,1,3,,,,,400,400,,,,
"sound_dark_witch_hit","sfx/night_witch_impact_01.ogg",40,50,98,102,1,3,,,,,,,,,,
"sound_dark_witch_die","sfx/npc_die_02.ogg",1,1,97,103,1,5,,,,,,,,,,
"sound_heal_spell","sfx/heal_magic_03.ogg",65,65,100,100,1,3,,,,,,,,,,
"sound_challenge_one_time_appear","sfx/get_crown_03.ogg",60,60,100,100,1,1,,,,,,,,,,
"sound_challenge_progress_tick","sfx/progress_fill_01.ogg",30,30,100,100,1,1,500,,,,40,40,,,,
"sound_unlockSkin_start","sfx/upgrade_card_01.ogg",80,80,100,100,1,5,,,,,,,,,,
"sound_unlockSkin_ready","sfx/card_upgrade_hit_01.ogg",60,60,100,100,1,5,,,,,,,,,,
"sound_2v2_matchmake_1","sfx/2v2_matchmake_01.ogg",70,70,100,100,1,6,,,,,,,,,,
"sound_2v2_matchmake_2","sfx/2v2_matchmake_02.ogg",70,70,100,100,1,6,,,,,,,,,,
"sound_2v2_matchmake_3","sfx/2v2_matchmake_03.ogg",70,70,100,100,1,6,,,,,,,,,,
"sound_2v2_matchmake_4","sfx/2v2_matchmake_04.ogg",70,70,100,100,1,6,,,,,,,,,,
"sound_mega_knight_deploy","sfx/megaknight_dep_sfx_01.ogg",60,60,98,102,1,1,,,,,,,,,,
"sound_mega_knight_steps","sfx/knight_footstep_01.ogg",55,50,85,95,1,2,120,,,,,,,,,
,"sfx/knight_footstep_02.ogg",55,50,85,95,1,2,,,,,,,,,,
,"sfx/knight_footstep_03.ogg",55,50,85,95,1,2,,,,,,,,,,
,"sfx/knight_footstep_04.ogg",55,50,85,95,1,2,,,,,,,,,,
"sound_mega_knight_attack_start","sfx/megaknight_atk_01.ogg",60,70,95,105,1,3,,,,,500,500,,,,
,"sfx/megaknight_atk_02.ogg",60,70,95,105,1,3,,,,,500,500,,,,
,"sfx/megaknight_atk_03.ogg",60,70,95,105,1,3,,,,,500,500,,,,
"sound_mega_knight_charge","sfx/megaknight_prep_01.ogg",70,70,98,102,1,3,,,,,,,,,,
"sound_mega_knight_dashing","sfx/megaknight_jump_01.ogg",90,90,98,102,1,3,,,,,,,,,,
"sound_mega_knight_dash_end","sfx/megaknight_big_hit_01.ogg",85,85,95,105,1,2,,,,,,,,,,
"sound_mega_knight_hit","sfx/megaknight_hit_01.ogg",70,80,94,106,1,4,,,,,,,,,,
"sound_mega_knight_hit_special","sfx/prince_charge_hit_01.ogg",90,90,95,105,1,3,,,,,,,,,,
"sound_mega_knight_die","sfx/npc_die_02.ogg",1,1,97,103,1,5,,,,,,,,,,
"sound_moving_cannon_deploy","sfx/rolling_cannon_deploy_01.ogg",70,70,98,102,1,3,,,,,,,,,,
"sound_moving_cannon_steps","sfx/rolling_cannon_step_01.ogg",10,20,98,102,2,8,250,,,,,,,,,
"sound_moving_cannon_attack_start","sfx/cannon_fire_03.ogg",35,45,96,104,1,3,,,,,400,400,,,,
"sound_moving_cannon_hit","sfx/skeleton_bomb_explo_01.ogg",55,65,110,115,1,3,,,,,,,,,,
"sound_moving_cannon_die","sfx/npc_die_02.ogg",1,1,97,103,1,5,,,,,,,,,,
"sound_broken_cannon_deploy","sfx/barrel_explosion_02.ogg",65,70,95,105,1,1,,,,,,,,,,
"sound_broken_cannon_attack_start","sfx/cannon_fire_03.ogg",35,45,96,104,1,3,,,,,400,400,,,,
"sound_broken_cannon_hit","sfx/skeleton_bomb_explo_01.ogg",55,65,110,115,1,3,,,,,,,,,,
"sound_broken_cannon_die","sfx/npc_die_02.ogg",70,70,97,103,1,5,,,,,,,,,,
"sound_skeleton_balloon_deploy","sfx/deploy_balloon_06.ogg",90,90,115,120,1,2,,,,,,,,,,
"sound_skeleton_balloon_steps","sfx/balloon_fly_loop_01.ogg",55,55,98,102,2,2,,"TRUE",,,,,,,,
"sound_skeleton_balloon_attack_start","sfx/drop_bomb_03.ogg",70,70,100,100,1,3,,,,,,,,,,
"sound_skeleton_balloon_hit","sfx/boulder_impact_01.ogg",80,90,95,105,1,2,,,,,,,,,,
"sound_skeleton_balloon_pop1","sfx/skeleballoon_pop_01.ogg",70,70,95,105,1,5,,,,,,,,,,
"sound_skeleton_balloon_pop2","sfx/skeleballoon_pop_01.ogg",90,90,110,120,1,5,,,,,,,,,,
"sound_skeleton_balloon_die","sfx/skeleballoon_pop_03.ogg",90,90,98,102,1,5,,,,,,,,,,
"sound_skeleton_container_explosion","sfx/barrel_explosion_02.ogg",65,70,95,105,1,1,,,,,,,,,,
"sound_flying_machine_deploy","sfx/cannon_deploy_01.ogg",70,70,70,75,1,3,,,,,,,,,,
"sound_flying_machine_steps","sfx/flying_machine_loop_01.ogg",20,20,100,100,1,3,,"TRUE",,,,,,,,
"sound_flying_machine_attack","sfx/musket_fire_02.ogg",80,80,70,75,1,4,,,,,,,,,,
"sound_flying_machine_attack_start",,,,,,,,,,,,,,,,,
"sound_flying_machine_hit","sfx/musket_impact_01.ogg",30,40,65,70,2,3,,,,,,,,,,
"sound_flying_machine_die",,,,,,,,,,,,,,,,,
"Card_bonus_1","sfx/bonus_1.ogg",60,60,100,100,1,3,,,,,,,,,,
"Card_bonus_2","sfx/bonus_2.ogg",70,70,100,100,1,3,,,,,,,,,,
"Card_bonus_3","sfx/bonus_3.ogg",80,80,100,100,1,3,,,,,,,,,,
"Card_bonus_4","sfx/bonus_4.ogg",90,90,100,100,1,3,,,,,,,,,,
"Card_bonus_reveal","sfx/get_bonus_card_01.ogg",70,70,100,100,1,3,,,,,,,,,,
"Goblin_ref_deploy","sfx/gob_ref_land_02.ogg",60,60,98,102,1,3,,,,,,,,,,
"Goblin_ref_whistle","sfx/gob_ref_whiste_01.ogg",80,80,100,100,1,3,,,,,,,,,,
"Goblin_ref_steps","sfx/gob_ref_step_01.ogg",10,15,100,100,1,2,200,,,,,,,,,
"Gem_bounce1","sfx/gem_bounce_01.ogg",70,70,100,100,1,2,,,,,,,,,,
"Gem_bounce2","sfx/gem_bounce_01.ogg",70,70,100,100,1,2,,,,,,,,,,
"Gem_bounce3","sfx/gem_bounce_01.ogg",70,70,100,100,1,2,,,,,,,,,,
"Coin_bounce1","sfx/coin_bounce_01.ogg",70,70,100,100,1,2,,,,,,,,,,
"Coin_bounce2","sfx/coin_bounce_01.ogg",70,70,100,100,1,2,,,,,,,,,,
"Coin_bounce3","sfx/coin_bounce_01.ogg",70,70,100,100,1,2,,,,,,,,,,
"Sound_invis_archer","sfx/archer_invis_01.ogg",20,20,100,100,1,3,,,,,200,200,,,,
"Ghost_deploy","sfx/groy_dep_01.ogg",85,95,98,102,1,3,,,,,,,,,,
"Ghost_sword","sfx/roysword_01.ogg",70,80,96,104,1,3,,,,,500,500,,,,
"Ghost_sword_vo","sfx/roysword_vo_01.ogg",80,80,96,104,1,3,,,,,300,300,,,,
"sound_barb_barrel_hit","sfx/log_impact_01.ogg",70,70,95,105,1,2,100,,,,,,,,,
"sound_barb_barrel_deploy","sfx/barbarrel_01.ogg",75,75,98,102,1,3,,,,,,,,,,
"Drag spell","sfx/grabcard_01.ogg",40,45,135,138,1,2,,,,,,,,,,
"Snowball","sfx/ice_mage_impact_02.ogg",50,60,88,92,1,3,,,,,,,,,,
"sound_zapper_die","sfx/npc_die_02.ogg",1,1,97,103,1,5,,,,,,,,,,
"sound_zapper_steps","sfx/zap_machine_run_loop_04.ogg",10,15,180,200,2,6,,,,,,,,,,
"sound_zapper_hit","sfx/zap_02.ogg",25,35,150,160,1,6,,,,,,,,,,
"sound_zapper_load_1","sfx/dummy_01.ogg",35,40,200,200,3,3,,,,,,,,,,
"sound_zapper_load_2","sfx/dummy_01.ogg",35,40,220,220,3,3,,,,,,,,,,
"sound_zapper_load_3","sfx/dummy_01.ogg",35,40,240,240,3,3,,,,,,,,,,
"sound_zapper_deploy","sfx/zappy_drop_01.ogg",30,40,170,180,1,3,,,,,100,100,,,,
"sound_hunter_deploy","sfx/hunter_deploy_02.ogg",70,70,98,102,1,2,,,,,,,,,,
,"sfx/hunter_deploy_03.ogg",70,70,98,102,1,2,,,,,,,,,,
"sound_hunter_die","sfx/npc_die_02.ogg",65,75,84,92,2,4,,,,,,,,,,
"sound_hunter_steps","sfx/hunter_step_01.ogg",15,25,92,108,2,2,,,,,,,,,,
"sound_hunter_attack_start","sfx/musketeer_reload_01.ogg",60,60,97,103,1,3,,,,,,,,,,
"sound_hunter_attack","sfx/hunter_fire_01.ogg",70,85,94,106,2,4,,,,,,,,,,
"sound_hunter_attack_vo","sfx/hunter_atk_01.ogg",65,75,94,106,2,4,5000,,,,,,,,,
,"sfx/hunter_atk_02.ogg",65,75,94,106,2,2,5000,,,,,,,,,
"sound_hunter_hit","sfx/musket_impact_01.ogg",40,50,96,104,2,3,,,,,,,,,,
"sound_gobshop_cards","sfx/cardflip_gob_shop_01.ogg",40,40,100,100,1,6,,,,,990,990,,,,
"Magic Archer deploy","sfx/magic_archer_dep_02.ogg",85,85,100,100,1,3,,,,,,,,,,
"Magic Archer Firevo","sfx/ma_fire_vo_01.ogg",75,90,98,102,1,3,7000,,,,,,,,,
,"sfx/ma_fire_vo_02.ogg",75,90,98,102,1,3,7000,,,,,,,,,
"Magic Archer steps","sfx/ma_step_01.ogg",10,15,96,106,2,2,150,,,,,,,,,
"HeroEnergized","sfx/hero_energized.ogg",40,50,100,100,2,3,,,,,,,,,,
"HeroDie","sfx/hero_altar_pickup_02.ogg",40,50,100,100,2,3,,,,,,,,,,
"sound_clanwar_card_reveal","sfx/card_ready_02.ogg",,,100,100,1,5,,,,,,,,,,
"sound_clanwar_card_unlock","sfx/get_xp_01.ogg",,,100,100,1,5,,,,,,,,,,
"clanwar_get_new_star_pop","sfx/count_gems_01.ogg",80,40,100,100,1,1,,,,,,,,,,
"clanwar_get_new_crown_pop","sfx/get_crown_03.ogg",40,40,120,120,1,1,,,,,,,,,,
"clanwar_results","sfx/clanwar_results_01.ogg",80,80,100,100,1,6,,,,,,,,,,
"clanwar_arena_unlock_start","sfx/balloon_fly_loop_01.ogg",65,65,100,100,1,5,,,,,,,,,,
"clanwar_arena_unlock_reached","sfx/achievement_unlock_01.ogg",65,65,100,100,1,5,,,,,,,,,,
"clanwar_arena_down_start","sfx/balloon_fly_loop_01.ogg",65,65,100,100,1,5,,,,,,,,,,
"clanwar_arena_down_reached","sfx/lose_tour_01.ogg",65,65,100,100,1,5,,,,,,,,,,
"sound_rascal_boy_deploy","sfx/male_ras_dep_01.ogg",90,90,98,102,1,2,,,,,,,,,,
"sound_rascal_fem_steps","sfx/ras_fem_step_01.ogg",20,30,90,110,1,2,300,,,,,,,,,
"sound_rascal_boy_steps","sfx/ras_male_step_01.ogg",30,40,90,110,1,2,300,,,,,,,,,
"sound_rascal_boy_hit","sfx/fem_ras_dep_01.ogg",98,102,80,80,1,4,,,,,,,,,,
"sound_rascal_girl_dep","sfx/fem_ras_dep_01.ogg",80,80,98,102,1,4,,,,,,,,,,
"sound_fem_rascal_atk","sfx/fem_ras_fire_01.ogg",70,70,95,105,1,1,,,,,,,,,,
"sound_fem_rascal_atk_vo","sfx/fem_ras_fire_vo_02.ogg",60,60,98,102,1,1,5000,,,,,,,,,
,"sfx/fem_ras_fire_vo_01.ogg",60,60,98,102,1,1,5000,,,,,,,,,
"sound_lava_golem_roll_steps","sfx/balloon_fly_loop_01.ogg",40,38,180,180,2,6,,,,,,,,,,
"sound_lava_golem_hit","sfx/golem_atk_hit_01.ogg",50,65,170,180,1,2,,,,,,,,,,
"sound_lava_golem_steps","sfx/demon_step_01.ogg",40,60,95,105,1,2,,,,,,,,,,
"sound_lava_golem_die","sfx/golem_die_01.ogg",90,90,98,102,1,3,,,,,,,,,,
"sound_lava_golem_deploy","sfx/fire_spirit_deploy_01.ogg",70,70,85,95,1,4,,,,,,,,,,
"sound_rascal_boy_attack_start","sfx/rascal_male_atk_01.ogg",75,85,75,85,1,1,,,,,700,700,,,,
"sound_rascal_boy_attack_start_vo","sfx/rascal_male_atk_vo_01.ogg",60,60,98,102,1,1,5000,,,,500,500,,,,
,"sfx/rascal_male_atk_vo_02.ogg",60,60,98,102,1,1,5000,,,,500,500,,,,
"sound_battle_day_rank_change","sfx/card_fly_in_06.ogg",40,40,130,130,1,1,,,,,,,,,,
"ClanwarStartHorn","sfx/clan_war_started_01.ogg",90,90,100,100,1,1,,,,,,,,,,
"ClanwarCollectionDay","sfx/scroll_fusion_01.ogg",60,70,100,100,1,4,,,,,,,,,,
"ClanwarBattleDay","sfx/scroll_fusion_01.ogg",60,70,100,100,1,4,,,,,,,,,,
"clanwar_get_star_screen","sfx/open_chest_diamonds_02.ogg",60,70,100,100,1,4,,,,,,,,,,
"clanwar_get_star_reached","sfx/tap_gems_02.ogg",60,70,100,100,1,12,,,,,,,,,,
"BoatLand","sfx/tap_boat_01.ogg",50,50,100,100,1,4,,,,,,,,,,
"sound_openChest_clanwar","sfx/champions_chest_land_open_01.ogg",50,50,100,100,1,4,,,,,,,,,,
"CW_swordlogohit_01","sfx/cw_swordlogo_hit_01.ogg",70,70,100,100,1,4,,,,,,,,,,
"CW_swordlogohit_02","sfx/cw_swordlogo_hit_02.ogg",70,70,100,100,1,4,,,,,,,,,,
"war_rank_5","sfx/cw_pos_1.ogg",90,90,100,100,1,4,,,,,,,,,,
"war_rank_4","sfx/cw_pos_23.ogg",70,70,100,100,1,4,,,,,,,,,,
"war_rank_3","sfx/cw_pos_23.ogg",70,70,100,100,1,4,,,,,,,,,,
"war_rank_2","sfx/cw_pos_45.ogg",70,70,100,100,1,4,,,,,,,,,,
"war_rank_1","sfx/cw_pos_45.ogg",70,70,100,100,1,4,,,,,,,,,,
"war_results_loop","sfx/chest_loop_02.ogg",50,50,115,115,1,4,,"TRUE",,,,,,,,
"sound_war_arrow_hit_chest","sfx/cw_chest_impact_01.ogg",90,90,94,106,1,6,,,,,,,,,,
"cw_ar_jing","sfx/cw_jing_01.ogg",85,85,100,100,1,3,,,,,,,,,,
"sound_drill_move","sfx/zap_machine_run_loop_04.ogg",38,38,80,80,2,6,,"TRUE",,,,,,,,
"sound_recruit_deploy","sfx/rr_dep_01v2.ogg",70,70,100,100,1,2,500,,,,,,,,,
"sound_recruit_steps","sfx/knight_footstep_01.ogg",30,40,85,95,1,2,300,,,,,,,,,
,"sfx/knight_footstep_02.ogg",30,40,85,95,1,2,300,,,,,,,,,
,"sfx/knight_footstep_03.ogg",30,40,85,95,1,2,300,,,,,,,,,
,"sfx/knight_footstep_04.ogg",30,40,85,95,1,3,300,,,,,,,,,
"sound_recruit_attack_start","sfx/rr_atk_01.ogg",55,60,98,102,1,3,200,,,,265,265,,,,
"sound_recruit_hit","sfx/knight_hit_01.ogg",30,40,98,102,1,3,,,,,,,,,,
"sound_recruit_die","sfx/dummy_01.ogg",1,1,100,100,1,1,,,,,,,,,,
"sound_recruit_lose_shield","sfx/rr_no_shield_01.ogg",80,90,95,105,1,2,200,,,,,,,,,
"sound_royal_hog_deploy","sfx/deploy_hogs_01.ogg",80,80,100,100,1,1,500,,,,,,,,,
"sound_royal_hog_deploy_end","sfx/dummy_01.ogg",1,1,100,100,1,1,9000,,,,1000,1000,,,,
,"sfx/dummy_01.ogg",1,1,100,100,1,1,9000,,,,750,750,,,,
,"sfx/dummy_01.ogg",1,1,100,100,1,1,9000,,,,1000,1000,,,,
"sound_royal_hog_steps","sfx/hogrider_step_01.ogg",20,25,120,130,1,2,200,,,,,,,,,
"sound_royal_hog_attack_start","sfx/hog_atk_01.ogg",50,55,98,105,1,3,200,,,,250,250,,,,
,"sfx/hog_atk_02.ogg",50,55,98,105,1,3,200,,,,,,,,,
,"sfx/hog_atk_03.ogg",50,55,98,105,1,3,200,,,,,,,,,
"sound_royal_hog_hit","sfx/footman_attack_hit_03.ogg",20,30,120,130,1,1,200,,,,,,,,,
"sound_royal_hog_die","sfx/npc_die_02.ogg",1,1,97,103,1,5,,,,,,,,,,
"sound_royal_hog_landing","sfx/boulder_impact_01.ogg",70,70,98,102,1,1,,,,,,,,,,
"sound_goblin_giant_deploy","sfx/gobgiant_dep_01.ogg",90,90,100,100,1,2,,,,,,,,,,
"sound_goblin_giant_steps","sfx/demon_step_01.ogg",40,60,95,105,1,2,,,,,,,,,,
"sound_goblin_giant_attack_start","sfx/giantgobswing02.ogg",65,80,98,102,1,1,,,,,450,450,,,,
,"sfx/giantgobswing01.ogg",65,80,98,102,1,1,,,,,450,450,,,,
"sound_goblin_giant_hit","sfx/giant_hit_01.ogg",60,70,95,105,1,2,,,,,,,,,,
"sound_goblin_giant_die","sfx/npc_die_02.ogg",1,1,97,103,1,5,,,,,,,,,,
"sound_snowball_ground","sfx/snowball_impact_01.ogg",80,80,98,102,1,3,,,,,,,,,,
"sound_snowball_continuous",,,,,,,,,,,,,,,,,
"sound_snowball_deploy","sfx/throw_snowball_01.ogg",75,75,98,102,1,1,,,,,,,,,,
"sound_se_badge_hit","sfx/badge_hit_01.ogg",90,90,100,100,1,3,,,,,,,,,,
"sound_se_trophy_count","sfx/trophy_count_01.ogg",15,25,100,100,2,10,100,,,,,,,,,
"sound_se_badge_hit_2","sfx/badge_hit_02.ogg",90,90,100,100,1,3,,,,,,,,,,
"sound_se_trophies_burst_out","sfx/trophyies_burst_out_01.ogg",60,60,100,100,1,3,,,,,,,,,,
"sound_se_popup","sfx/seasonend_jingle_01.ogg",85,85,100,100,1,3,,,,,,,,,,
"sound_electro_dragon_load_1","sfx/be_charge_01.ogg",40,40,100,100,3,1,,,,,,,,,,
"sound_electro_dragon_load_2","sfx/be_charge_01.ogg",52,52,112,112,3,1,,,,,,,,,,
"sound_electro_dragon_load_3","sfx/be_charge_01.ogg",60,60,126,126,3,1,,,,,,,,,,
"sound_electro_dragon_wing","sfx/be_wingflap_01.ogg",30,40,95,105,2,4,300,,,,,,,,,
"sound_electro_dragon_deploy","sfx/be_deploy_01.ogg",80,80,98,102,1,3,,,,,,,,,,
"sound_electro_dragon_deploy_end","sfx/be_deploy__end_01.ogg",80,80,98,102,1,1,,,,,1100,1100,,,,
"sound_electro_dragon_attack","sfx/electro_dragon_charge.ogg",50,50,141,172,3,1,,,,,,,,,,
"sound_openWar_bounty","sfx/bounty_bag_01.ogg",80,80,100,100,1,5,,,,,,,,,,
"sound_openWar_lock","sfx/dummy_01.ogg",80,80,100,100,1,5,,,,,,,,,,
"prestige_card_start","sfx/prestige_card_jingle_01.ogg",80,80,100,100,1,5,,,,,,,,,,
"sound_ram_deploy","sfx/ramrider_deploy_01.ogg",65,65,100,100,1,3,,,,,,,,,,
"sound_ram_deploy_end","sfx/horse_blow_01.ogg",50,50,150,150,1,3,,,,,1000,1000,,,,
"sound_ram_steps","sfx/ramstep_01.ogg",10,30,90,110,2,2,,,,,,,,,,
"sound_ram_charge","sfx/ramcharge_01.ogg",70,70,100,100,1,2,,,,,,,,,,
"sound_ram_charge_hit","sfx/ram_charge_hit_01.ogg",80,80,100,100,1,3,,,,,,,,,,
"sound_ram_attack_start","sfx/ram_atk_01.ogg",40,50,95,105,1,2,,,,,220,220,,,,
"sound_ram_hit","sfx/ram_atk_hit_01.ogg",75,85,95,105,1,2,,,,,,,,,,
"sound_ram_landing","sfx/boulder_impact_01.ogg",70,70,98,102,1,1,,,,,,,,,,
"sound_ramrider_attack start","sfx/bola_atk_01.ogg",50,70,95,105,1,3,,,,,400,400,,,,
"sound_ramrider_attack start_vo","sfx/ramrider_atk_vo_01.ogg",70,80,97,103,1,1,7000,,,,,,,,,
"sound_ramrider_bola_hit","sfx/blowdart_hit_01.ogg",30,35,97,103,1,3,,,,,,,,,,
"sound_wallbreaker_deploy","sfx/dep_wallbreaker_01.ogg",70,70,100,100,1,3,,,,,,,,,,
"sound_wallbreaker_deploy_2","sfx/wallb_scream_01.ogg",55,55,95,105,1,3,,,,,1100,1100,,,,
"sound_wallbreaker_step","sfx/wallbreaker_step_01.ogg",25,35,92,108,1,3,,,,,,,,,,
"sound_wallbreaker_explo","sfx/wallbreaker_explo_01.ogg",80,90,95,105,1,3,,,,,,,,,,
"sound_wallbreaker_atk","sfx/wallbreaker_atk_01.ogg",70,70,95,105,1,3,,,,,,,,,,
"sound_earthquake_pulse","sfx/boulder_impact_01.ogg",50,60,90,110,1,3,,,,,,,,,,
"sound_earthquake_deploy","sfx/scrollearthquake01.ogg",80,80,100,100,1,3,,,,,,,,,,
"sound_goblin_brawler_deploy","sfx/cage_gob_dep_01.ogg",70,70,98,102,1,1,,,,,,,,,,
"sound_goblin_brawler_steps","sfx/gob_step_01_v5.ogg",10,15,75,80,2,1,350,,,,,,,,,
,"sfx/gob_step_01_v1.ogg",10,15,75,80,2,1,350,,,,,,,,,
,"sfx/gob_step_01_v5.ogg",10,15,75,80,2,1,350,,,,,,,,,
,"sfx/gob_step_01_v2.ogg",10,15,75,80,2,1,350,,,,,,,,,
,"sfx/gob_step_01_v5.ogg",10,15,75,80,2,1,350,,,,,,,,,
,"sfx/gob_step_01_v3.ogg",10,15,75,80,2,1,350,,,,,,,,,
,"sfx/gob_step_01_v5.ogg",10,15,75,80,2,1,350,,,,,,,,,
,"sfx/gob_step_01_v4.ogg",10,15,75,80,2,1,350,,,,,,,,,
"sound_goblin_brawler_attack_start","sfx/cage_gob_atk_01.ogg",30,40,97,103,1,3,,,,,,,,,,
,"sfx/cage_gob_atk_02.ogg",30,40,97,103,1,3,,,,,,,,,,
,"sfx/cage_gob_atk_03.ogg",30,40,97,103,1,3,,,,,,,,,,
,"sfx/cage_gob_atk_04.ogg",30,40,97,103,1,3,,,,,,,,,,
"sound_goblin_brawler_hit","sfx/cage_gob_hit_01.ogg",40,50,90,110,2,3,,,,,,,,,,
"sound_goblin_brawler_die","sfx/npc_die_02.ogg",1,1,97,103,1,5,,,,,,,,,,
"sound_goblin_cage_deploy","sfx/prison_cage_gob_drop_02.ogg",70,70,100,100,1,3,,,,,,,,,,
"sound_goblin_cage_die","sfx/barrel_explosion_02.ogg",70,80,75,85,1,1,,,,,,,,,,
"sound_fisherman_deploy","sfx/fm_dep_01.ogg",90,90,100,100,1,3,,,,,,,,,,
"sound_fisherman_deploy_end","sfx/fm_dep_end_01.ogg",70,70,98,102,1,3,,,,,1200,1200,,,,
"sound_fisherman_steps","sfx/fm_step_01.ogg",20,25,85,115,2,2,,,,,,,,,,
,"sfx/fm_step_02.ogg",20,25,85,115,2,2,,,,,,,,,,
"sound_fisherman_attack","sfx/fm_atk_01.ogg",1,1,94,106,2,4,,,,,,,,,,
"sound_fisherman_attack_start","sfx/fm_atk_01.ogg",55,65,94,106,2,4,,,,,540,540,,,,
,"sfx/fm_atk_02.ogg",45,55,94,106,2,4,,,,,540,540,,,,
,"sfx/fm_atk_01.ogg",55,65,94,106,2,4,,,,,540,540,,,,
"sound_fisherman_hit","sfx/fm_atk_hit_01.ogg",50,60,96,104,2,3,,,,,,,,,,
"sound_fisherman_die",,,,,,,,,,,,,,,,,
"sound_fisherman_projectile_hit","sfx/fm_anchor_atk_01.ogg",55,65,96,104,2,4,,,,,,,,,,
"sound_unlock_tier","sfx/unlock_tier_01.ogg",70,70,100,100,1,3,,,,,,,,,,
"sound_enable_pass_royale","sfx/enable_pass_royale_01.ogg",70,70,100,100,1,3,,,,,,,,,,
"sound_tier_level_sparkle","sfx/tier_level_sparkle_01.ogg",45,45,100,100,1,3,,,,,,,,,,
"sound_tier_line_fly_in","sfx/tier_line_fly_in_01.ogg",60,60,100,100,1,3,,,,,,,,,,
"sound_elixir_golem_deploy","sfx/bigslime_dep_01.ogg",90,90,98,102,1,3,,,,,,,,,,
"sound_elixir_golem_deploy_end","sfx/bigslime_dep_end_01.ogg",90,90,98,102,1,3,,,,,1000,1000,,,,
"sound_elixir_golem_steps","sfx/bigslime_step_01.ogg",25,35,95,105,1,2,,,,,,,,,,
"sound_elixir_golem_attack_start","sfx/bigslime_atk_01.ogg",80,90,98,102,1,2,,,,,360,360,,,,
"sound_elixir_golem_hit","sfx/dummy_01.ogg",1,1,100,100,3,1,,,,,,,,,,
"sound_elixir_golem_die","sfx/dummy_01.ogg",1,1,98,102,1,1,,,,,5000,6000,,,,3000
"sound_elixir_golemite_deploy","sfx/medslime_dep_01.ogg",85,85,98,102,1,3,,,,,,,,,,
"sound_elixir_golemite_deploy_end","sfx/dummy_01.ogg",1,1,100,100,3,1,,,,,1000,1000,,,,
"sound_elixir_golemite_steps","sfx/bigslime_step_01.ogg",25,35,130,140,1,2,,,,,,,,,,
"sound_elixir_golemite_attack_start","sfx/bigslime_atk_01.ogg",60,70,150,160,1,2,,,,,360,360,,,,
"sound_elixir_golemite_hit","sfx/dummy_01.ogg",1,1,100,100,3,1,,,,,,,,,,
"sound_elixir_golemite_die","sfx/dummy_01.ogg",1,1,98,102,1,1,,,,,5000,6000,,,,3000
"sound_elixir_blob_deploy","sfx/minislime_dep_01.ogg",80,80,98,102,1,3,,,,,,,,,,
"sound_elixir_blob_deploy_end","sfx/dummy_01.ogg",1,1,100,100,3,1,,,,,1000,1000,,,,
"sound_elixir_blob_steps","sfx/minislime_step_01.ogg",20,25,95,105,1,2,,,,,,,,,,
"sound_elixir_blob_attack_start","sfx/minislime_atk_01.ogg",50,60,85,95,1,4,,,,,360,360,,,,
"sound_elixir_blob_hit","sfx/dummy_01.ogg",1,1,100,100,3,1,,,,,,,,,,
"sound_elixir_blob_die","sfx/dummy_01.ogg",1,1,98,102,1,1,,,,,5000,6000,,,,3000
"sound_battle_healer_deploy","sfx/bh_deploy_01_dl.ogg",80,80,100,100,1,3,,,,,,,,,,
"sound_battle_healer_deploy_end","sfx/dummy_01.ogg",60,60,100,100,1,3,,,,,1000,1000,,,,
"sound_battle_healer_steps","sfx/dummy_01.ogg",40,50,98,102,1,2,,,,,,,,,,
,"sfx/dummy_01.ogg",40,50,98,102,1,2,,,,,,,,,,
,"sfx/dummy_01.ogg",40,50,98,102,1,2,,,,,,,,,,
,"sfx/dummy_01.ogg",40,50,98,102,1,3,,,,,,,,,,
"sound_battle_healer_attack_start","sfx/bh_atk_01_dl.ogg",65,75,98,102,1,2,,,,,360,360,,,,
,"sfx/bh_atk_02_dl.ogg",65,75,98,102,1,2,,,,,430,430,,,,
"sound_battle_healer_hit","sfx/knight_hit_01.ogg",30,40,98,102,1,3,,,,,,,,,,
"sound_battle_healer_heal","sfx/bh_heal_01_dl.ogg",45,45,100,100,1,3,,,,,,,,,,
"sound_battle_healer_die","sfx/bh_die_01_dl.ogg",70,70,98,102,1,2,,,,,300,300,,,,
"Holiday_arena_start","sfx/holiday_arena_start_01_dl.ogg",90,90,100,100,1,1,,,,,,,,,,
"Lunar_arena_start","sfx/lunar_arena_start_01_dl.ogg",90,90,100,100,1,1,,,,,,,,,,
"Lunar_arena_start_02","sfx/lunar_arena_start_02_dl.ogg",90,90,100,100,1,1,,,,,,,,,,
"sound_deploy_mirror","sfx/mirror_02_dl.ogg",70,70,100,100,1,2,,,,,300,300,,,,
"sound_firecracker_deploy","sfx/firecracker_dep_01.ogg",80,80,100,100,1,3,,,,,,,,,,
"sound_firecracker_deploy_end","sfx/firecracker_dep_vo_01.ogg",70,70,98,102,1,3,,,,,1200,1200,,,,
"sound_firecracker_steps","sfx/firecracker_footstep_01.ogg",20,40,90,110,2,12,,,,,,,,,,
"sound_firecracker_attack","sfx/firecracker_atk_01.ogg",75,85,98,102,2,4,,,,,,,,,,
"sound_firecracker_attack_start",,,,,,,,,,,,,,,,,
"sound_firecracker_hit","sfx/firecracker_atk_hit_01.ogg",40,50,96,104,2,3,,,,,,,,,,
"sound_firecracker_hit2","sfx/firecracker_atk_hit_01.ogg",40,50,96,104,2,3,,,,,,,,,,
"sound_firecracker_die",,,,,,,,,,,,,,,,,
"sound_royal_delivery_explosion","sfx/barrel_explosion_02.ogg",65,70,95,105,1,1,,,,,,,,,,
"sound_royal_delivery_deploy","sfx/royal_recruit_whistle_01.ogg",30,30,98,102,1,1,,,,,,,,,,
"sound_royal_delivery_recruit","sfx/royal_recruit_deploy_01.ogg",90,90,98,102,1,2,,,,,,,,,,
"sound_healspirit_deploy","sfx/heal_spirit_deploy_vo_01_dl.ogg",60,60,98,102,1,3,,,,,,,,,,
"sound_healspirit_steps_sfx","sfx/fire_spirit_step_sfx_01.ogg",25,30,94,106,1,2,300,,,,,,,,,
"sound_healspirit_steps","sfx/fire_spirit_step_vo_01.ogg",25,35,94,106,1,1,500,,,,,,,,,
,"sfx/dummy_01.ogg",1,1,100,100,2,1,,,,,,,,,,
,"sfx/fire_spirit_step_vo_02.ogg",25,35,94,106,1,1,500,,,,,,,,,
,"sfx/dummy_01.ogg",1,1,100,100,2,1,,,,,,,,,,
,"sfx/fire_spirit_step_vo_03.ogg",20,30,94,106,1,1,500,,,,,,,,,
"sound_healspirit_die",,,,,,,,,,,,,,,,,
"sound_healspirit_projectile_hit",,,,,,,,,,,,,,,,,
"Dream_arena_start","sfx/prince_dream_jingle_01.ogg",85,85,100,100,1,1,,,,,,,,,,
"sound_skeleton_dragon_deploy","sfx/skele_dragons_deploy_01.ogg",80,80,98,102,1,3,,,,,,,,,,
"sound_skeleton_dragon_deploy_end","sfx/skele_dragons_deploy_end_01.ogg",75,75,98,102,2,1,,,,,1100,1100,,,,
"sound_skeleton_dragon_steps","sfx/skele_dragons_wing_01.ogg",30,40,95,105,2,4,300,,,,100,100,,,,
"sound_skeleton_dragon_attack_start","sfx/skele_dragons_atk_01.ogg",65,70,98,102,1,3,,,,,150,150,,,,
"sound_skeleton_dragon_die",,,,,,,,,,,,,,,,,
"sound_skeleton_dragon_projectile_hit","sfx/sound_fireball_hit_01.ogg",55,65,93,106,2,4,,,,,,,,,,
"sound_skeleton_dragon_attack",,,,,,,,,,,,,,,,,
"sound_boat_battle_bridge_deploy","sfx/boat_bridge_down_01.ogg",80,80,100,100,1,3,,,,,390,390,,,,
"sound_boat_battle_hook_deploy","sfx/boat_rope_hook_01.ogg",1,1,100,100,1,3,,,,,,,,,,
"sound_boat_battle_hatches_explode","sfx/boat_hatch_01.ogg",70,70,90,110,1,3,,,,,,,,,,
"sound_boat_battle_enemy_tower_explode","sfx/boat_elixir_explo_01.ogg",70,70,98,102,1,3,,,,,,,,,,
"sound_boat_battle_enemy_tower_fire","sfx/boat_tower_fire_01.ogg",50,60,90,110,1,12,,,,,,,,,,
"sound_boat_battle_enemy_elixir_drop_land","sfx/boat_elixir_land_01.ogg",70,70,100,100,1,3,,,,,,,,,,
"sound_cw2_map_finish_line","sfx/boat_fireworks_01.ogg",70,80,95,105,1,5,,,,,,,,,,
"sound_boat_pve_start","sfx/boat_pve_start_01.ogg",90,90,100,100,1,3,,,,,,,,,,
"sound_boat_pve_bonustime_jingle","sfx/boat_bonustime_jingle_01.ogg",90,90,100,100,1,3,,,,,,,,,,
"sound_boat_battle_elixir_fly","sfx/boat_tower_elixir_fly_01.ogg",50,60,90,110,1,12,,,,,,,,,,
"sound_boat_finish_line_jingle","sfx/boat_finish_line_01.ogg",70,70,100,100,1,3,,,,,,,,,,
"sound_electro_giant_deploy","sfx/elec_giant_dep_01.ogg",90,90,100,100,1,2,,,,,,,,,,
"sound_electro_giant_deploy_vo","sfx/giant_skelly_dep_vo_01.ogg",1,1,98,102,1,2,,,,,600,600,,,,
"sound_electro_giant_steps","sfx/elec_giant_step_01.ogg",40,60,95,105,1,2,,,,,,,,,,
"sound_electro_giant_attack_start","sfx/elec_giant_atk_01.ogg",65,80,98,102,1,1,,,,,,,,,,
,"sfx/elec_giant_atk_02.ogg",65,80,98,102,1,1,,,,,,,,,,
,"sfx/elec_giant_atk_03.ogg",65,80,98,102,1,1,,,,,,,,,,
"sound_electro_giant_hit","sfx/elec_giant_hit_01.ogg",60,70,95,105,1,2,,,,,,,,,,
"sound_electro_giant_zap_hit","sfx/zap_02.ogg",10,13,155,165,1,4,150,,,,,,,,,
"sound_electro_giant_die","sfx/npc_die_02.ogg",1,1,97,103,1,5,,,,,,,,,,
"sound_electrospirit_deploy","sfx/electro_spirit_dep_01.ogg",60,60,98,102,1,3,,,,,,,,,,
"sound_electrospirit_steps","sfx/elec_spirit_step_01.ogg",15,20,94,106,1,2,300,,,,,,,,,
,"sfx/elec_spirit_step_02.ogg",15,20,94,106,1,2,,,,,,,,,,
"sound_electrospirit_steps_vo","sfx/dummy_01.ogg",20,25,94,106,1,1,500,,,,,,,,,
,"sfx/dummy_01.ogg",1,1,100,100,2,1,,,,,,,,,,
,"sfx/dummy_01.ogg",20,25,94,106,1,1,500,,,,,,,,,
,"sfx/dummy_01.ogg",1,1,100,100,2,1,,,,,,,,,,
"sound_electrospirit_attack","sfx/elec_spirit_atk_vo_01.ogg",40,40,98,102,1,1,,,,,,,,,,
,"sfx/elec_spirit_atk_vo_02.ogg",40,40,98,102,1,1,,,,,,,,,,
"sound_electrospirit_ray","sfx/tesla_zap_01.ogg",1,1,98,102,1,1,,,,,,,,,,
"sound_electrospirit_hit","sfx/zap_02.ogg",40,40,96,103,1,5,,,,,,,,,,
"sound_electrospirit_die","sfx/dummy_01.ogg",1,1,98,102,1,1,,,,,,,,,,
"sound_motherwitch_deploy","sfx/summon_witch_01.ogg",70,70,100,100,1,3,,,,,,,,,,
"sound_motherwitch_deploy_vo","sfx/swamphag_dep_vo_01.ogg",60,60,98,102,1,3,,,,,1000,1000,,,,
,"sfx/swamphag_dep_vo_02.ogg",60,60,98,102,1,3,,,,,1000,1000,,,,
,"sfx/swamphag_dep_vo_03.ogg",60,60,98,102,1,3,,,,,1000,1000,,,,
,"sfx/swamphag_dep_vo_04.ogg",60,60,98,102,1,3,,,,,1000,1000,,,,
"sound_motherwitch_steps","sfx/witch_step_01.ogg",10,20,94,106,2,2,500,,,,,,,,,
"sound_motherwitch_attack_start","sfx/witch_attack_02.ogg",35,45,101,99,1,3,,,,,,,,,,
"sound_motherwitch_attack_start_vo","sfx/swamphag_atk_vo_01.ogg",50,50,98,102,1,3,5000,,,,,,,,,
,"sfx/swamphag_atk_vo_02.ogg",50,50,98,102,1,3,5000,,,,,,,,,
,"sfx/dummy_01.ogg",1,1,98,102,1,1,5000,,,,,,,,,
,"sfx/swamphag_atk_vo_03.ogg",50,50,98,102,1,3,5000,,,,,,,,,
,"sfx/swamphag_atk_vo_04.ogg",50,50,98,102,1,3,5000,,,,,,,,,
,"sfx/dummy_01.ogg",1,1,98,102,1,1,5000,,,,,,,,,
"sound_motherwitch_hit","sfx/knight_attack_hack_01.ogg",60,80,98,102,1,3,,,,,,,,,,
"sound_motherwitch_die","sfx/npc_die_02.ogg",1,1,97,103,1,5,,,,,,,,,,
"sound_mow_hog_deploy","sfx/sh_hog_dep_01.ogg",70,70,90,110,1,1,500,,,,,,,,,
"sound_mow_hog_deploy_end","sfx/dummy_01.ogg",1,1,100,100,1,1,9000,,,,1000,1000,,,,
"sound_mow_hog_steps","sfx/hogrider_step_01.ogg",20,25,120,130,1,2,200,,,,,,,,,
"sound_mow_hog_attack_start","sfx/hog_atk_01.ogg",50,55,98,105,1,3,200,,,,250,250,,,,
,"sfx/hog_atk_02.ogg",50,55,98,105,1,3,200,,,,,,,,,
,"sfx/hog_atk_03.ogg",50,55,98,105,1,3,200,,,,,,,,,
"sound_mow_hog_hit","sfx/footman_attack_hit_03.ogg",20,30,120,130,1,1,200,,,,,,,,,
"sound_mow_hog_die","sfx/npc_die_02.ogg",1,1,97,103,1,5,,,,,,,,,,
"sound_mow_hog_landing","sfx/boulder_impact_01.ogg",70,70,98,102,1,1,,,,,,,,,,
"sound_goldCoin_used","sfx/meta_coin_use_01.ogg",70,70,98,102,1,2,,,,,,,,,,
"sound_keyOpen_start","sfx/meta_keyopen_start_01.ogg",70,70,100,100,1,2,,,,,,,,,,
"sound_useBook_start","sfx/meta_book_use_01.ogg",80,80,100,100,1,2,,,,,,,,,,
"sound_useWildcards_start","sfx/meta_use_wildcard_01.ogg",70,70,100,100,1,2,,,,,,,,,,
"sound_wildcard_explode_legendary","sfx/reward_wildcard_explo_01.ogg",70,70,100,100,1,2,,,,,,,,,,
"sound_wildcard_explode_epic","sfx/reward_wildcard_explo_01.ogg",70,70,100,100,1,2,,,,,,,,,,
"sound_wildcard_explode_rare","sfx/reward_wildcard_explo_01.ogg",70,70,100,100,1,2,,,,,,,,,,
"sound_wildcard_explode_common","sfx/reward_wildcard_explo_01.ogg",70,70,100,100,1,2,,,,,,,,,,
"sound_reward_appear_wildcard_legendary","sfx/reward_wildcard_leg_01.ogg",90,90,100,100,1,2,,,,,,,,,,
"sound_reward_appear_wildcard_epic","sfx/reward_wildcard_epic_01.ogg",80,80,100,100,1,2,,,,,,,,,,
"sound_reward_appear_wildcard_rare","sfx/reward_wildcard_rare_01.ogg",70,70,100,100,1,2,,,,,,,,,,
"sound_reward_appear_wildcard_common","sfx/reward_wildcard_common_01.ogg",70,70,100,100,1,2,,,,,,,,,,
"sound_reward_appear_book_of_books","sfx/reward_wildcard_leg_01.ogg",90,90,100,100,1,2,,,,,,,,,,
"sound_reward_appear_book_legendary","sfx/reward_book_leg_01.ogg",90,90,100,100,1,2,,,,,80,80,,,,
"sound_reward_appear_book_epic","sfx/reward_book_epic_01.ogg",80,80,100,100,1,2,,,,,80,80,,,,
"sound_reward_appear_book_rare","sfx/reward_book_rare_01.ogg",70,70,100,100,1,2,,,,,80,80,,,,
"sound_reward_appear_book_common","sfx/reward_book_common_01.ogg",70,70,100,100,1,2,,,,,80,80,,,,
"sound_wildcard_openChest_get_common","sfx/wildcard_chest_common_01.ogg",70,70,100,100,1,2,,,,,,,,,,
"sound_wildcard_openChest_get_epic","sfx/wildcard_chest_epic_01.ogg",80,80,100,100,1,2,,,,,,,,,,
"sound_wildcard_openChest_get_legendary","sfx/wildcard_chest_leg_01.ogg",90,90,100,100,1,2,,,,,,,,,,
"sound_wildcard_openChest_get_rare","sfx/wildcard_chest_rare_01.ogg",70,70,100,100,1,2,,,,,,,,,,
"sound_wildcard_openChest_loop_common","sfx/get_card_comon_01.ogg",70,70,100,100,1,2,,,,,,,,,,
"sound_wildcard_openChest_loop_epic","sfx/get_card_rare_01.ogg",70,70,100,100,1,2,,,,,,,,,,
"sound_wildcard_openChest_loop_legendary","sfx/new_leg_reveal_01.ogg",70,70,100,100,1,2,,,,,,,,,,
"sound_wildcard_openChest_loop_rare","sfx/get_card_rare_01.ogg",70,70,100,100,1,2,,,,,,,,,,
"sound_goblin_drill_deploy","sfx/gob_drill_down_01.ogg",90,90,100,100,1,1,,,,,,,,,,
"sound_goblin_drill_deploy_up","sfx/gob_drill_up_02.ogg",90,90,100,100,1,1,,,,,,,,,,
"sound_goblin_drill_deploy_vo","sfx/miner_up_vo_01.ogg",1,1,97,103,1,3,,,,,200,1100,,,,
"sound_goblin_drill_die","sfx/boulder_impact_01.ogg",80,90,95,105,1,2,,,,,,,,,,
"sound_goblin_drill_travel_effect","sfx/gob_drill_loop_01.ogg",80,80,100,100,1,1,,"TRUE",,,,,,,,
"Kitchen_Arena_Jingle","sfx/royale_kitchen_jingle_01.ogg",90,90,100,100,1,1,,,,,,,,,,
"Golden_Knight_Deploy","sfx/golden_knight_deploy_01.ogg",90,90,100,100,1,1,,,,,,,,,,
"Golden_Knight_Dash","sfx/golden_knight_dash_01.ogg",90,90,100,100,1,1,,,,,,,,,,
"Golden_Knight_Die","sfx/golden_knight_die_01.ogg",90,90,100,100,1,1,,,,,,,,,,
"Skele_King_Deploy","sfx/skele_king_deploy_01.ogg",90,90,100,100,1,1,,,,,,,,,,
"Skele_King_Die","sfx/skele_king_die_01.ogg",90,90,100,100,1,1,,,,,,,,,,
"Skele_King_Summon","sfx/skele_king_summon_01.ogg",90,90,100,100,1,1,,,,,,,,,,
"Skele_King_Atk","sfx/skele_king_atk_01.ogg",70,90,95,105,1,3,200,,,,,,,,,
"Skele_King_Atk_Hit","sfx/skele_king_atk_hit_01.ogg",50,60,90,110,1,1,200,,,,,,,,,
"Archer_queen_Invis","sfx/archer_queen_invis_01.ogg",80,80,100,100,1,1,,,,,,,,,,
"Archer_queen_atk","sfx/aq_fire_01.ogg",40,60,95,105,1,10,100,,,,,,,,,
,"sfx/aq_fire_02.ogg",40,60,95,105,1,10,100,,,,,,,,,
"Archer_queen_dep","sfx/aq_dep_sfx_02.ogg",80,80,100,100,1,1,300,,,,,,,,,
"Archer_queen_die","sfx/archer_queen_die_01.ogg",80,80,100,100,1,1,300,,,,,,,,,
"Golden_Knight_Atk","sfx/goldenknight_atk_01.ogg",60,80,95,105,1,1,300,,,,,,,,,
,"sfx/goldenknight_atk_02.ogg",60,80,95,105,1,1,300,,,,,,,,,
,"sfx/goldenknight_atk_03.ogg",60,80,95,105,1,1,300,,,,,,,,,
"Golden_Knight_Hit","sfx/golden_knight_atk_hit_01.ogg",40,60,90,110,1,1,300,,,,,,,,,
"sound_ability_button_ready","sfx/ulti_button_ready_01.ogg",60,60,100,100,1,2,,,,,,,,,,
"sound_ability_button_press","sfx/ulti_button_press_01.ogg",70,70,100,100,1,2,,,,,,,,,,
"Get_Champion_Card_Chest","sfx/champion_card_get_chest_01.ogg",80,80,100,100,1,1,,,,,,,,,,
"Archer_queen_hit","sfx/archer_queen_impact_01.ogg",30,50,90,110,1,3,200,,,,,,,,,
"Mighty_Miner_Deploy","sfx/mighty_miner_deploy_01.ogg",100,100,100,100,1,3,,,,,,,,,,
"Mighty_Miner_Atk_Loop","sfx/mighty_miner_atk_loop_01.ogg",30,30,80,80,1,3,,"TRUE",,,,,,,,
"Mighty_Miner_Atk_2_Loop","sfx/mighty_miner_atk_loop_01.ogg",40,40,130,130,1,3,,"TRUE",,,,,,,,
"Mighty_Miner_Atk_3_Loop","sfx/mighty_miner_atk_loop_01.ogg",60,60,180,180,1,3,,"TRUE",,,,,,,,
"Mighty_Miner_Dig_Loop","sfx/mighty_miner_dig_loop_01.ogg",70,70,100,100,1,1,,"TRUE",,,,,,,,
"Mighty_Miner_Ability","sfx/mighty_miner_ability_sfx_01.ogg",90,90,100,100,1,1,,,,,,,,,,
"Mighty_Miner_Die","sfx/mighty_miner_die_sfx_02.ogg",90,90,95,105,1,1,,,,,,,,,,
"Mighty_Miner_Footstep","sfx/mighty_miner_footstep_01.ogg",25,35,90,110,2,2,300,,,,,,,,,
"Mighty_Miner_Vo_2","sfx/mighty_miner_vo_02.ogg",50,60,95,105,1,1,2000,,,,,,,,,
"Mighty_Miner_Atk_1_Hit","sfx/might_miner_atk_1_hit.ogg",70,70,95,105,1,1,200,,,,,,,,,
"Mighty_Miner_Atk_2_Hit","sfx/might_miner_atk_2_hit.ogg",80,80,95,105,1,1,200,,,,,,,,,
"Mighty_Miner_Atk_3_Hit","sfx/might_miner_atk_3_hit.ogg",90,90,95,105,1,1,200,,,,,,,,,
"Mighty_Miner_Atk_2_VO","sfx/mighty_miner_atk_vo_01.ogg",90,90,100,100,1,1,300,,,,,,,,,
"Mighty_Miner_Atk_3_VO","sfx/mighty_miner_atk_vo_02.ogg",90,90,100,100,1,1,300,,,,,,,,,
"sound_badge_collect","sfx/mastery_badge_collect_01.ogg",80,80,100,100,1,1,300,,,,,,,,,
"sound_badge_upgrade","sfx/mastery_badge_upgrade_01.ogg",80,80,100,100,1,1,300,,,,,,,,,
"sound_MightyMiner_bomb_die","sfx/explosion_01.ogg",50,50,110,120,1,3,,,,,,,,,,
"sound_MightyMiner_bomb_deploy","sfx/bomb_drop_01.ogg",1,1,100,100,1,1,,,,,,,,,,
"Mastery_Badges_Menu_Drop_Down","sfx/mastery_badges_appear_from_top_01.ogg",60,60,100,100,1,3,300,,,,,,,,,
"Mastery_Badges_Menu_Drop_Down_Tick","sfx/mastery_badges_appear_from_top_green_tick_01.ogg",50,50,100,100,1,3,,,,,,,,,,
"Mastery_Badges_Menu_Go_Up","sfx/mastery_badges_go_back_up_01.ogg",60,60,100,100,1,3,300,,,,,,,,,
"Miner_Arena_Jingle","sfx/mining_arena_jingle_01.ogg",90,90,100,100,1,3,300,,,,,,,,,
"Banner_Sfx","sfx/banner_sfx_01.ogg",80,80,100,100,1,3,300,,,,,,,,,
"Get_Banner_Saga_Box","sfx/get_banner_box_01.ogg",80,80,100,100,1,3,300,,,,,,,,,
"Get_Banner_Only_No_Box","sfx/get_banner_only_01.ogg",80,80,100,100,1,3,300,,,,,,,,,
"Pancake_Arena_Jingle","sfx/pancakes_arena_jingle_01.ogg",90,90,100,100,1,1,300,,,,,,,,,
"pancake_explo","sfx/pancake_explo_01.ogg",70,70,95,105,1,3,300,,,,,,,,,
"pancake_drop","sfx/pancake_drop_01.ogg",70,70,100,100,1,3,,,,,,,,,,
